<?xml version="1.0" encoding="utf-8"?>
<COLLADA xmlns="http://www.collada.org/2005/11/COLLADASchema" version="1.4.1">
  <asset>
    <contributor>
      <author>Mixamo</author>
      <authoring_tool>COLLADA Mixamo exporter</authoring_tool>
      <comments/>
    </contributor>
    <created>2025-09-14T10:08:32Z</created>
    <modified>2025-09-14T10:08:32Z</modified>
    <revision/>
    <title/>
    <unit meter="0.010000"/>
    <up_axis>Y_UP</up_axis>
  </asset>
  <library_animations>
    <animation id="mixamorig_Hips-anim" name="mixamorig_Hips">
      <source id="mixamorig_Hips-Matrix-animation-input">
        <float_array id="mixamorig_Hips-Matrix-animation-input-array" count="22">

0.000000 0.033333 0.066667 0.100000 0.133333 0.166667 0.200000 0.233333 0.266667 0.300000 0.333333 0.366667 0.400000 0.433333 0.466667 0.500000
0.533333 0.566667 0.600000 0.633333 0.666667 0.700000</float_array>
        <technique_common>
          <accessor source="#mixamorig_Hips-Matrix-animation-input-array" count="22">
            <param name="TIME" type="float"/>
          </accessor>
        </technique_common>
      </source>
      <source id="mixamorig_Hips-Matrix-animation-output-transform">
        <float_array id="mixamorig_Hips-Matrix-animation-output-transform-array" count="352">

0.994832 0.089199 -0.048513 0.122579 -0.086713 0.994920 0.051138 102.058479 0.052828 -0.046668 0.997513 2.284494 0.000000 0.000000 0.000000 1.000000
0.996770 0.046949 -0.065150 0.284839 -0.043775 0.997823 0.049316 105.459641 0.067324 -0.046305 0.996656 5.349080 0.000000 0.000000 0.000000 1.000000
0.997615 0.019451 -0.066231 -0.318253 -0.017363 0.999339 0.031952 109.120422 0.066809 -0.030726 0.997293 6.659938 0.000000 0.000000 0.000000 1.000000
0.998170 0.005581 -0.060210 -1.113121 -0.005285 0.999973 0.005070 111.763947 0.060237 -0.004743 0.998173 5.678474 0.000000 0.000000 0.000000 1.000000
0.998186 -0.020233 -0.056702 -1.607011 0.020314 0.999793 0.000859 113.066994 0.056673 -0.002009 0.998391 3.385324 0.000000 0.000000 0.000000 1.000000
0.997652 -0.043180 -0.053170 -1.737041 0.044671 0.998632 0.027195 112.302101 0.051923 -0.029506 0.998215 1.162778 0.000000 0.000000 0.000000 1.000000
0.997438 -0.052664 -0.048407 -1.871111 0.055314 0.996945 0.055140 108.869583 0.045356 -0.057676 0.997305 -0.274767 0.000000 0.000000 0.000000 1.000000
0.995628 -0.084615 -0.039558 -1.869976 0.087039 0.994134 0.064207 104.700012 0.033894 -0.067369 0.997152 -2.187069 0.000000 0.000000 0.000000 1.000000
0.990498 -0.136970 -0.012380 -1.893060 0.137396 0.989469 0.045544 101.232895 0.006011 -0.046812 0.998886 -2.675327 0.000000 0.000000 0.000000 1.000000
0.988731 -0.146771 0.029471 -2.171500 0.145387 0.988368 0.044636 99.617554 -0.035679 -0.039849 0.998569 -1.072006 0.000000 0.000000 0.000000 1.000000
0.986748 -0.137629 0.085940 -2.267031 0.135151 0.990240 0.034045 100.349403 -0.089787 -0.021979 0.995718 2.238561 0.000000 0.000000 0.000000 1.000000
0.986210 -0.114621 0.119379 -2.131638 0.113403 0.993404 0.016968 102.872948 -0.120537 -0.003196 0.992704 5.616765 0.000000 0.000000 0.000000 1.000000
0.989400 -0.078681 0.122050 -1.435839 0.078470 0.996895 0.006542 107.091698 -0.122186 0.003105 0.992502 7.154249 0.000000 0.000000 0.000000 1.000000
0.992910 -0.045920 0.109637 -0.700751 0.046802 0.998889 -0.005487 110.766190 -0.109263 0.010579 0.993957 6.982100 0.000000 0.000000 0.000000 1.000000
0.993877 -0.012778 0.109752 -0.279596 0.015908 0.999490 -0.027689 113.495674 -0.109342 0.029266 0.993573 4.922759 0.000000 0.000000 0.000000 1.000000
0.992724 0.008329 0.120121 -0.098565 -0.005891 0.999770 -0.020639 113.684052 -0.120266 0.019781 0.992545 2.686595 0.000000 0.000000 0.000000 1.000000
0.993426 0.007006 0.114259 -0.174806 -0.008811 0.999844 0.015301 111.800758 -0.114134 -0.016207 0.993333 0.726462 0.000000 0.000000 0.000000 1.000000
0.996207 0.006984 0.086734 -0.462309 -0.011340 0.998693 0.049830 108.043373 -0.086272 -0.050625 0.994985 -1.189479 0.000000 0.000000 0.000000 1.000000
0.996977 0.053780 0.056070 -0.926941 -0.057419 0.996203 0.065436 103.893684 -0.052338 -0.068458 0.996280 -2.270247 0.000000 0.000000 0.000000 1.000000
0.995694 0.090807 0.018641 -0.903151 -0.091747 0.994091 0.058011 101.035507 -0.013263 -0.059471 0.998142 -2.411954 0.000000 0.000000 0.000000 1.000000
0.993668 0.111261 -0.015634 -0.246305 -0.110410 0.992749 0.047526 100.476044 0.020809 -0.045499 0.998748 -0.714000 0.000000 0.000000 0.000000 1.000000
0.994832 0.089200 -0.048502 0.121603 -0.086715 0.994920 0.051138 102.058815 0.052817 -0.046668 0.997513 2.285347 0.000000 0.000000 0.000000 1.000000</float_array>
        <technique_common>
          <accessor source="#mixamorig_Hips-Matrix-animation-output-transform-array" count="22" stride="16">
            <param type="float4x4"/>
          </accessor>
        </technique_common>
      </source>
      <source id="mixamorig_Hips-Interpolations">
        <Name_array id="mixamorig_Hips-Interpolations-array" count="22">
 LINEAR LINEAR LINEAR LINEAR LINEAR LINEAR LINEAR LINEAR LINEAR LINEAR LINEAR
LINEAR LINEAR LINEAR LINEAR LINEAR LINEAR LINEAR LINEAR LINEAR LINEAR LINEAR</Name_array>
        <technique_common>
          <accessor source="#mixamorig_Hips-Interpolations-array" count="22">
            <param type="name"/>
          </accessor>
        </technique_common>
      </source>
      <sampler id="mixamorig_Hips-Matrix-animation-transform">
        <input semantic="INPUT" source="#mixamorig_Hips-Matrix-animation-input"/>
        <input semantic="OUTPUT" source="#mixamorig_Hips-Matrix-animation-output-transform"/>
        <input semantic="INTERPOLATION" source="#mixamorig_Hips-Interpolations"/>
      </sampler>
      <channel source="#mixamorig_Hips-Matrix-animation-transform" target="mixamorig_Hips/matrix"/>
    </animation>
    <animation id="mixamorig_Spine-anim" name="mixamorig_Spine">
      <source id="mixamorig_Spine-Matrix-animation-input">
        <float_array id="mixamorig_Spine-Matrix-animation-input-array" count="22">

0.000000 0.033333 0.066667 0.100000 0.133333 0.166667 0.200000 0.233333 0.266667 0.300000 0.333333 0.366667 0.400000 0.433333 0.466667 0.500000
0.533333 0.566667 0.600000 0.633333 0.666667 0.700000</float_array>
        <technique_common>
          <accessor source="#mixamorig_Spine-Matrix-animation-input-array" count="22">
            <param name="TIME" type="float"/>
          </accessor>
        </technique_common>
      </source>
      <source id="mixamorig_Spine-Matrix-animation-output-transform">
        <float_array id="mixamorig_Spine-Matrix-animation-output-transform-array" count="352">

0.979959 -0.103119 0.170431 0.072000 0.115535 0.991201 -0.064590 7.257300 -0.162271 0.082986 0.983250 -0.789700 0.000000 0.000000 0.000000 1.000000
0.969774 -0.050497 0.238721 0.072000 0.064350 0.996644 -0.050591 7.257300 -0.235366 0.064424 0.969769 -0.789700 0.000000 0.000000 0.000000 1.000000
0.962455 -0.021938 0.270553 0.072000 0.020361 0.999755 0.008634 7.257300 -0.270676 -0.002801 0.962666 -0.789700 0.000000 0.000000 0.000000 1.000000
0.958886 -0.003741 0.283766 0.072000 -0.018841 0.996868 0.076807 7.257300 -0.283165 -0.078995 0.955812 -0.789700 0.000000 0.000000 0.000000 1.000000
0.957663 0.030347 0.286286 0.072000 -0.059674 0.993756 0.094277 7.257300 -0.281638 -0.107369 0.953495 -0.789700 0.000000 0.000000 0.000000 1.000000
0.962618 0.069557 0.261779 0.072000 -0.087588 0.994476 0.057839 7.257300 -0.256310 -0.078606 0.963393 -0.789700 0.000000 0.000000 0.000000 1.000000
0.971497 0.110571 0.209682 0.072000 -0.113122 0.993581 0.000172 7.257300 -0.208317 -0.023886 0.977770 -0.789700 0.000000 0.000000 0.000000 1.000000
0.972455 0.179037 0.149257 0.072000 -0.165525 0.981264 -0.098601 7.257300 -0.164114 0.071179 0.983870 -0.789700 0.000000 0.000000 0.000000 1.000000
0.965392 0.254162 0.058486 0.072000 -0.251122 0.966413 -0.054617 7.257300 -0.070403 0.038039 0.996793 -0.789700 0.000000 0.000000 0.000000 1.000000
0.964088 0.263399 -0.033976 0.072000 -0.264819 0.963108 -0.047901 7.257300 0.020106 0.055179 0.998274 -0.789700 0.000000 0.000000 0.000000 1.000000
0.955118 0.265518 -0.131342 0.072000 -0.268247 0.963345 -0.003218 7.257300 0.125673 0.038306 0.991332 -0.789700 0.000000 0.000000 0.000000 1.000000
0.953233 0.234429 -0.190761 0.072000 -0.229317 0.972129 0.048766 7.257300 0.196876 -0.002741 0.980424 -0.789700 0.000000 0.000000 0.000000 1.000000
0.957545 0.185733 -0.220480 0.072000 -0.168429 0.981124 0.095016 7.257300 0.233965 -0.053847 0.970753 -0.789700 0.000000 0.000000 0.000000 1.000000
0.961803 0.143452 -0.233145 0.072000 -0.114494 0.984429 0.133382 7.257300 0.248648 -0.101593 0.963251 -0.789700 0.000000 0.000000 0.000000 1.000000
0.963494 0.113389 -0.242532 0.072000 -0.074391 0.983598 0.164322 7.257300 0.257186 -0.140281 0.956126 -0.789700 0.000000 0.000000 0.000000 1.000000
0.965468 0.091765 -0.243826 0.072000 -0.051292 0.984547 0.167440 7.257300 0.255423 -0.149152 0.955255 -0.789700 0.000000 0.000000 0.000000 1.000000
0.974074 0.073279 -0.214032 0.072000 -0.050427 0.992613 0.110351 7.257300 0.220538 -0.096697 0.970574 -0.789700 0.000000 0.000000 0.000000 1.000000
0.987762 0.031107 -0.152834 0.072000 -0.032237 0.999468 -0.004918 7.257300 0.152600 0.009785 0.988240 -0.789700 0.000000 0.000000 0.000000 1.000000
0.994624 -0.062063 -0.082892 0.072000 0.059805 0.997775 -0.029455 7.257300 0.084536 0.024340 0.996123 -0.789700 0.000000 0.000000 0.000000 1.000000
0.993222 -0.116074 -0.006071 0.072000 0.115755 0.992520 -0.038790 7.257300 0.010528 0.037825 0.999229 -0.789700 0.000000 0.000000 0.000000 1.000000
0.986991 -0.139468 0.079984 0.072000 0.144084 0.988028 -0.055148 7.257300 -0.071335 0.065955 0.995269 -0.789700 0.000000 0.000000 0.000000 1.000000
0.979961 -0.103121 0.170421 0.072000 0.115536 0.991201 -0.064591 7.257300 -0.162261 0.082986 0.983252 -0.789700 0.000000 0.000000 0.000000 1.000000</float_array>
        <technique_common>
          <accessor source="#mixamorig_Spine-Matrix-animation-output-transform-array" count="22" stride="16">
            <param type="float4x4"/>
          </accessor>
        </technique_common>
      </source>
      <source id="mixamorig_Spine-Interpolations">
        <Name_array id="mixamorig_Spine-Interpolations-array" count="22">
 LINEAR LINEAR LINEAR LINEAR LINEAR LINEAR LINEAR LINEAR LINEAR LINEAR LINEAR
LINEAR LINEAR LINEAR LINEAR LINEAR LINEAR LINEAR LINEAR LINEAR LINEAR LINEAR</Name_array>
        <technique_common>
          <accessor source="#mixamorig_Spine-Interpolations-array" count="22">
            <param type="name"/>
          </accessor>
        </technique_common>
      </source>
      <sampler id="mixamorig_Spine-Matrix-animation-transform">
        <input semantic="INPUT" source="#mixamorig_Spine-Matrix-animation-input"/>
        <input semantic="OUTPUT" source="#mixamorig_Spine-Matrix-animation-output-transform"/>
        <input semantic="INTERPOLATION" source="#mixamorig_Spine-Interpolations"/>
      </sampler>
      <channel source="#mixamorig_Spine-Matrix-animation-transform" target="mixamorig_Spine/matrix"/>
    </animation>
    <animation id="mixamorig_Spine1-anim" name="mixamorig_Spine1">
      <source id="mixamorig_Spine1-Matrix-animation-input">
        <float_array id="mixamorig_Spine1-Matrix-animation-input-array" count="22">

0.000000 0.033333 0.066667 0.100000 0.133333 0.166667 0.200000 0.233333 0.266667 0.300000 0.333333 0.366667 0.400000 0.433333 0.466667 0.500000
0.533333 0.566667 0.600000 0.633333 0.666667 0.700000</float_array>
        <technique_common>
          <accessor source="#mixamorig_Spine1-Matrix-animation-input-array" count="22">
            <param name="TIME" type="float"/>
          </accessor>
        </technique_common>
      </source>
      <source id="mixamorig_Spine1-Matrix-animation-output-transform">
        <float_array id="mixamorig_Spine1-Matrix-animation-output-transform-array" count="352">

0.999720 -0.001107 0.023632 0.000000 0.001291 0.999969 -0.007762 8.558700 -0.023623 0.007790 0.999691 0.000000 0.000000 0.000000 0.000000 1.000000
0.999472 -0.009075 0.031198 0.000000 0.009200 0.999950 -0.003869 8.558700 -0.031161 0.004154 0.999506 0.000000 0.000000 0.000000 0.000000 1.000000
0.999340 -0.009578 0.035034 0.000000 0.010432 0.999651 -0.024264 8.558700 -0.034790 0.024613 0.999092 0.000000 0.000000 0.000000 0.000000 1.000000
0.999245 -0.015443 0.035642 0.000000 0.016994 0.998903 -0.043638 8.558700 -0.034929 0.044210 0.998411 0.000000 0.000000 0.000000 0.000000 1.000000
0.999165 -0.022771 0.033911 0.000000 0.024589 0.998228 -0.054195 8.558700 -0.032617 0.054984 0.997954 0.000000 0.000000 0.000000 0.000000 1.000000
0.999202 -0.028121 0.028369 0.000000 0.029544 0.998258 -0.051075 8.558700 -0.026883 0.051872 0.998292 0.000000 0.000000 0.000000 0.000000 1.000000
0.999201 -0.034987 0.019337 0.000000 0.035675 0.998698 -0.036469 8.558700 -0.018036 0.037130 0.999148 0.000000 0.000000 0.000000 0.000000 1.000000
0.998962 -0.044461 0.009865 0.000000 0.044481 0.999009 -0.001844 8.558700 -0.009773 0.002281 0.999950 0.000000 0.000000 0.000000 0.000000 1.000000
0.998749 -0.049912 -0.003050 0.000000 0.049871 0.998681 -0.012207 8.558700 0.003655 0.012040 0.999921 0.000000 0.000000 0.000000 0.000000 1.000000
0.998663 -0.049775 -0.013973 0.000000 0.049661 0.998731 -0.008370 8.558700 0.014372 0.007665 0.999867 0.000000 0.000000 0.000000 0.000000 1.000000
0.997490 -0.065105 -0.027853 0.000000 0.064523 0.997688 -0.021328 8.558700 0.029177 0.019477 0.999384 0.000000 0.000000 0.000000 0.000000 1.000000
0.997396 -0.063430 -0.034317 0.000000 0.062050 0.997275 -0.039904 8.558700 0.036755 0.037671 0.998614 0.000000 0.000000 0.000000 0.000000 1.000000
0.997595 -0.059208 -0.036028 0.000000 0.057056 0.996679 -0.058094 8.558700 0.039348 0.055899 0.997661 0.000000 0.000000 0.000000 0.000000 1.000000
0.997705 -0.057241 -0.036182 0.000000 0.054637 0.996101 -0.069260 8.558700 0.040005 0.067124 0.996942 0.000000 0.000000 0.000000 0.000000 1.000000
0.997365 -0.062477 -0.036862 0.000000 0.059499 0.995255 -0.076990 8.558700 0.041498 0.074594 0.996350 0.000000 0.000000 0.000000 0.000000 1.000000
0.996870 -0.070197 -0.036364 0.000000 0.067080 0.994470 -0.080812 8.558700 0.041835 0.078120 0.996066 0.000000 0.000000 0.000000 0.000000 1.000000
0.996802 -0.073374 -0.031651 0.000000 0.071274 0.995462 -0.063044 8.558700 0.036133 0.060587 0.997509 -0.000000 0.000000 0.000000 0.000000 1.000000
0.997927 -0.060196 -0.022778 0.000000 0.059911 0.998119 -0.012985 8.558700 0.023517 0.011593 0.999656 -0.000000 0.000000 0.000000 0.000000 1.000000
0.999733 -0.021651 -0.008010 0.000000 0.021371 0.999206 -0.033628 8.558700 0.008732 0.033448 0.999402 -0.000000 0.000000 0.000000 0.000000 1.000000
0.999993 -0.000358 0.003607 0.000000 0.000490 0.999333 -0.036516 8.558700 -0.003592 0.036517 0.999327 0.000000 0.000000 0.000000 0.000000 1.000000
0.999878 0.007150 0.013908 0.000000 -0.006826 0.999708 -0.023197 8.558700 -0.014070 0.023099 0.999634 -0.000000 0.000000 0.000000 0.000000 1.000000
0.999720 -0.001107 0.023632 0.000000 0.001291 0.999969 -0.007762 8.558700 -0.023623 0.007790 0.999691 0.000000 0.000000 0.000000 0.000000 1.000000</float_array>
        <technique_common>
          <accessor source="#mixamorig_Spine1-Matrix-animation-output-transform-array" count="22" stride="16">
            <param type="float4x4"/>
          </accessor>
        </technique_common>
      </source>
      <source id="mixamorig_Spine1-Interpolations">
        <Name_array id="mixamorig_Spine1-Interpolations-array" count="22">
 LINEAR LINEAR LINEAR LINEAR LINEAR LINEAR LINEAR LINEAR LINEAR LINEAR LINEAR
LINEAR LINEAR LINEAR LINEAR LINEAR LINEAR LINEAR LINEAR LINEAR LINEAR LINEAR</Name_array>
        <technique_common>
          <accessor source="#mixamorig_Spine1-Interpolations-array" count="22">
            <param type="name"/>
          </accessor>
        </technique_common>
      </source>
      <sampler id="mixamorig_Spine1-Matrix-animation-transform">
        <input semantic="INPUT" source="#mixamorig_Spine1-Matrix-animation-input"/>
        <input semantic="OUTPUT" source="#mixamorig_Spine1-Matrix-animation-output-transform"/>
        <input semantic="INTERPOLATION" source="#mixamorig_Spine1-Interpolations"/>
      </sampler>
      <channel source="#mixamorig_Spine1-Matrix-animation-transform" target="mixamorig_Spine1/matrix"/>
    </animation>
    <animation id="mixamorig_Spine2-anim" name="mixamorig_Spine2">
      <source id="mixamorig_Spine2-Matrix-animation-input">
        <float_array id="mixamorig_Spine2-Matrix-animation-input-array" count="22">

0.000000 0.033333 0.066667 0.100000 0.133333 0.166667 0.200000 0.233333 0.266667 0.300000 0.333333 0.366667 0.400000 0.433333 0.466667 0.500000
0.533333 0.566667 0.600000 0.633333 0.666667 0.700000</float_array>
        <technique_common>
          <accessor source="#mixamorig_Spine2-Matrix-animation-input-array" count="22">
            <param name="TIME" type="float"/>
          </accessor>
        </technique_common>
      </source>
      <source id="mixamorig_Spine2-Matrix-animation-output-transform">
        <float_array id="mixamorig_Spine2-Matrix-animation-output-transform-array" count="352">

0.999716 0.001410 0.023778 -0.000000 0.001035 0.994735 -0.102480 29.149500 -0.023797 0.102475 0.994451 1.721100 0.000000 0.000000 0.000000 1.000000
0.999468 -0.005625 0.032128 -0.000000 0.008755 0.995134 -0.098141 29.149500 -0.031420 0.098370 0.994654 1.721100 0.000000 0.000000 0.000000 1.000000
0.999331 -0.006438 0.035997 0.000000 0.010652 0.992940 -0.118141 29.149500 -0.034983 0.118445 0.992344 1.721100 0.000000 0.000000 0.000000 1.000000
0.999219 -0.013061 0.037291 0.000000 0.018064 0.990387 -0.137140 29.149500 -0.035141 0.137707 0.989849 1.721100 0.000000 0.000000 0.000000 1.000000
0.999117 -0.020957 0.036419 0.000000 0.026117 0.988712 -0.147536 29.149500 -0.032916 0.148357 0.988386 1.721100 0.000000 0.000000 0.000000 1.000000
0.999152 -0.026469 0.031541 -0.000000 0.030758 0.989047 -0.144359 29.149500 -0.027374 0.145206 0.989023 1.721100 0.000000 0.000000 0.000000 1.000000
0.999171 -0.033358 0.023345 0.000000 0.036115 0.990877 -0.129841 29.149500 -0.018801 0.130577 0.991260 1.721100 0.000000 0.000000 0.000000 1.000000
0.998961 -0.042997 0.015093 0.000000 0.044247 0.994434 -0.095623 29.149500 -0.010898 0.096191 0.995303 1.721100 0.000000 0.000000 0.000000 1.000000
0.998740 -0.050109 0.002908 0.000000 0.050133 0.993029 -0.106675 29.149500 0.002457 0.106686 0.994290 1.721100 0.000000 0.000000 0.000000 1.000000
0.998669 -0.050937 -0.008051 0.000000 0.049826 0.993324 -0.104040 29.149500 0.013297 0.103500 0.994541 1.721100 0.000000 0.000000 0.000000 1.000000
0.997556 -0.066869 -0.020274 0.000000 0.063986 0.990773 -0.119477 29.149500 0.028076 0.117888 0.992630 1.721100 0.000000 0.000000 0.000000 1.000000
0.997515 -0.065027 -0.027118 -0.000000 0.060586 0.988164 -0.140932 29.149500 0.035961 0.138939 0.989648 1.721100 0.000000 0.000000 0.000000 1.000000
0.997739 -0.060216 -0.029851 0.000000 0.054662 0.985459 -0.160882 29.149500 0.039105 0.158887 0.986522 1.721100 0.000000 0.000000 0.000000 1.000000
0.997850 -0.057867 -0.030784 0.000000 0.051723 0.983656 -0.172469 29.149500 0.040262 0.170506 0.984534 1.721100 0.000000 0.000000 0.000000 1.000000
0.997514 -0.063167 -0.031231 0.000000 0.056552 0.982042 -0.179985 29.149500 0.042039 0.177772 0.983173 1.721100 0.000000 0.000000 0.000000 1.000000
0.997027 -0.070969 -0.030023 0.000000 0.064334 0.981072 -0.182643 29.149500 0.042417 0.180169 0.982721 1.721100 0.000000 0.000000 0.000000 1.000000
0.996916 -0.074541 -0.024532 0.000000 0.069591 0.984231 -0.162621 29.149500 0.036267 0.160412 0.986384 1.721100 0.000000 0.000000 0.000000 1.000000
0.997938 -0.062101 -0.016209 0.000000 0.059954 0.992131 -0.109916 29.149500 0.022908 0.108717 0.993809 1.721100 0.000000 0.000000 0.000000 1.000000
0.999727 -0.022651 -0.005734 0.000000 0.021728 0.991486 -0.128391 29.149500 0.008594 0.128232 0.991707 1.721100 0.000000 0.000000 0.000000 1.000000
0.999994 -0.000384 0.003567 0.000000 0.000848 0.991392 -0.130923 29.149500 -0.003486 0.130925 0.991386 1.721100 0.000000 0.000000 0.000000 1.000000
0.999879 0.008295 0.013197 0.000000 -0.006680 0.992988 -0.118030 29.149500 -0.014083 0.117927 0.992922 1.721100 0.000000 0.000000 0.000000 1.000000
0.999716 0.001410 0.023778 0.000000 0.001035 0.994735 -0.102480 29.149500 -0.023797 0.102475 0.994451 1.721100 0.000000 0.000000 0.000000 1.000000</float_array>
        <technique_common>
          <accessor source="#mixamorig_Spine2-Matrix-animation-output-transform-array" count="22" stride="16">
            <param type="float4x4"/>
          </accessor>
        </technique_common>
      </source>
      <source id="mixamorig_Spine2-Interpolations">
        <Name_array id="mixamorig_Spine2-Interpolations-array" count="22">
 LINEAR LINEAR LINEAR LINEAR LINEAR LINEAR LINEAR LINEAR LINEAR LINEAR LINEAR
LINEAR LINEAR LINEAR LINEAR LINEAR LINEAR LINEAR LINEAR LINEAR LINEAR LINEAR</Name_array>
        <technique_common>
          <accessor source="#mixamorig_Spine2-Interpolations-array" count="22">
            <param type="name"/>
          </accessor>
        </technique_common>
      </source>
      <sampler id="mixamorig_Spine2-Matrix-animation-transform">
        <input semantic="INPUT" source="#mixamorig_Spine2-Matrix-animation-input"/>
        <input semantic="OUTPUT" source="#mixamorig_Spine2-Matrix-animation-output-transform"/>
        <input semantic="INTERPOLATION" source="#mixamorig_Spine2-Interpolations"/>
      </sampler>
      <channel source="#mixamorig_Spine2-Matrix-animation-transform" target="mixamorig_Spine2/matrix"/>
    </animation>
    <animation id="mixamorig_Neck-anim" name="mixamorig_Neck">
      <source id="mixamorig_Neck-Matrix-animation-input">
        <float_array id="mixamorig_Neck-Matrix-animation-input-array" count="22">

0.000000 0.033333 0.066667 0.100000 0.133333 0.166667 0.200000 0.233333 0.266667 0.300000 0.333333 0.366667 0.400000 0.433333 0.466667 0.500000
0.533333 0.566667 0.600000 0.633333 0.666667 0.700000</float_array>
        <technique_common>
          <accessor source="#mixamorig_Neck-Matrix-animation-input-array" count="22">
            <param name="TIME" type="float"/>
          </accessor>
        </technique_common>
      </source>
      <source id="mixamorig_Neck-Matrix-animation-output-transform">
        <float_array id="mixamorig_Neck-Matrix-animation-output-transform-array" count="352">

0.998888 -0.023972 -0.040607 -0.000000 0.021453 0.997884 -0.061371 13.857900 0.041992 0.060431 0.997289 7.405300 0.000000 0.000000 0.000000 1.000000
0.998618 -0.005820 -0.052235 -0.000000 0.002037 0.997389 -0.072185 13.857900 0.052518 0.071978 0.996023 7.405300 0.000000 0.000000 0.000000 1.000000
0.998243 -0.010523 -0.058317 -0.000000 0.006588 0.997714 -0.067252 13.857900 0.058892 0.066749 0.996030 7.405300 0.000000 0.000000 0.000000 1.000000
0.998096 -0.003181 -0.061603 0.000000 -0.000274 0.998431 -0.055989 13.857900 0.061684 0.055899 0.996529 7.405300 0.000000 0.000000 0.000000 1.000000
0.997747 0.024286 -0.062542 0.000000 -0.027156 0.998597 -0.045452 13.857900 0.061351 0.047048 0.997007 7.405300 0.000000 0.000000 0.000000 1.000000
0.997227 0.046763 -0.057897 -0.000000 -0.049433 0.997737 -0.045570 13.857900 0.055635 0.048306 0.997282 7.405300 0.000000 0.000000 0.000000 1.000000
0.997571 0.047591 -0.050855 0.000000 -0.050048 0.997584 -0.048173 13.857900 0.048440 0.050601 0.997544 7.405300 0.000000 0.000000 0.000000 1.000000
0.998961 0.021876 -0.039992 -0.000000 -0.024137 0.998084 -0.056974 13.857900 0.038669 0.057880 0.997574 7.405300 0.000000 0.000000 0.000000 1.000000
0.999395 -0.019927 -0.028500 0.000000 0.018021 0.997681 -0.065639 13.857900 0.029742 0.065086 0.997436 7.405300 0.000000 0.000000 0.000000 1.000000
0.999217 -0.034144 -0.020005 -0.000000 0.032680 0.997051 -0.069432 13.857900 0.022317 0.068724 0.997386 7.405300 0.000000 0.000000 0.000000 1.000000
0.999698 -0.022198 -0.010550 -0.000000 0.021336 0.996901 -0.075717 13.857900 0.012198 0.075469 0.997074 7.405300 0.000000 0.000000 0.000000 1.000000
0.999825 -0.018236 -0.004231 0.000000 0.017899 0.997433 -0.069335 13.857900 0.005484 0.069247 0.997584 7.405300 0.000000 0.000000 0.000000 1.000000
0.999998 0.001445 0.001001 -0.000000 -0.001375 0.997807 -0.066175 13.857900 -0.001094 0.066174 0.997808 7.405300 0.000000 0.000000 0.000000 1.000000
0.999817 0.018331 0.005546 0.000000 -0.017950 0.997901 -0.062225 13.857900 -0.006675 0.062114 0.998047 7.405300 0.000000 0.000000 0.000000 1.000000
0.999581 0.027842 0.007888 -0.000000 -0.027303 0.997722 -0.061682 13.857900 -0.009588 0.061441 0.998065 7.405300 0.000000 0.000000 0.000000 1.000000
0.999005 0.044172 0.006145 0.000000 -0.043605 0.996360 -0.073247 13.857900 -0.009358 0.072906 0.997295 7.405300 0.000000 0.000000 0.000000 1.000000
0.998674 0.051477 0.000578 0.000000 -0.051218 0.994642 -0.089803 13.857900 -0.005198 0.089654 0.995959 7.405300 0.000000 0.000000 0.000000 1.000000
0.999234 0.038609 -0.006336 0.000000 -0.039059 0.993801 -0.104089 13.857900 0.002278 0.104256 0.994548 7.405300 0.000000 0.000000 0.000000 1.000000
0.999815 -0.013097 -0.014116 0.000000 0.012304 0.998416 -0.054895 13.857900 0.014813 0.054711 0.998392 7.405300 0.000000 0.000000 0.000000 1.000000
0.998415 -0.052403 -0.020528 -0.000000 0.051763 0.998191 -0.030581 13.857900 0.022093 0.029470 0.999321 7.405300 0.000000 0.000000 0.000000 1.000000
0.998194 -0.052671 -0.028872 0.000000 0.051697 0.998101 -0.033507 13.857900 0.030582 0.031954 0.999021 7.405300 0.000000 0.000000 0.000000 1.000000
0.998888 -0.023972 -0.040607 0.000000 0.021453 0.997884 -0.061372 13.857900 0.041992 0.060432 0.997289 7.405300 0.000000 0.000000 0.000000 1.000000</float_array>
        <technique_common>
          <accessor source="#mixamorig_Neck-Matrix-animation-output-transform-array" count="22" stride="16">
            <param type="float4x4"/>
          </accessor>
        </technique_common>
      </source>
      <source id="mixamorig_Neck-Interpolations">
        <Name_array id="mixamorig_Neck-Interpolations-array" count="22">
 LINEAR LINEAR LINEAR LINEAR LINEAR LINEAR LINEAR LINEAR LINEAR LINEAR LINEAR
LINEAR LINEAR LINEAR LINEAR LINEAR LINEAR LINEAR LINEAR LINEAR LINEAR LINEAR</Name_array>
        <technique_common>
          <accessor source="#mixamorig_Neck-Interpolations-array" count="22">
            <param type="name"/>
          </accessor>
        </technique_common>
      </source>
      <sampler id="mixamorig_Neck-Matrix-animation-transform">
        <input semantic="INPUT" source="#mixamorig_Neck-Matrix-animation-input"/>
        <input semantic="OUTPUT" source="#mixamorig_Neck-Matrix-animation-output-transform"/>
        <input semantic="INTERPOLATION" source="#mixamorig_Neck-Interpolations"/>
      </sampler>
      <channel source="#mixamorig_Neck-Matrix-animation-transform" target="mixamorig_Neck/matrix"/>
    </animation>
    <animation id="mixamorig_Head-anim" name="mixamorig_Head">
      <source id="mixamorig_Head-Matrix-animation-input">
        <float_array id="mixamorig_Head-Matrix-animation-input-array" count="22">

0.000000 0.033333 0.066667 0.100000 0.133333 0.166667 0.200000 0.233333 0.266667 0.300000 0.333333 0.366667 0.400000 0.433333 0.466667 0.500000
0.533333 0.566667 0.600000 0.633333 0.666667 0.700000</float_array>
        <technique_common>
          <accessor source="#mixamorig_Head-Matrix-animation-input-array" count="22">
            <param name="TIME" type="float"/>
          </accessor>
        </technique_common>
      </source>
      <source id="mixamorig_Head-Matrix-animation-output-transform">
        <float_array id="mixamorig_Head-Matrix-animation-output-transform-array" count="352">

0.995525 0.054983 -0.076850 -0.000000 -0.024846 0.936978 0.348505 8.198500 0.091168 -0.345036 0.934151 5.703100 0.000000 0.000000 0.000000 1.000000
0.990133 0.034835 -0.135729 0.000000 0.008269 0.952395 0.304753 8.198500 0.139883 -0.302869 0.942711 5.703100 0.000000 0.000000 0.000000 1.000000
0.986289 0.022505 -0.163485 -0.000000 0.025458 0.958050 0.285467 8.198500 0.163052 -0.285715 0.944342 5.703100 0.000000 0.000000 0.000000 1.000000
0.983571 0.016409 -0.179774 0.000000 0.034383 0.960601 0.275796 8.198500 0.177217 -0.277446 0.944255 5.703100 0.000000 0.000000 0.000000 1.000000
0.981694 0.004571 -0.190408 0.000000 0.049484 0.959262 0.278152 8.198500 0.183922 -0.282482 0.941476 5.703100 0.000000 0.000000 0.000000 1.000000
0.984461 -0.003654 -0.175566 0.000000 0.056635 0.952965 0.297743 8.198500 0.166220 -0.303060 0.938363 5.703100 0.000000 0.000000 0.000000 1.000000
0.989832 -0.000644 -0.142240 0.000000 0.045088 0.949841 0.309465 8.198500 0.134906 -0.312732 0.940212 5.703100 0.000000 0.000000 0.000000 1.000000
0.996289 0.009171 -0.085586 -0.000000 0.019841 0.943064 0.332018 8.198500 0.083758 -0.332484 0.939382 5.703100 0.000000 0.000000 0.000000 1.000000
0.999460 0.015752 -0.028836 0.000000 -0.004348 0.933287 0.359106 8.198500 0.032569 -0.358787 0.932851 5.703100 0.000000 0.000000 0.000000 1.000000
0.999281 0.031771 0.020691 0.000000 -0.036934 0.939031 0.341843 8.198500 -0.008568 -0.342361 0.939529 5.703100 0.000000 0.000000 0.000000 1.000000
0.996560 0.039437 0.072895 0.000000 -0.061766 0.939859 0.335932 8.198500 -0.055263 -0.339278 0.939061 5.703100 0.000000 0.000000 0.000000 1.000000
0.993243 0.039223 0.109221 0.000000 -0.072719 0.943824 0.322349 8.198500 -0.090442 -0.328114 0.940299 5.703100 0.000000 0.000000 0.000000 1.000000
0.990970 0.019372 0.132679 0.000000 -0.060788 0.946888 0.315767 8.198500 -0.119515 -0.320980 0.939515 5.703100 0.000000 0.000000 0.000000 1.000000
0.988231 0.009276 0.152691 0.000000 -0.057079 0.948431 0.311802 8.198500 -0.141924 -0.316848 0.937798 5.703100 0.000000 0.000000 0.000000 1.000000
0.986827 0.017019 0.160880 -0.000000 -0.066991 0.948172 0.310617 8.198500 -0.147255 -0.317302 0.936822 5.703100 0.000000 0.000000 0.000000 1.000000
0.988648 0.023692 0.148370 0.000000 -0.070528 0.945114 0.319039 8.198500 -0.132668 -0.325882 0.936056 5.703100 0.000000 0.000000 0.000000 1.000000
0.992334 0.035006 0.118523 0.000000 -0.072682 0.940965 0.330610 8.198500 -0.099952 -0.336690 0.936295 5.703100 0.000000 0.000000 0.000000 1.000000
0.995845 0.042646 0.080466 -0.000000 -0.067709 0.937603 0.341051 8.198500 -0.060901 -0.345082 0.936595 5.703100 0.000000 0.000000 0.000000 1.000000
0.996925 0.064973 0.043813 -0.000000 -0.076405 0.930156 0.359127 8.198500 -0.017419 -0.361370 0.932260 5.703100 0.000000 0.000000 0.000000 1.000000
0.996389 0.082245 0.021085 -0.000000 -0.084256 0.927156 0.365078 8.198500 0.010476 -0.365536 0.930738 5.703100 0.000000 0.000000 0.000000 1.000000
0.996969 0.075678 -0.018046 0.000000 -0.063743 0.927551 0.368219 8.198500 0.044605 -0.365953 0.929564 5.703100 0.000000 0.000000 0.000000 1.000000
0.995525 0.054983 -0.076850 0.000000 -0.024846 0.936977 0.348506 8.198500 0.091168 -0.345037 0.934151 5.703100 0.000000 0.000000 0.000000 1.000000</float_array>
        <technique_common>
          <accessor source="#mixamorig_Head-Matrix-animation-output-transform-array" count="22" stride="16">
            <param type="float4x4"/>
          </accessor>
        </technique_common>
      </source>
      <source id="mixamorig_Head-Interpolations">
        <Name_array id="mixamorig_Head-Interpolations-array" count="22">
 LINEAR LINEAR LINEAR LINEAR LINEAR LINEAR LINEAR LINEAR LINEAR LINEAR LINEAR
LINEAR LINEAR LINEAR LINEAR LINEAR LINEAR LINEAR LINEAR LINEAR LINEAR LINEAR</Name_array>
        <technique_common>
          <accessor source="#mixamorig_Head-Interpolations-array" count="22">
            <param type="name"/>
          </accessor>
        </technique_common>
      </source>
      <sampler id="mixamorig_Head-Matrix-animation-transform">
        <input semantic="INPUT" source="#mixamorig_Head-Matrix-animation-input"/>
        <input semantic="OUTPUT" source="#mixamorig_Head-Matrix-animation-output-transform"/>
        <input semantic="INTERPOLATION" source="#mixamorig_Head-Interpolations"/>
      </sampler>
      <channel source="#mixamorig_Head-Matrix-animation-transform" target="mixamorig_Head/matrix"/>
    </animation>
    <animation id="mixamorig_LeftShoulder-anim" name="mixamorig_LeftShoulder">
      <source id="mixamorig_LeftShoulder-Matrix-animation-input">
        <float_array id="mixamorig_LeftShoulder-Matrix-animation-input-array" count="22">

0.000000 0.033333 0.066667 0.100000 0.133333 0.166667 0.200000 0.233333 0.266667 0.300000 0.333333 0.366667 0.400000 0.433333 0.466667 0.500000
0.533333 0.566667 0.600000 0.633333 0.666667 0.700000</float_array>
        <technique_common>
          <accessor source="#mixamorig_LeftShoulder-Matrix-animation-input-array" count="22">
            <param name="TIME" type="float"/>
          </accessor>
        </technique_common>
      </source>
      <source id="mixamorig_LeftShoulder-Matrix-animation-output-transform">
        <float_array id="mixamorig_LeftShoulder-Matrix-animation-output-transform-array" count="352">

0.241616 0.851388 -0.465576 12.584900 -0.013106 -0.476884 -0.878868 11.395200 -0.970283 0.218451 -0.104065 -1.453100 0.000000 0.000000 0.000000 1.000000
0.236661 0.863458 -0.445457 12.584900 -0.012272 -0.455788 -0.890004 11.395200 -0.971515 0.216096 -0.097271 -1.453100 0.000000 0.000000 0.000000 1.000000
0.227542 0.878602 -0.419861 12.584900 -0.011220 -0.428777 -0.903341 11.395200 -0.973704 0.210259 -0.087707 -1.453100 0.000000 0.000000 0.000000 1.000000
0.227648 0.882844 -0.410808 12.584900 -0.009950 -0.419754 -0.907583 11.395200 -0.973693 0.210697 -0.086772 -1.453100 0.000000 0.000000 0.000000 1.000000
0.246075 0.866504 -0.434302 12.584900 -0.008507 -0.446132 -0.894927 11.395200 -0.969213 0.223914 -0.102410 -1.453100 0.000000 0.000000 0.000000 1.000000
0.266990 0.839544 -0.473162 12.584900 -0.009230 -0.488734 -0.872384 11.395200 -0.963655 0.237285 -0.122738 -1.453100 0.000000 0.000000 0.000000 1.000000
0.277097 0.822066 -0.497418 12.584900 -0.010439 -0.515083 -0.857077 11.395200 -0.960785 0.242686 -0.134146 -1.453100 0.000000 0.000000 0.000000 1.000000
0.278585 0.814379 -0.509095 12.584900 -0.011785 -0.527142 -0.849696 11.395200 -0.960339 0.242712 -0.137257 -1.453100 0.000000 0.000000 0.000000 1.000000
0.258354 0.826116 -0.500785 12.584900 -0.014411 -0.515031 -0.857051 11.395200 -0.965943 0.228639 -0.121156 -1.453100 0.000000 0.000000 0.000000 1.000000
0.241435 0.837248 -0.490637 12.584900 -0.016595 -0.501958 -0.864733 11.395200 -0.970275 0.216919 -0.107297 -1.453100 0.000000 0.000000 0.000000 1.000000
0.230295 0.842263 -0.487399 12.584900 -0.018225 -0.497041 -0.867536 11.395200 -0.972950 0.208672 -0.099116 -1.453100 0.000000 0.000000 0.000000 1.000000
0.222599 0.847216 -0.482364 12.584900 -0.018584 -0.491001 -0.870961 11.395200 -0.974733 0.202839 -0.093551 -1.453100 0.000000 0.000000 0.000000 1.000000
0.227880 0.841371 -0.490067 12.584900 -0.018282 -0.499523 -0.866108 11.395200 -0.973518 0.206328 -0.098450 -1.453100 0.000000 0.000000 0.000000 1.000000
0.227374 0.841827 -0.489519 12.584900 -0.018304 -0.498902 -0.866465 11.395200 -0.973635 0.205972 -0.098029 -1.453100 0.000000 0.000000 0.000000 1.000000
0.229736 0.840549 -0.490611 12.584900 -0.018258 -0.500283 -0.865669 11.395200 -0.973082 0.207833 -0.099586 -1.453100 0.000000 0.000000 0.000000 1.000000
0.242580 0.830342 -0.501685 12.584900 -0.017751 -0.513245 -0.858058 11.395200 -0.969969 0.217053 -0.109763 -1.453100 0.000000 0.000000 0.000000 1.000000
0.262342 0.815235 -0.516303 12.584900 -0.016411 -0.531196 -0.847090 11.395200 -0.964835 0.230700 -0.125976 -1.453100 0.000000 0.000000 0.000000 1.000000
0.262408 0.814796 -0.516963 12.584900 -0.016178 -0.531946 -0.846624 11.395200 -0.964821 0.230524 -0.126406 -1.453100 0.000000 0.000000 0.000000 1.000000
0.249161 0.829395 -0.500022 12.584900 -0.015772 -0.512762 -0.858386 11.395200 -0.968334 0.221762 -0.114679 -1.453100 0.000000 0.000000 0.000000 1.000000
0.239977 0.840807 -0.485237 12.584900 -0.015042 -0.496563 -0.867870 11.395200 -0.970662 0.215568 -0.106516 -1.453100 0.000000 0.000000 0.000000 1.000000
0.237054 0.846627 -0.476475 12.584900 -0.014719 -0.487269 -0.873128 11.395200 -0.971385 0.213991 -0.103048 -1.453100 0.000000 0.000000 0.000000 1.000000
0.241616 0.851387 -0.465576 12.584900 -0.013106 -0.476884 -0.878868 11.395200 -0.970283 0.218451 -0.104065 -1.453100 0.000000 0.000000 0.000000 1.000000</float_array>
        <technique_common>
          <accessor source="#mixamorig_LeftShoulder-Matrix-animation-output-transform-array" count="22" stride="16">
            <param type="float4x4"/>
          </accessor>
        </technique_common>
      </source>
      <source id="mixamorig_LeftShoulder-Interpolations">
        <Name_array id="mixamorig_LeftShoulder-Interpolations-array" count="22">
 LINEAR LINEAR LINEAR LINEAR LINEAR LINEAR LINEAR LINEAR LINEAR LINEAR LINEAR
LINEAR LINEAR LINEAR LINEAR LINEAR LINEAR LINEAR LINEAR LINEAR LINEAR LINEAR</Name_array>
        <technique_common>
          <accessor source="#mixamorig_LeftShoulder-Interpolations-array" count="22">
            <param type="name"/>
          </accessor>
        </technique_common>
      </source>
      <sampler id="mixamorig_LeftShoulder-Matrix-animation-transform">
        <input semantic="INPUT" source="#mixamorig_LeftShoulder-Matrix-animation-input"/>
        <input semantic="OUTPUT" source="#mixamorig_LeftShoulder-Matrix-animation-output-transform"/>
        <input semantic="INTERPOLATION" source="#mixamorig_LeftShoulder-Interpolations"/>
      </sampler>
      <channel source="#mixamorig_LeftShoulder-Matrix-animation-transform" target="mixamorig_LeftShoulder/matrix"/>
    </animation>
    <animation id="mixamorig_LeftArm-anim" name="mixamorig_LeftArm">
      <source id="mixamorig_LeftArm-Matrix-animation-input">
        <float_array id="mixamorig_LeftArm-Matrix-animation-input-array" count="22">

0.000000 0.033333 0.066667 0.100000 0.133333 0.166667 0.200000 0.233333 0.266667 0.300000 0.333333 0.366667 0.400000 0.433333 0.466667 0.500000
0.533333 0.566667 0.600000 0.633333 0.666667 0.700000</float_array>
        <technique_common>
          <accessor source="#mixamorig_LeftArm-Matrix-animation-input-array" count="22">
            <param name="TIME" type="float"/>
          </accessor>
        </technique_common>
      </source>
      <source id="mixamorig_LeftArm-Matrix-animation-output-transform">
        <float_array id="mixamorig_LeftArm-Matrix-animation-output-transform-array" count="352">

0.639740 0.751990 0.158885 -0.000000 -0.430359 0.521751 -0.736591 15.319300 -0.636807 0.402850 0.657411 0.000000 0.000000 0.000000 0.000000 1.000000
0.558321 0.812525 0.167571 -0.000000 -0.456169 0.469375 -0.756040 15.319300 -0.692955 0.345673 0.632711 0.000000 0.000000 0.000000 0.000000 1.000000
0.514056 0.840430 0.171532 0.000000 -0.450503 0.434709 -0.779792 15.319300 -0.729927 0.323581 0.602081 -0.000000 0.000000 0.000000 0.000000 1.000000
0.481616 0.864547 0.143546 0.000000 -0.469993 0.393044 -0.790331 15.319300 -0.739698 0.313170 0.595627 0.000000 0.000000 0.000000 0.000000 1.000000
0.489202 0.867321 0.091845 0.000000 -0.503268 0.366720 -0.782456 15.319300 -0.712322 0.336556 0.615895 0.000000 0.000000 0.000000 0.000000 1.000000
0.525550 0.849824 0.039959 0.000000 -0.534393 0.366297 -0.761742 15.319300 -0.661984 0.378979 0.646647 0.000000 0.000000 0.000000 0.000000 1.000000
0.611874 0.790837 0.013674 -0.000000 -0.519078 0.414536 -0.747475 15.319300 -0.596799 0.450262 0.664150 0.000000 0.000000 0.000000 0.000000 1.000000
0.739503 0.672979 0.015305 -0.000000 -0.450867 0.512062 -0.731103 15.319300 -0.499854 0.533753 0.682095 0.000000 0.000000 0.000000 0.000000 1.000000
0.874874 0.479760 0.066527 0.000000 -0.306963 0.655453 -0.690040 15.319300 -0.374659 0.583277 0.720707 0.000000 0.000000 0.000000 0.000000 1.000000
0.963529 0.250132 0.095106 -0.000000 -0.135468 0.762419 -0.632745 15.319300 -0.230780 0.596784 0.768498 0.000000 0.000000 0.000000 0.000000 1.000000
0.995893 0.056026 0.071121 0.000000 -0.006053 0.824980 -0.565129 15.319300 -0.090336 0.562378 0.821931 0.000000 0.000000 0.000000 0.000000 1.000000
0.993563 -0.095900 0.060304 0.000000 0.113105 0.869716 -0.480418 15.319300 -0.006376 0.484146 0.874964 0.000000 0.000000 0.000000 0.000000 1.000000
0.984710 -0.168494 0.044234 0.000000 0.171854 0.898028 -0.404983 15.319300 0.028514 0.406393 0.913253 0.000000 0.000000 0.000000 0.000000 1.000000
0.986984 -0.156824 0.035625 0.000000 0.158115 0.905824 -0.393043 15.319300 0.029369 0.393560 0.918830 -0.000000 0.000000 0.000000 0.000000 1.000000
0.994822 -0.094996 0.036137 -0.000000 0.101217 0.893686 -0.437128 15.319300 0.009230 0.438522 0.898673 0.000000 0.000000 0.000000 0.000000 1.000000
0.998598 0.012436 0.051446 0.000000 0.015126 0.864411 -0.502559 15.319300 -0.050720 0.502632 0.863011 -0.000000 0.000000 0.000000 0.000000 1.000000
0.985918 0.152454 0.068729 0.000000 -0.087346 0.819924 -0.565770 15.319300 -0.142607 0.551799 0.821694 0.000000 0.000000 0.000000 0.000000 1.000000
0.943988 0.315151 0.097809 0.000000 -0.185074 0.751055 -0.633769 15.319300 -0.273193 0.580169 0.767313 0.000000 0.000000 0.000000 0.000000 1.000000
0.903394 0.413626 0.113108 -0.000000 -0.240090 0.706444 -0.665802 15.319300 -0.355297 0.574326 0.737505 0.000000 0.000000 0.000000 0.000000 1.000000
0.837392 0.536200 0.106135 0.000000 -0.319155 0.637273 -0.701443 15.319300 -0.443751 0.553509 0.704778 0.000000 0.000000 0.000000 0.000000 1.000000
0.742389 0.654283 0.144128 0.000000 -0.374440 0.583591 -0.720566 15.319300 -0.555566 0.480973 0.678242 0.000000 0.000000 0.000000 0.000000 1.000000
0.639741 0.751989 0.158885 -0.000000 -0.430359 0.521752 -0.736591 15.319300 -0.636807 0.402850 0.657411 0.000000 0.000000 0.000000 0.000000 1.000000</float_array>
        <technique_common>
          <accessor source="#mixamorig_LeftArm-Matrix-animation-output-transform-array" count="22" stride="16">
            <param type="float4x4"/>
          </accessor>
        </technique_common>
      </source>
      <source id="mixamorig_LeftArm-Interpolations">
        <Name_array id="mixamorig_LeftArm-Interpolations-array" count="22">
 LINEAR LINEAR LINEAR LINEAR LINEAR LINEAR LINEAR LINEAR LINEAR LINEAR LINEAR
LINEAR LINEAR LINEAR LINEAR LINEAR LINEAR LINEAR LINEAR LINEAR LINEAR LINEAR</Name_array>
        <technique_common>
          <accessor source="#mixamorig_LeftArm-Interpolations-array" count="22">
            <param type="name"/>
          </accessor>
        </technique_common>
      </source>
      <sampler id="mixamorig_LeftArm-Matrix-animation-transform">
        <input semantic="INPUT" source="#mixamorig_LeftArm-Matrix-animation-input"/>
        <input semantic="OUTPUT" source="#mixamorig_LeftArm-Matrix-animation-output-transform"/>
        <input semantic="INTERPOLATION" source="#mixamorig_LeftArm-Interpolations"/>
      </sampler>
      <channel source="#mixamorig_LeftArm-Matrix-animation-transform" target="mixamorig_LeftArm/matrix"/>
    </animation>
    <animation id="mixamorig_LeftForeArm-anim" name="mixamorig_LeftForeArm">
      <source id="mixamorig_LeftForeArm-Matrix-animation-input">
        <float_array id="mixamorig_LeftForeArm-Matrix-animation-input-array" count="22">

0.000000 0.033333 0.066667 0.100000 0.133333 0.166667 0.200000 0.233333 0.266667 0.300000 0.333333 0.366667 0.400000 0.433333 0.466667 0.500000
0.533333 0.566667 0.600000 0.633333 0.666667 0.700000</float_array>
        <technique_common>
          <accessor source="#mixamorig_LeftForeArm-Matrix-animation-input-array" count="22">
            <param name="TIME" type="float"/>
          </accessor>
        </technique_common>
      </source>
      <source id="mixamorig_LeftForeArm-Matrix-animation-output-transform">
        <float_array id="mixamorig_LeftForeArm-Matrix-animation-output-transform-array" count="352">

0.106425 -0.994321 -0.000000 0.000000 0.994321 0.106425 0.000000 34.109299 -0.000000 -0.000000 1.000000 -0.000000 0.000000 0.000000 0.000000 1.000000
0.142348 -0.989817 -0.000001 0.000000 0.989817 0.142348 0.000000 34.109299 -0.000000 -0.000001 1.000000 -0.000000 0.000000 0.000000 0.000000 1.000000
0.194874 -0.980828 0.000000 0.000000 0.980828 0.194874 0.000000 34.109299 -0.000000 -0.000000 1.000000 0.000000 0.000000 0.000000 0.000000 1.000000
0.203259 -0.979125 -0.000000 -0.000000 0.979125 0.203259 0.000000 34.109299 0.000000 -0.000000 1.000000 0.000000 0.000000 0.000000 0.000000 1.000000
0.192536 -0.981290 0.000000 0.000000 0.981290 0.192536 -0.000000 34.109299 0.000000 0.000000 1.000000 0.000000 0.000000 0.000000 0.000000 1.000000
0.125295 -0.992120 -0.000000 -0.000000 0.992120 0.125295 -0.000000 34.109299 0.000000 -0.000000 1.000000 0.000000 0.000000 0.000000 0.000000 1.000000
0.050361 -0.998731 0.000000 0.000000 0.998731 0.050361 0.000000 34.109299 -0.000000 0.000000 1.000000 0.000000 0.000000 0.000000 0.000000 1.000000
0.013281 -0.999912 -0.000000 0.000000 0.999912 0.013281 0.000000 34.109299 -0.000000 -0.000000 1.000000 0.000000 0.000000 0.000000 0.000000 1.000000
-0.013192 -0.999913 -0.000000 0.000000 0.999913 -0.013192 0.000000 34.109299 -0.000000 -0.000000 1.000000 -0.000000 0.000000 0.000000 0.000000 1.000000
-0.080271 -0.996773 -0.000000 0.000000 0.996773 -0.080271 0.000000 34.109299 -0.000000 -0.000000 1.000000 0.000000 0.000000 0.000000 0.000000 1.000000
-0.135171 -0.990822 0.000000 -0.000000 0.990822 -0.135171 0.000000 34.109299 0.000000 0.000000 1.000000 0.000000 0.000000 0.000000 0.000000 1.000000
-0.185915 -0.982566 0.000000 -0.000000 0.982566 -0.185915 -0.000000 34.109299 0.000000 -0.000000 1.000000 0.000000 0.000000 0.000000 0.000000 1.000000
-0.250323 -0.968162 -0.000000 0.000000 0.968162 -0.250323 -0.000000 34.109299 0.000000 -0.000000 1.000000 -0.000000 0.000000 0.000000 0.000000 1.000000
-0.323387 -0.946267 -0.000000 0.000000 0.946267 -0.323387 -0.000000 34.109299 0.000000 -0.000000 1.000000 0.000000 0.000000 0.000000 0.000000 1.000000
-0.346272 -0.938134 -0.000000 0.000000 0.938134 -0.346272 -0.000000 34.109299 0.000000 -0.000000 1.000000 0.000000 0.000000 0.000000 0.000000 1.000000
-0.343497 -0.939154 -0.000000 0.000000 0.939154 -0.343497 -0.000000 34.109299 -0.000000 -0.000000 1.000000 0.000000 0.000000 0.000000 0.000000 1.000000
-0.321010 -0.947076 0.000000 -0.000000 0.947076 -0.321010 -0.000000 34.109299 0.000000 0.000000 1.000000 -0.000000 0.000000 0.000000 0.000000 1.000000
-0.251785 -0.967783 -0.000000 0.000000 0.967783 -0.251785 0.000000 34.109299 -0.000000 0.000000 1.000000 0.000000 0.000000 0.000000 0.000000 1.000000
-0.134775 -0.990876 0.000000 0.000000 0.990876 -0.134775 0.000000 34.109299 -0.000000 0.000000 1.000000 0.000000 0.000000 0.000000 0.000000 1.000000
-0.026862 -0.999639 0.000000 0.000000 0.999639 -0.026862 0.000000 34.109299 -0.000000 0.000000 1.000000 0.000000 0.000000 0.000000 0.000000 1.000000
0.059639 -0.998220 -0.000000 0.000000 0.998220 0.059639 -0.000000 34.109299 0.000000 -0.000000 1.000000 0.000000 0.000000 0.000000 0.000000 1.000000
0.106425 -0.994321 -0.000000 0.000000 0.994321 0.106425 -0.000000 34.109299 0.000000 -0.000000 1.000000 0.000000 0.000000 0.000000 0.000000 1.000000</float_array>
        <technique_common>
          <accessor source="#mixamorig_LeftForeArm-Matrix-animation-output-transform-array" count="22" stride="16">
            <param type="float4x4"/>
          </accessor>
        </technique_common>
      </source>
      <source id="mixamorig_LeftForeArm-Interpolations">
        <Name_array id="mixamorig_LeftForeArm-Interpolations-array" count="22">
 LINEAR LINEAR LINEAR LINEAR LINEAR LINEAR LINEAR LINEAR LINEAR LINEAR LINEAR
LINEAR LINEAR LINEAR LINEAR LINEAR LINEAR LINEAR LINEAR LINEAR LINEAR LINEAR</Name_array>
        <technique_common>
          <accessor source="#mixamorig_LeftForeArm-Interpolations-array" count="22">
            <param type="name"/>
          </accessor>
        </technique_common>
      </source>
      <sampler id="mixamorig_LeftForeArm-Matrix-animation-transform">
        <input semantic="INPUT" source="#mixamorig_LeftForeArm-Matrix-animation-input"/>
        <input semantic="OUTPUT" source="#mixamorig_LeftForeArm-Matrix-animation-output-transform"/>
        <input semantic="INTERPOLATION" source="#mixamorig_LeftForeArm-Interpolations"/>
      </sampler>
      <channel source="#mixamorig_LeftForeArm-Matrix-animation-transform" target="mixamorig_LeftForeArm/matrix"/>
    </animation>
    <animation id="mixamorig_LeftHand-anim" name="mixamorig_LeftHand">
      <source id="mixamorig_LeftHand-Matrix-animation-input">
        <float_array id="mixamorig_LeftHand-Matrix-animation-input-array" count="22">

0.000000 0.033333 0.066667 0.100000 0.133333 0.166667 0.200000 0.233333 0.266667 0.300000 0.333333 0.366667 0.400000 0.433333 0.466667 0.500000
0.533333 0.566667 0.600000 0.633333 0.666667 0.700000</float_array>
        <technique_common>
          <accessor source="#mixamorig_LeftHand-Matrix-animation-input-array" count="22">
            <param name="TIME" type="float"/>
          </accessor>
        </technique_common>
      </source>
      <source id="mixamorig_LeftHand-Matrix-animation-output-transform">
        <float_array id="mixamorig_LeftHand-Matrix-animation-output-transform-array" count="352">

0.975381 0.058622 -0.212591 0.000000 -0.025925 0.987817 0.153445 41.076000 0.218996 -0.144156 0.965018 0.000000 0.000000 0.000000 0.000000 1.000000
0.966341 0.107967 -0.233514 -0.000000 -0.076771 0.987340 0.138804 41.076000 0.245544 -0.116205 0.962395 -0.000000 0.000000 0.000000 0.000000 1.000000
0.962730 0.108524 -0.247736 0.000000 -0.085296 0.991051 0.102675 41.076000 0.256662 -0.077718 0.963372 -0.000000 0.000000 0.000000 0.000000 1.000000
0.975896 0.093809 -0.197045 -0.000000 -0.084564 0.994908 0.054835 41.076000 0.201186 -0.036850 0.978860 0.000000 0.000000 0.000000 0.000000 1.000000
0.973557 0.087938 -0.210839 -0.000000 -0.081857 0.995942 0.037414 41.076000 0.213274 -0.019166 0.976804 -0.000000 0.000000 0.000000 0.000000 1.000000
0.957106 0.130920 -0.258473 0.000000 -0.117055 0.990768 0.068391 41.076000 0.265040 -0.035202 0.963595 0.000000 0.000000 0.000000 0.000000 1.000000
0.945700 0.194277 -0.260592 0.000000 -0.162662 0.976977 0.138050 41.076000 0.281413 -0.088166 0.955528 -0.000000 0.000000 0.000000 0.000000 1.000000
0.964013 0.146773 -0.221669 -0.000000 -0.092607 0.966960 0.237514 41.076000 0.249206 -0.208438 0.945754 0.000000 0.000000 0.000000 0.000000 1.000000
0.985183 0.111357 -0.130439 0.000000 -0.074995 0.963688 0.256284 41.076000 0.154241 -0.242704 0.957760 -0.000000 0.000000 0.000000 0.000000 1.000000
0.969575 0.176074 -0.170064 -0.000000 -0.135143 0.964269 0.227864 41.076000 0.204108 -0.197948 0.958726 0.000000 0.000000 0.000000 0.000000 1.000000
0.969986 0.144271 -0.195738 0.000000 -0.112374 0.979818 0.165312 41.076000 0.215637 -0.138354 0.966622 0.000000 0.000000 0.000000 0.000000 1.000000
0.967082 0.127836 -0.220022 0.000000 -0.096125 0.984112 0.149275 41.076000 0.235609 -0.123211 0.964006 0.000000 0.000000 0.000000 0.000000 1.000000
0.964548 0.135144 -0.226677 -0.000000 -0.105226 0.984645 0.139290 41.076000 0.242021 -0.110499 0.963958 0.000000 0.000000 0.000000 0.000000 1.000000
0.969766 0.129488 -0.206848 0.000000 -0.107382 0.987570 0.114784 41.076000 0.219140 -0.089102 0.971617 0.000000 0.000000 0.000000 0.000000 1.000000
0.983040 0.069986 -0.169510 0.000000 -0.055112 0.994332 0.090922 41.076000 0.174912 -0.080038 0.981326 -0.000000 0.000000 0.000000 0.000000 1.000000
0.994314 0.016434 -0.105208 0.000000 -0.009327 0.997663 0.067686 41.076000 0.106074 -0.066320 0.992144 0.000000 0.000000 0.000000 0.000000 1.000000
0.994364 0.024082 -0.103253 0.000000 -0.019869 0.998935 0.041638 41.076000 0.104145 -0.039351 0.993783 0.000000 0.000000 0.000000 0.000000 1.000000
0.988881 0.008868 -0.148446 -0.000000 -0.004126 0.999472 0.032224 41.076000 0.148653 -0.031253 0.988395 0.000000 0.000000 0.000000 0.000000 1.000000
0.990094 0.009208 -0.140102 -0.000000 0.002665 0.996435 0.084320 41.076000 0.140379 -0.083858 0.986540 0.000000 0.000000 0.000000 0.000000 1.000000
0.984117 0.102106 -0.145217 0.000000 -0.079940 0.985290 0.151041 41.076000 0.158503 -0.137033 0.977803 0.000000 0.000000 0.000000 0.000000 1.000000
0.979065 0.049222 -0.197507 -0.000000 -0.012615 0.983129 0.182480 41.076000 0.203157 -0.176168 0.963168 0.000000 0.000000 0.000000 0.000000 1.000000
0.975381 0.058623 -0.212591 -0.000000 -0.025926 0.987817 0.153445 41.076000 0.218996 -0.144156 0.965018 -0.000000 0.000000 0.000000 0.000000 1.000000</float_array>
        <technique_common>
          <accessor source="#mixamorig_LeftHand-Matrix-animation-output-transform-array" count="22" stride="16">
            <param type="float4x4"/>
          </accessor>
        </technique_common>
      </source>
      <source id="mixamorig_LeftHand-Interpolations">
        <Name_array id="mixamorig_LeftHand-Interpolations-array" count="22">
 LINEAR LINEAR LINEAR LINEAR LINEAR LINEAR LINEAR LINEAR LINEAR LINEAR LINEAR
LINEAR LINEAR LINEAR LINEAR LINEAR LINEAR LINEAR LINEAR LINEAR LINEAR LINEAR</Name_array>
        <technique_common>
          <accessor source="#mixamorig_LeftHand-Interpolations-array" count="22">
            <param type="name"/>
          </accessor>
        </technique_common>
      </source>
      <sampler id="mixamorig_LeftHand-Matrix-animation-transform">
        <input semantic="INPUT" source="#mixamorig_LeftHand-Matrix-animation-input"/>
        <input semantic="OUTPUT" source="#mixamorig_LeftHand-Matrix-animation-output-transform"/>
        <input semantic="INTERPOLATION" source="#mixamorig_LeftHand-Interpolations"/>
      </sampler>
      <channel source="#mixamorig_LeftHand-Matrix-animation-transform" target="mixamorig_LeftHand/matrix"/>
    </animation>
    <animation id="mixamorig_LeftHandThumb1-anim" name="mixamorig_LeftHandThumb1">
      <source id="mixamorig_LeftHandThumb1-Matrix-animation-input">
        <float_array id="mixamorig_LeftHandThumb1-Matrix-animation-input-array" count="22">

0.000000 0.033333 0.066667 0.100000 0.133333 0.166667 0.200000 0.233333 0.266667 0.300000 0.333333 0.366667 0.400000 0.433333 0.466667 0.500000
0.533333 0.566667 0.600000 0.633333 0.666667 0.700000</float_array>
        <technique_common>
          <accessor source="#mixamorig_LeftHandThumb1-Matrix-animation-input-array" count="22">
            <param name="TIME" type="float"/>
          </accessor>
        </technique_common>
      </source>
      <source id="mixamorig_LeftHandThumb1-Matrix-animation-output-transform">
        <float_array id="mixamorig_LeftHandThumb1-Matrix-animation-output-transform-array" count="352">

0.911128 -0.389381 0.135011 -9.706200 0.410685 0.885185 -0.218599 9.904300 -0.034391 0.254619 0.966430 7.213800 0.000000 0.000000 0.000000 1.000000
0.908728 -0.390646 0.147002 -9.706200 0.415370 0.880993 -0.226537 9.904300 -0.041012 0.266920 0.962846 7.213800 0.000000 0.000000 0.000000 1.000000
0.907192 -0.389505 0.159023 -9.706200 0.418025 0.877202 -0.236159 9.904300 -0.047510 0.280717 0.958614 7.213800 0.000000 0.000000 0.000000 1.000000
0.905635 -0.388147 0.170785 -9.706200 0.420642 0.873283 -0.245838 9.904300 -0.053722 0.294479 0.954147 7.213800 0.000000 0.000000 0.000000 1.000000
0.903586 -0.387914 0.181808 -9.706200 0.424300 0.868954 -0.254731 9.904300 -0.059169 0.307312 0.949767 7.213800 0.000000 0.000000 0.000000 1.000000
0.900709 -0.389934 0.191506 -9.706200 0.429776 0.864125 -0.261880 9.904300 -0.063369 0.318182 0.945909 7.213800 0.000000 0.000000 0.000000 1.000000
0.897618 -0.393744 0.198109 -9.706200 0.435700 0.860611 -0.263655 9.904300 -0.066682 0.322978 0.944054 7.213800 0.000000 0.000000 0.000000 1.000000
0.902450 -0.387120 0.189001 -9.706200 0.424961 0.871932 -0.243194 9.904300 -0.070650 0.299788 0.951386 7.213800 0.000000 0.000000 0.000000 1.000000
0.912204 -0.372603 0.170441 -9.706200 0.403250 0.890124 -0.212293 9.904300 -0.072613 0.262385 0.962227 7.213800 0.000000 0.000000 0.000000 1.000000
0.919720 -0.362951 0.149601 -9.706200 0.387122 0.901801 -0.192071 9.904300 -0.065198 0.234566 0.969911 7.213800 0.000000 0.000000 0.000000 1.000000
0.925047 -0.351592 0.143775 -9.706200 0.373579 0.910588 -0.176826 9.904300 -0.068749 0.217284 0.973684 7.213800 0.000000 0.000000 0.000000 1.000000
0.926590 -0.344661 0.150465 -9.706200 0.367409 0.915017 -0.166597 9.904300 -0.080258 0.209649 0.974477 7.213800 0.000000 0.000000 0.000000 1.000000
0.922256 -0.356255 0.150087 -9.706200 0.378427 0.911301 -0.162244 9.904300 -0.078974 0.206427 0.975270 7.213800 0.000000 0.000000 0.000000 1.000000
0.912297 -0.382005 0.147601 -9.706200 0.403441 0.900245 -0.163691 9.904300 -0.070347 0.208883 0.975407 7.213800 0.000000 0.000000 0.000000 1.000000
0.901906 -0.405258 0.149439 -9.706200 0.427312 0.887628 -0.171819 9.904300 -0.063016 0.218821 0.973728 7.213800 0.000000 0.000000 0.000000 1.000000
0.895045 -0.415522 0.161976 -9.706200 0.441550 0.876692 -0.190907 9.904300 -0.062677 0.242391 0.968152 7.213800 0.000000 0.000000 0.000000 1.000000
0.889144 -0.418717 0.184659 -9.706200 0.452831 0.863286 -0.222892 9.904300 -0.066085 0.281803 0.957194 7.213800 0.000000 0.000000 0.000000 1.000000
0.884133 -0.418490 0.207786 -9.706200 0.462174 0.848596 -0.257450 9.904300 -0.068586 0.323653 0.943687 7.213800 0.000000 0.000000 0.000000 1.000000
0.882460 -0.416247 0.219095 -9.706200 0.465520 0.839641 -0.279812 9.904300 -0.067490 0.348916 0.934721 7.213800 0.000000 0.000000 0.000000 1.000000
0.888818 -0.410293 0.204111 -9.706200 0.454232 0.847713 -0.273963 9.904300 -0.060622 0.336217 0.939831 7.213800 0.000000 0.000000 0.000000 1.000000
0.902424 -0.398235 0.164440 -9.706200 0.428302 0.870625 -0.242014 9.904300 -0.046787 0.288829 0.956237 7.213800 0.000000 0.000000 0.000000 1.000000
0.911128 -0.389380 0.135011 -9.706200 0.410685 0.885185 -0.218600 9.904300 -0.034391 0.254619 0.966430 7.213800 0.000000 0.000000 0.000000 1.000000</float_array>
        <technique_common>
          <accessor source="#mixamorig_LeftHandThumb1-Matrix-animation-output-transform-array" count="22" stride="16">
            <param type="float4x4"/>
          </accessor>
        </technique_common>
      </source>
      <source id="mixamorig_LeftHandThumb1-Interpolations">
        <Name_array id="mixamorig_LeftHandThumb1-Interpolations-array" count="22">
 LINEAR LINEAR LINEAR LINEAR LINEAR LINEAR LINEAR LINEAR LINEAR LINEAR LINEAR
LINEAR LINEAR LINEAR LINEAR LINEAR LINEAR LINEAR LINEAR LINEAR LINEAR LINEAR</Name_array>
        <technique_common>
          <accessor source="#mixamorig_LeftHandThumb1-Interpolations-array" count="22">
            <param type="name"/>
          </accessor>
        </technique_common>
      </source>
      <sampler id="mixamorig_LeftHandThumb1-Matrix-animation-transform">
        <input semantic="INPUT" source="#mixamorig_LeftHandThumb1-Matrix-animation-input"/>
        <input semantic="OUTPUT" source="#mixamorig_LeftHandThumb1-Matrix-animation-output-transform"/>
        <input semantic="INTERPOLATION" source="#mixamorig_LeftHandThumb1-Interpolations"/>
      </sampler>
      <channel source="#mixamorig_LeftHandThumb1-Matrix-animation-transform" target="mixamorig_LeftHandThumb1/matrix"/>
    </animation>
    <animation id="mixamorig_LeftHandThumb2-anim" name="mixamorig_LeftHandThumb2">
      <source id="mixamorig_LeftHandThumb2-Matrix-animation-input">
        <float_array id="mixamorig_LeftHandThumb2-Matrix-animation-input-array" count="22">

0.000000 0.033333 0.066667 0.100000 0.133333 0.166667 0.200000 0.233333 0.266667 0.300000 0.333333 0.366667 0.400000 0.433333 0.466667 0.500000
0.533333 0.566667 0.600000 0.633333 0.666667 0.700000</float_array>
        <technique_common>
          <accessor source="#mixamorig_LeftHandThumb2-Matrix-animation-input-array" count="22">
            <param name="TIME" type="float"/>
          </accessor>
        </technique_common>
      </source>
      <source id="mixamorig_LeftHandThumb2-Matrix-animation-output-transform">
        <float_array id="mixamorig_LeftHandThumb2-Matrix-animation-output-transform-array" count="352">

0.984814 0.173472 0.006958 0.000000 -0.173508 0.984820 0.004975 2.369000 -0.005989 -0.006107 0.999963 -0.000000 0.000000 0.000000 0.000000 1.000000
0.984805 0.173527 0.006939 0.000000 -0.173563 0.984810 0.004978 2.369000 -0.005970 -0.006107 0.999964 0.000000 0.000000 0.000000 0.000000 1.000000
0.984454 0.175531 0.006279 0.000000 -0.175564 0.984455 0.005099 2.369000 -0.005286 -0.006122 0.999967 -0.000000 0.000000 0.000000 0.000000 1.000000
0.984058 0.177760 0.005545 -0.000000 -0.177788 0.984055 0.005234 2.369000 -0.004526 -0.006137 0.999971 0.000000 0.000000 0.000000 0.000000 1.000000
0.983688 0.179820 0.004866 0.000000 -0.179845 0.983680 0.005361 2.369000 -0.003822 -0.006149 0.999974 -0.000000 0.000000 0.000000 0.000000 1.000000
0.983582 0.180401 0.004675 0.000000 -0.180425 0.983574 0.005397 2.369000 -0.003624 -0.006152 0.999975 0.000000 0.000000 0.000000 0.000000 1.000000
0.983859 0.178869 0.005179 0.000000 -0.178896 0.983854 0.005302 2.369000 -0.004147 -0.006143 0.999973 0.000000 0.000000 0.000000 0.000000 1.000000
0.984499 0.175274 0.006364 0.000000 -0.175307 0.984501 0.005083 2.369000 -0.005374 -0.006120 0.999967 0.000000 0.000000 0.000000 0.000000 1.000000
0.984831 0.173378 0.006989 0.000000 -0.173414 0.984836 0.004969 2.369000 -0.006021 -0.006106 0.999963 0.000000 0.000000 0.000000 0.000000 1.000000
0.984831 0.173378 0.006989 -0.000000 -0.173414 0.984836 0.004970 2.369000 -0.006021 -0.006106 0.999963 -0.000000 0.000000 0.000000 0.000000 1.000000
0.984831 0.173378 0.006989 0.000000 -0.173415 0.984836 0.004970 2.369000 -0.006021 -0.006106 0.999963 0.000000 0.000000 0.000000 0.000000 1.000000
0.984705 0.174099 0.006751 -0.000000 -0.174134 0.984709 0.005013 2.369000 -0.005775 -0.006111 0.999965 0.000000 0.000000 0.000000 0.000000 1.000000
0.983780 0.179309 0.005034 0.000000 -0.179335 0.983774 0.005329 2.369000 -0.003997 -0.006146 0.999973 0.000000 0.000000 0.000000 0.000000 1.000000
0.983143 0.182798 0.003885 -0.000000 -0.182818 0.983131 0.005547 2.369000 -0.002805 -0.006164 0.999977 0.000000 0.000000 0.000000 0.000000 1.000000
0.983851 0.178917 0.005163 0.000000 -0.178944 0.983845 0.005305 2.369000 -0.004131 -0.006143 0.999973 0.000000 0.000000 0.000000 0.000000 1.000000
0.984756 0.173807 0.006847 0.000000 -0.173843 0.984761 0.004995 2.369000 -0.005875 -0.006109 0.999964 -0.000000 0.000000 0.000000 0.000000 1.000000
0.984831 0.173378 0.006988 0.000000 -0.173415 0.984836 0.004970 2.369000 -0.006021 -0.006106 0.999963 0.000000 0.000000 0.000000 0.000000 1.000000
0.984831 0.173378 0.006989 0.000000 -0.173414 0.984836 0.004969 2.369000 -0.006021 -0.006106 0.999963 0.000000 0.000000 0.000000 0.000000 1.000000
0.984831 0.173378 0.006988 0.000000 -0.173414 0.984836 0.004970 2.369000 -0.006021 -0.006106 0.999963 0.000000 0.000000 0.000000 0.000000 1.000000
0.984831 0.173374 0.006990 0.000000 -0.173410 0.984837 0.004969 2.369000 -0.006022 -0.006106 0.999963 -0.000000 0.000000 0.000000 0.000000 1.000000
0.984815 0.173466 0.006960 0.000000 -0.173502 0.984821 0.004975 2.369000 -0.005991 -0.006107 0.999963 -0.000000 0.000000 0.000000 0.000000 1.000000
0.984814 0.173472 0.006958 0.000000 -0.173508 0.984820 0.004975 2.369000 -0.005989 -0.006107 0.999963 0.000000 0.000000 0.000000 0.000000 1.000000</float_array>
        <technique_common>
          <accessor source="#mixamorig_LeftHandThumb2-Matrix-animation-output-transform-array" count="22" stride="16">
            <param type="float4x4"/>
          </accessor>
        </technique_common>
      </source>
      <source id="mixamorig_LeftHandThumb2-Interpolations">
        <Name_array id="mixamorig_LeftHandThumb2-Interpolations-array" count="22">
 LINEAR LINEAR LINEAR LINEAR LINEAR LINEAR LINEAR LINEAR LINEAR LINEAR LINEAR
LINEAR LINEAR LINEAR LINEAR LINEAR LINEAR LINEAR LINEAR LINEAR LINEAR LINEAR</Name_array>
        <technique_common>
          <accessor source="#mixamorig_LeftHandThumb2-Interpolations-array" count="22">
            <param type="name"/>
          </accessor>
        </technique_common>
      </source>
      <sampler id="mixamorig_LeftHandThumb2-Matrix-animation-transform">
        <input semantic="INPUT" source="#mixamorig_LeftHandThumb2-Matrix-animation-input"/>
        <input semantic="OUTPUT" source="#mixamorig_LeftHandThumb2-Matrix-animation-output-transform"/>
        <input semantic="INTERPOLATION" source="#mixamorig_LeftHandThumb2-Interpolations"/>
      </sampler>
      <channel source="#mixamorig_LeftHandThumb2-Matrix-animation-transform" target="mixamorig_LeftHandThumb2/matrix"/>
    </animation>
    <animation id="mixamorig_LeftHandThumb3-anim" name="mixamorig_LeftHandThumb3">
      <source id="mixamorig_LeftHandThumb3-Matrix-animation-input">
        <float_array id="mixamorig_LeftHandThumb3-Matrix-animation-input-array" count="22">

0.000000 0.033333 0.066667 0.100000 0.133333 0.166667 0.200000 0.233333 0.266667 0.300000 0.333333 0.366667 0.400000 0.433333 0.466667 0.500000
0.533333 0.566667 0.600000 0.633333 0.666667 0.700000</float_array>
        <technique_common>
          <accessor source="#mixamorig_LeftHandThumb3-Matrix-animation-input-array" count="22">
            <param name="TIME" type="float"/>
          </accessor>
        </technique_common>
      </source>
      <source id="mixamorig_LeftHandThumb3-Matrix-animation-output-transform">
        <float_array id="mixamorig_LeftHandThumb3-Matrix-animation-output-transform-array" count="352">

0.999106 0.042140 0.003501 0.000000 -0.042271 0.997500 0.056633 2.785200 -0.001106 -0.056731 0.998389 -0.000000 0.000000 0.000000 0.000000 1.000000
0.999104 0.042169 0.003493 0.000000 -0.042299 0.997499 0.056633 2.785200 -0.001096 -0.056730 0.998389 0.000000 0.000000 0.000000 0.000000 1.000000
0.999061 0.043197 0.003193 0.000000 -0.043308 0.997455 0.056640 2.785200 -0.000739 -0.056725 0.998390 0.000000 0.000000 0.000000 0.000000 1.000000
0.999012 0.044340 0.002860 -0.000000 -0.044431 0.997405 0.056648 2.785200 -0.000341 -0.056719 0.998390 0.000000 0.000000 0.000000 0.000000 1.000000
0.998966 0.045397 0.002551 0.000000 -0.045468 0.997358 0.056656 2.785200 0.000027 -0.056713 0.998391 0.000000 0.000000 0.000000 0.000000 1.000000
0.998952 0.045695 0.002464 0.000000 -0.045762 0.997344 0.056658 2.785200 0.000131 -0.056711 0.998391 0.000000 0.000000 0.000000 0.000000 1.000000
0.998987 0.044909 0.002694 0.000000 -0.044990 0.997380 0.056652 2.785200 -0.000142 -0.056716 0.998390 0.000000 0.000000 0.000000 0.000000 1.000000
0.999067 0.043065 0.003232 0.000000 -0.043179 0.997461 0.056639 2.785200 -0.000784 -0.056726 0.998389 0.000000 0.000000 0.000000 0.000000 1.000000
0.999108 0.042092 0.003515 0.000000 -0.042224 0.997502 0.056633 2.785200 -0.001123 -0.056731 0.998389 0.000000 0.000000 0.000000 0.000000 1.000000
0.999108 0.042092 0.003515 -0.000000 -0.042224 0.997502 0.056633 2.785200 -0.001123 -0.056731 0.998389 -0.000000 0.000000 0.000000 0.000000 1.000000
0.999108 0.042092 0.003515 0.000000 -0.042224 0.997502 0.056633 2.785200 -0.001123 -0.056731 0.998389 0.000000 0.000000 0.000000 0.000000 1.000000
0.999092 0.042462 0.003407 0.000000 -0.042587 0.997486 0.056635 2.785200 -0.000994 -0.056729 0.998389 -0.000000 0.000000 0.000000 0.000000 1.000000
0.998977 0.045135 0.002628 0.000000 -0.045212 0.997370 0.056654 2.785200 -0.000064 -0.056715 0.998390 -0.000000 0.000000 0.000000 0.000000 1.000000
0.998896 0.046926 0.002105 0.000000 -0.046970 0.997288 0.056667 2.785200 0.000560 -0.056703 0.998391 0.000000 0.000000 0.000000 0.000000 1.000000
0.998986 0.044934 0.002686 -0.000000 -0.045014 0.997379 0.056652 2.785200 -0.000133 -0.056715 0.998390 0.000000 0.000000 0.000000 0.000000 1.000000
0.999098 0.042312 0.003451 0.000000 -0.042440 0.997493 0.056634 2.785200 -0.001046 -0.056729 0.998389 0.000000 0.000000 0.000000 0.000000 1.000000
0.999108 0.042092 0.003515 0.000000 -0.042224 0.997502 0.056633 2.785200 -0.001123 -0.056731 0.998389 0.000000 0.000000 0.000000 0.000000 1.000000
0.999108 0.042092 0.003515 -0.000000 -0.042224 0.997502 0.056633 2.785200 -0.001123 -0.056731 0.998389 0.000000 0.000000 0.000000 0.000000 1.000000
0.999108 0.042092 0.003516 0.000000 -0.042224 0.997502 0.056633 2.785200 -0.001123 -0.056731 0.998389 -0.000000 0.000000 0.000000 0.000000 1.000000
0.999108 0.042090 0.003516 0.000000 -0.042222 0.997502 0.056633 2.785200 -0.001124 -0.056731 0.998389 0.000000 0.000000 0.000000 0.000000 1.000000
0.999106 0.042138 0.003502 0.000000 -0.042268 0.997500 0.056633 2.785200 -0.001107 -0.056730 0.998389 0.000000 0.000000 0.000000 0.000000 1.000000
0.999106 0.042140 0.003501 0.000000 -0.042271 0.997500 0.056633 2.785200 -0.001106 -0.056731 0.998389 0.000000 0.000000 0.000000 0.000000 1.000000</float_array>
        <technique_common>
          <accessor source="#mixamorig_LeftHandThumb3-Matrix-animation-output-transform-array" count="22" stride="16">
            <param type="float4x4"/>
          </accessor>
        </technique_common>
      </source>
      <source id="mixamorig_LeftHandThumb3-Interpolations">
        <Name_array id="mixamorig_LeftHandThumb3-Interpolations-array" count="22">
 LINEAR LINEAR LINEAR LINEAR LINEAR LINEAR LINEAR LINEAR LINEAR LINEAR LINEAR
LINEAR LINEAR LINEAR LINEAR LINEAR LINEAR LINEAR LINEAR LINEAR LINEAR LINEAR</Name_array>
        <technique_common>
          <accessor source="#mixamorig_LeftHandThumb3-Interpolations-array" count="22">
            <param type="name"/>
          </accessor>
        </technique_common>
      </source>
      <sampler id="mixamorig_LeftHandThumb3-Matrix-animation-transform">
        <input semantic="INPUT" source="#mixamorig_LeftHandThumb3-Matrix-animation-input"/>
        <input semantic="OUTPUT" source="#mixamorig_LeftHandThumb3-Matrix-animation-output-transform"/>
        <input semantic="INTERPOLATION" source="#mixamorig_LeftHandThumb3-Interpolations"/>
      </sampler>
      <channel source="#mixamorig_LeftHandThumb3-Matrix-animation-transform" target="mixamorig_LeftHandThumb3/matrix"/>
    </animation>
    <animation id="mixamorig_LeftHandIndex1-anim" name="mixamorig_LeftHandIndex1">
      <source id="mixamorig_LeftHandIndex1-Matrix-animation-input">
        <float_array id="mixamorig_LeftHandIndex1-Matrix-animation-input-array" count="22">

0.000000 0.033333 0.066667 0.100000 0.133333 0.166667 0.200000 0.233333 0.266667 0.300000 0.333333 0.366667 0.400000 0.433333 0.466667 0.500000
0.533333 0.566667 0.600000 0.633333 0.666667 0.700000</float_array>
        <technique_common>
          <accessor source="#mixamorig_LeftHandIndex1-Matrix-animation-input-array" count="22">
            <param name="TIME" type="float"/>
          </accessor>
        </technique_common>
      </source>
      <source id="mixamorig_LeftHandIndex1-Matrix-animation-output-transform">
        <float_array id="mixamorig_LeftHandIndex1-Matrix-animation-output-transform-array" count="352">

0.999999 0.001503 0.000254 -4.736600 -0.001477 0.996777 -0.080214 18.296801 -0.000374 0.080213 0.996778 0.973500 0.000000 0.000000 0.000000 1.000000
1.000000 0.000750 0.000261 -4.736600 -0.000728 0.997262 -0.073952 18.296801 -0.000316 0.073952 0.997262 0.973500 0.000000 0.000000 0.000000 1.000000
0.999999 -0.001110 0.000258 -4.736600 0.001124 0.998288 -0.058478 18.296801 -0.000193 0.058478 0.998289 0.973500 0.000000 0.000000 0.000000 1.000000
1.000000 -0.000775 0.000261 -4.736600 0.000789 0.998121 -0.061272 18.296801 -0.000213 0.061272 0.998121 0.973500 0.000000 0.000000 0.000000 1.000000
0.999995 0.003263 0.000219 -4.736600 -0.003227 0.995488 -0.094837 18.296801 -0.000528 0.094835 0.995493 0.973500 0.000000 0.000000 0.000000 1.000000
0.999969 0.007894 0.000004 -4.736600 -0.007823 0.991053 -0.133242 18.296801 -0.001055 0.133238 0.991083 0.973500 0.000000 0.000000 0.000000 1.000000
0.999949 0.010059 -0.000159 -4.736600 -0.009968 0.988459 -0.151162 18.296801 -0.001363 0.151156 0.988509 0.973500 0.000000 0.000000 0.000000 1.000000
0.999959 0.009058 -0.000079 -4.736600 -0.008977 0.989699 -0.142879 18.296801 -0.001216 0.142874 0.989740 0.973500 0.000000 0.000000 0.000000 1.000000
0.999983 0.005824 0.000123 -4.736600 -0.005770 0.993223 -0.116083 18.296801 -0.000798 0.116081 0.993239 0.973500 0.000000 0.000000 0.000000 1.000000
0.999996 0.002767 0.000232 -4.736600 -0.002735 0.995873 -0.090722 18.296801 -0.000482 0.090721 0.995876 0.973500 0.000000 0.000000 0.000000 1.000000
0.999999 0.000978 0.000260 -4.736600 -0.000955 0.997119 -0.075849 18.296801 -0.000334 0.075849 0.997119 0.973500 0.000000 0.000000 0.000000 1.000000
1.000000 0.000497 0.000263 -4.736600 -0.000477 0.997415 -0.071855 18.296801 -0.000298 0.071855 0.997415 0.973500 0.000000 0.000000 0.000000 1.000000
1.000000 0.000580 0.000262 -4.736600 -0.000559 0.997365 -0.072541 18.296801 -0.000304 0.072540 0.997365 0.973500 0.000000 0.000000 0.000000 1.000000
1.000000 0.000629 0.000262 -4.736600 -0.000608 0.997336 -0.072946 18.296801 -0.000307 0.072946 0.997336 0.973500 0.000000 0.000000 0.000000 1.000000
1.000000 0.000598 0.000262 -4.736600 -0.000578 0.997354 -0.072694 18.296801 -0.000305 0.072694 0.997354 0.973500 0.000000 0.000000 0.000000 1.000000
1.000000 0.000584 0.000262 -4.736600 -0.000563 0.997363 -0.072574 18.296801 -0.000304 0.072573 0.997363 0.973500 0.000000 0.000000 0.000000 1.000000
1.000000 0.000593 0.000262 -4.736600 -0.000573 0.997357 -0.072652 18.296801 -0.000305 0.072652 0.997357 0.973500 0.000000 0.000000 0.000000 1.000000
1.000000 0.000596 0.000263 -4.736600 -0.000576 0.997355 -0.072683 18.296801 -0.000305 0.072683 0.997355 0.973500 0.000000 0.000000 0.000000 1.000000
1.000000 0.000592 0.000262 -4.736600 -0.000571 0.997358 -0.072641 18.296801 -0.000304 0.072640 0.997358 0.973500 0.000000 0.000000 0.000000 1.000000
1.000000 0.000621 0.000262 -4.736600 -0.000600 0.997341 -0.072879 18.296801 -0.000307 0.072879 0.997341 0.973500 0.000000 0.000000 0.000000 1.000000
0.999999 0.001017 0.000259 -4.736600 -0.000995 0.997094 -0.076180 18.296801 -0.000336 0.076179 0.997094 0.973500 0.000000 0.000000 0.000000 1.000000
0.999999 0.001503 0.000254 -4.736600 -0.001478 0.996777 -0.080214 18.296801 -0.000374 0.080213 0.996778 0.973500 0.000000 0.000000 0.000000 1.000000</float_array>
        <technique_common>
          <accessor source="#mixamorig_LeftHandIndex1-Matrix-animation-output-transform-array" count="22" stride="16">
            <param type="float4x4"/>
          </accessor>
        </technique_common>
      </source>
      <source id="mixamorig_LeftHandIndex1-Interpolations">
        <Name_array id="mixamorig_LeftHandIndex1-Interpolations-array" count="22">
 LINEAR LINEAR LINEAR LINEAR LINEAR LINEAR LINEAR LINEAR LINEAR LINEAR LINEAR
LINEAR LINEAR LINEAR LINEAR LINEAR LINEAR LINEAR LINEAR LINEAR LINEAR LINEAR</Name_array>
        <technique_common>
          <accessor source="#mixamorig_LeftHandIndex1-Interpolations-array" count="22">
            <param type="name"/>
          </accessor>
        </technique_common>
      </source>
      <sampler id="mixamorig_LeftHandIndex1-Matrix-animation-transform">
        <input semantic="INPUT" source="#mixamorig_LeftHandIndex1-Matrix-animation-input"/>
        <input semantic="OUTPUT" source="#mixamorig_LeftHandIndex1-Matrix-animation-output-transform"/>
        <input semantic="INTERPOLATION" source="#mixamorig_LeftHandIndex1-Interpolations"/>
      </sampler>
      <channel source="#mixamorig_LeftHandIndex1-Matrix-animation-transform" target="mixamorig_LeftHandIndex1/matrix"/>
    </animation>
    <animation id="mixamorig_LeftHandIndex2-anim" name="mixamorig_LeftHandIndex2">
      <source id="mixamorig_LeftHandIndex2-Matrix-animation-input">
        <float_array id="mixamorig_LeftHandIndex2-Matrix-animation-input-array" count="22">

0.000000 0.033333 0.066667 0.100000 0.133333 0.166667 0.200000 0.233333 0.266667 0.300000 0.333333 0.366667 0.400000 0.433333 0.466667 0.500000
0.533333 0.566667 0.600000 0.633333 0.666667 0.700000</float_array>
        <technique_common>
          <accessor source="#mixamorig_LeftHandIndex2-Matrix-animation-input-array" count="22">
            <param name="TIME" type="float"/>
          </accessor>
        </technique_common>
      </source>
      <source id="mixamorig_LeftHandIndex2-Matrix-animation-output-transform">
        <float_array id="mixamorig_LeftHandIndex2-Matrix-animation-output-transform-array" count="352">

0.999848 0.017410 -0.001273 0.000000 -0.017410 0.989207 -0.145487 4.697600 -0.001273 0.145487 0.989359 0.000000 0.000000 0.000000 0.000000 1.000000
0.999851 0.017224 -0.001246 0.000000 -0.017224 0.989437 -0.143934 4.697600 -0.001246 0.143934 0.989586 0.000000 0.000000 0.000000 0.000000 1.000000
0.999851 0.017239 -0.001248 0.000000 -0.017239 0.989419 -0.144059 4.697600 -0.001248 0.144059 0.989568 -0.000000 0.000000 0.000000 0.000000 1.000000
0.999834 0.018171 -0.001388 0.000000 -0.018171 0.988237 -0.151844 4.697600 -0.001388 0.151844 0.988403 -0.000000 0.000000 0.000000 0.000000 1.000000
0.999727 0.023251 -0.002281 0.000000 -0.023251 0.980668 -0.194293 4.697600 -0.002281 0.194293 0.980941 0.000000 0.000000 0.000000 0.000000 1.000000
0.999594 0.028280 -0.003390 0.000000 -0.028280 0.971262 -0.236325 4.697600 -0.003390 0.236325 0.971668 0.000000 0.000000 0.000000 0.000000 1.000000
0.999525 0.030572 -0.003972 0.000000 -0.030572 0.966332 -0.255475 4.697600 -0.003972 0.255475 0.966807 0.000000 0.000000 0.000000 0.000000 1.000000
0.999556 0.029565 -0.003710 0.000000 -0.029565 0.968550 -0.247056 4.697600 -0.003711 0.247056 0.968994 0.000000 0.000000 0.000000 0.000000 1.000000
0.999600 0.028078 -0.003342 0.000000 -0.028078 0.971679 -0.234632 4.697600 -0.003341 0.234632 0.972079 0.000000 0.000000 0.000000 0.000000 1.000000
0.999631 0.026974 -0.003080 -0.000000 -0.026974 0.973891 -0.225410 4.697600 -0.003081 0.225410 0.974259 0.000000 0.000000 0.000000 0.000000 1.000000
0.999694 0.024595 -0.002555 -0.000000 -0.024595 0.978342 -0.205528 4.697600 -0.002555 0.205528 0.978648 0.000000 0.000000 0.000000 0.000000 1.000000
0.999742 0.022600 -0.002154 0.000000 -0.022600 0.981744 -0.188862 4.697600 -0.002154 0.188862 0.982001 0.000000 0.000000 0.000000 0.000000 1.000000
0.999768 0.021432 -0.001935 -0.000000 -0.021432 0.983598 -0.179097 4.697600 -0.001935 0.179097 0.983830 0.000000 0.000000 0.000000 0.000000 1.000000
0.999769 0.021414 -0.001932 -0.000000 -0.021414 0.983626 -0.178943 4.697600 -0.001932 0.178943 0.983858 0.000000 0.000000 0.000000 0.000000 1.000000
0.999769 0.021384 -0.001926 -0.000000 -0.021384 0.983672 -0.178695 4.697600 -0.001926 0.178695 0.983903 0.000000 0.000000 0.000000 0.000000 1.000000
0.999770 0.021369 -0.001924 0.000000 -0.021369 0.983694 -0.178575 4.697600 -0.001923 0.178575 0.983924 0.000000 0.000000 0.000000 0.000000 1.000000
0.999770 0.021378 -0.001925 -0.000000 -0.021378 0.983681 -0.178648 4.697600 -0.001925 0.178648 0.983911 0.000000 0.000000 0.000000 0.000000 1.000000
0.999770 0.021383 -0.001926 0.000000 -0.021383 0.983674 -0.178682 4.697600 -0.001926 0.178682 0.983905 0.000000 0.000000 0.000000 0.000000 1.000000
0.999770 0.021379 -0.001925 0.000000 -0.021379 0.983680 -0.178655 4.697600 -0.001926 0.178655 0.983910 -0.000000 0.000000 0.000000 0.000000 1.000000
0.999811 0.019354 -0.001576 0.000000 -0.019354 0.986645 -0.161729 4.697600 -0.001575 0.161729 0.986834 -0.000000 0.000000 0.000000 0.000000 1.000000
0.999866 0.016322 -0.001118 0.000000 -0.016322 0.990520 -0.136395 4.697600 -0.001118 0.136395 0.990654 0.000000 0.000000 0.000000 0.000000 1.000000
0.999848 0.017410 -0.001273 0.000000 -0.017410 0.989207 -0.145486 4.697600 -0.001273 0.145486 0.989359 0.000000 0.000000 0.000000 0.000000 1.000000</float_array>
        <technique_common>
          <accessor source="#mixamorig_LeftHandIndex2-Matrix-animation-output-transform-array" count="22" stride="16">
            <param type="float4x4"/>
          </accessor>
        </technique_common>
      </source>
      <source id="mixamorig_LeftHandIndex2-Interpolations">
        <Name_array id="mixamorig_LeftHandIndex2-Interpolations-array" count="22">
 LINEAR LINEAR LINEAR LINEAR LINEAR LINEAR LINEAR LINEAR LINEAR LINEAR LINEAR
LINEAR LINEAR LINEAR LINEAR LINEAR LINEAR LINEAR LINEAR LINEAR LINEAR LINEAR</Name_array>
        <technique_common>
          <accessor source="#mixamorig_LeftHandIndex2-Interpolations-array" count="22">
            <param type="name"/>
          </accessor>
        </technique_common>
      </source>
      <sampler id="mixamorig_LeftHandIndex2-Matrix-animation-transform">
        <input semantic="INPUT" source="#mixamorig_LeftHandIndex2-Matrix-animation-input"/>
        <input semantic="OUTPUT" source="#mixamorig_LeftHandIndex2-Matrix-animation-output-transform"/>
        <input semantic="INTERPOLATION" source="#mixamorig_LeftHandIndex2-Interpolations"/>
      </sampler>
      <channel source="#mixamorig_LeftHandIndex2-Matrix-animation-transform" target="mixamorig_LeftHandIndex2/matrix"/>
    </animation>
    <animation id="mixamorig_LeftHandIndex3-anim" name="mixamorig_LeftHandIndex3">
      <source id="mixamorig_LeftHandIndex3-Matrix-animation-input">
        <float_array id="mixamorig_LeftHandIndex3-Matrix-animation-input-array" count="22">

0.000000 0.033333 0.066667 0.100000 0.133333 0.166667 0.200000 0.233333 0.266667 0.300000 0.333333 0.366667 0.400000 0.433333 0.466667 0.500000
0.533333 0.566667 0.600000 0.633333 0.666667 0.700000</float_array>
        <technique_common>
          <accessor source="#mixamorig_LeftHandIndex3-Matrix-animation-input-array" count="22">
            <param name="TIME" type="float"/>
          </accessor>
        </technique_common>
      </source>
      <source id="mixamorig_LeftHandIndex3-Matrix-animation-output-transform">
        <float_array id="mixamorig_LeftHandIndex3-Matrix-animation-output-transform-array" count="352">

0.999989 0.004639 -0.000090 0.000000 -0.004639 0.999238 -0.038763 2.893900 -0.000090 0.038763 0.999248 0.000000 0.000000 0.000000 0.000000 1.000000
0.999991 0.004289 -0.000077 0.000000 -0.004289 0.999348 -0.035840 2.893900 -0.000077 0.035840 0.999358 0.000000 0.000000 0.000000 0.000000 1.000000
0.999994 0.003403 -0.000048 -0.000000 -0.003403 0.999590 -0.028433 2.893900 -0.000048 0.028433 0.999596 0.000000 0.000000 0.000000 0.000000 1.000000
0.999994 0.003593 -0.000054 -0.000000 -0.003592 0.999543 -0.030021 2.893900 -0.000054 0.030021 0.999549 0.000000 0.000000 0.000000 0.000000 1.000000
0.999985 0.005437 -0.000123 -0.000000 -0.005437 0.998953 -0.045432 2.893900 -0.000124 0.045432 0.998967 0.000000 0.000000 0.000000 0.000000 1.000000
0.999971 0.007644 -0.000244 -0.000000 -0.007644 0.997928 -0.063878 2.893900 -0.000245 0.063878 0.997958 0.000000 0.000000 0.000000 0.000000 1.000000
0.999960 0.008900 -0.000331 0.000000 -0.008900 0.997191 -0.074374 2.893900 -0.000332 0.074374 0.997230 -0.000000 0.000000 0.000000 0.000000 1.000000
0.999962 0.008668 -0.000314 0.000000 -0.008668 0.997336 -0.072434 2.893900 -0.000314 0.072434 0.997373 0.000000 0.000000 0.000000 0.000000 1.000000
0.999975 0.007069 -0.000209 0.000000 -0.007069 0.998229 -0.059075 2.893900 -0.000209 0.059075 0.998254 0.000000 0.000000 0.000000 0.000000 1.000000
0.999986 0.005364 -0.000120 0.000000 -0.005364 0.998980 -0.044826 2.893900 -0.000120 0.044826 0.998995 -0.000000 0.000000 0.000000 0.000000 1.000000
0.999991 0.004356 -0.000079 0.000000 -0.004356 0.999328 -0.036402 2.893900 -0.000079 0.036402 0.999337 0.000000 0.000000 0.000000 0.000000 1.000000
0.999992 0.004119 -0.000071 0.000000 -0.004119 0.999399 -0.034423 2.893900 -0.000071 0.034423 0.999407 0.000000 0.000000 0.000000 0.000000 1.000000
0.999991 0.004181 -0.000073 0.000000 -0.004181 0.999381 -0.034936 2.893900 -0.000073 0.034936 0.999390 0.000000 0.000000 0.000000 0.000000 1.000000
0.999991 0.004202 -0.000074 -0.000000 -0.004202 0.999375 -0.035113 2.893900 -0.000074 0.035113 0.999383 0.000000 0.000000 0.000000 0.000000 1.000000
0.999991 0.004181 -0.000073 0.000000 -0.004181 0.999381 -0.034942 2.893900 -0.000073 0.034942 0.999389 0.000000 0.000000 0.000000 0.000000 1.000000
0.999991 0.004175 -0.000073 0.000000 -0.004175 0.999383 -0.034885 2.893900 -0.000073 0.034885 0.999391 -0.000000 0.000000 0.000000 0.000000 1.000000
0.999991 0.004181 -0.000073 -0.000000 -0.004181 0.999381 -0.034936 2.893900 -0.000073 0.034936 0.999390 -0.000000 0.000000 0.000000 0.000000 1.000000
0.999991 0.004183 -0.000073 -0.000000 -0.004183 0.999380 -0.034952 2.893900 -0.000073 0.034952 0.999389 0.000000 0.000000 0.000000 0.000000 1.000000
0.999991 0.004181 -0.000073 0.000000 -0.004181 0.999381 -0.034934 2.893900 -0.000073 0.034934 0.999390 0.000000 0.000000 0.000000 0.000000 1.000000
0.999991 0.004194 -0.000074 0.000000 -0.004194 0.999377 -0.035048 2.893900 -0.000073 0.035048 0.999386 0.000000 0.000000 0.000000 0.000000 1.000000
0.999990 0.004390 -0.000081 0.000000 -0.004390 0.999317 -0.036686 2.893900 -0.000081 0.036686 0.999327 0.000000 0.000000 0.000000 0.000000 1.000000
0.999989 0.004639 -0.000090 -0.000000 -0.004639 0.999238 -0.038763 2.893900 -0.000090 0.038763 0.999248 -0.000000 0.000000 0.000000 0.000000 1.000000</float_array>
        <technique_common>
          <accessor source="#mixamorig_LeftHandIndex3-Matrix-animation-output-transform-array" count="22" stride="16">
            <param type="float4x4"/>
          </accessor>
        </technique_common>
      </source>
      <source id="mixamorig_LeftHandIndex3-Interpolations">
        <Name_array id="mixamorig_LeftHandIndex3-Interpolations-array" count="22">
 LINEAR LINEAR LINEAR LINEAR LINEAR LINEAR LINEAR LINEAR LINEAR LINEAR LINEAR
LINEAR LINEAR LINEAR LINEAR LINEAR LINEAR LINEAR LINEAR LINEAR LINEAR LINEAR</Name_array>
        <technique_common>
          <accessor source="#mixamorig_LeftHandIndex3-Interpolations-array" count="22">
            <param type="name"/>
          </accessor>
        </technique_common>
      </source>
      <sampler id="mixamorig_LeftHandIndex3-Matrix-animation-transform">
        <input semantic="INPUT" source="#mixamorig_LeftHandIndex3-Matrix-animation-input"/>
        <input semantic="OUTPUT" source="#mixamorig_LeftHandIndex3-Matrix-animation-output-transform"/>
        <input semantic="INTERPOLATION" source="#mixamorig_LeftHandIndex3-Interpolations"/>
      </sampler>
      <channel source="#mixamorig_LeftHandIndex3-Matrix-animation-transform" target="mixamorig_LeftHandIndex3/matrix"/>
    </animation>
    <animation id="mixamorig_LeftHandMiddle1-anim" name="mixamorig_LeftHandMiddle1">
      <source id="mixamorig_LeftHandMiddle1-Matrix-animation-input">
        <float_array id="mixamorig_LeftHandMiddle1-Matrix-animation-input-array" count="22">

0.000000 0.033333 0.066667 0.100000 0.133333 0.166667 0.200000 0.233333 0.266667 0.300000 0.333333 0.366667 0.400000 0.433333 0.466667 0.500000
0.533333 0.566667 0.600000 0.633333 0.666667 0.700000</float_array>
        <technique_common>
          <accessor source="#mixamorig_LeftHandMiddle1-Matrix-animation-input-array" count="22">
            <param name="TIME" type="float"/>
          </accessor>
        </technique_common>
      </source>
      <source id="mixamorig_LeftHandMiddle1-Matrix-animation-output-transform">
        <float_array id="mixamorig_LeftHandMiddle1-Matrix-animation-output-transform-array" count="352">

0.999999 0.001469 0.000254 -0.139500 -0.001444 0.996799 -0.079936 17.924500 -0.000371 0.079935 0.996800 0.050800 0.000000 0.000000 0.000000 1.000000
1.000000 0.000716 0.000261 -0.139500 -0.000695 0.997282 -0.073674 17.924500 -0.000313 0.073674 0.997282 0.050800 0.000000 0.000000 0.000000 1.000000
0.999999 -0.001144 0.000258 -0.139500 0.001157 0.998304 -0.058199 17.924500 -0.000191 0.058199 0.998305 0.050800 0.000000 0.000000 0.000000 1.000000
1.000000 -0.000808 0.000261 -0.139500 0.000823 0.998138 -0.060994 17.924500 -0.000211 0.060994 0.998138 0.050800 0.000000 0.000000 0.000000 1.000000
0.999995 0.003229 0.000220 -0.139500 -0.003194 0.995514 -0.094559 17.924500 -0.000525 0.094558 0.995519 0.050800 0.000000 0.000000 0.000000 1.000000
0.999969 0.007861 0.000006 -0.139500 -0.007790 0.991090 -0.132966 17.924500 -0.001051 0.132962 0.991121 0.050800 0.000000 0.000000 0.000000 1.000000
0.999950 0.010026 -0.000156 -0.139500 -0.009935 0.988501 -0.150886 17.924500 -0.001358 0.150880 0.988551 0.050800 0.000000 0.000000 0.000000 1.000000
0.999959 0.009025 -0.000077 -0.139500 -0.008943 0.989740 -0.142603 17.924500 -0.001211 0.142598 0.989780 0.050800 0.000000 0.000000 0.000000 1.000000
0.999983 0.005790 0.000124 -0.139500 -0.005737 0.993255 -0.115806 17.924500 -0.000794 0.115804 0.993272 0.050800 0.000000 0.000000 0.000000 1.000000
0.999996 0.002734 0.000232 -0.139500 -0.002702 0.995898 -0.090444 17.924500 -0.000479 0.090443 0.995902 0.050800 0.000000 0.000000 0.000000 1.000000
1.000000 0.000944 0.000260 -0.139500 -0.000922 0.997140 -0.075571 17.924500 -0.000331 0.075571 0.997140 0.050800 0.000000 0.000000 0.000000 1.000000
1.000000 0.000464 0.000263 -0.139500 -0.000444 0.997435 -0.071577 17.924500 -0.000295 0.071576 0.997435 0.050800 0.000000 0.000000 0.000000 1.000000
1.000000 0.000546 0.000262 -0.139500 -0.000526 0.997386 -0.072262 17.924500 -0.000301 0.072262 0.997386 0.050800 0.000000 0.000000 0.000000 1.000000
1.000000 0.000595 0.000262 -0.139500 -0.000574 0.997356 -0.072668 17.924500 -0.000305 0.072668 0.997356 0.050800 0.000000 0.000000 0.000000 1.000000
1.000000 0.000565 0.000262 -0.139500 -0.000545 0.997374 -0.072416 17.924500 -0.000303 0.072416 0.997375 0.050800 0.000000 0.000000 0.000000 1.000000
1.000000 0.000550 0.000263 -0.139500 -0.000530 0.997383 -0.072295 17.924500 -0.000302 0.072295 0.997383 0.050800 0.000000 0.000000 0.000000 1.000000
1.000000 0.000560 0.000262 -0.139500 -0.000539 0.997377 -0.072374 17.924500 -0.000302 0.072374 0.997378 0.050800 0.000000 0.000000 0.000000 1.000000
1.000000 0.000563 0.000263 -0.139500 -0.000543 0.997375 -0.072405 17.924500 -0.000303 0.072405 0.997375 0.050800 0.000000 0.000000 0.000000 1.000000
1.000000 0.000558 0.000262 -0.139500 -0.000538 0.997378 -0.072362 17.924500 -0.000302 0.072362 0.997378 0.050800 0.000000 0.000000 0.000000 1.000000
1.000000 0.000587 0.000262 -0.139500 -0.000567 0.997361 -0.072601 17.924500 -0.000304 0.072601 0.997361 0.050800 0.000000 0.000000 0.000000 1.000000
0.999999 0.000984 0.000260 -0.139500 -0.000961 0.997115 -0.075901 17.924500 -0.000333 0.075901 0.997115 0.050800 0.000000 0.000000 0.000000 1.000000
0.999999 0.001469 0.000255 -0.139500 -0.001444 0.996799 -0.079936 17.924500 -0.000371 0.079935 0.996800 0.050800 0.000000 0.000000 0.000000 1.000000</float_array>
        <technique_common>
          <accessor source="#mixamorig_LeftHandMiddle1-Matrix-animation-output-transform-array" count="22" stride="16">
            <param type="float4x4"/>
          </accessor>
        </technique_common>
      </source>
      <source id="mixamorig_LeftHandMiddle1-Interpolations">
        <Name_array id="mixamorig_LeftHandMiddle1-Interpolations-array" count="22">
 LINEAR LINEAR LINEAR LINEAR LINEAR LINEAR LINEAR LINEAR LINEAR LINEAR LINEAR
LINEAR LINEAR LINEAR LINEAR LINEAR LINEAR LINEAR LINEAR LINEAR LINEAR LINEAR</Name_array>
        <technique_common>
          <accessor source="#mixamorig_LeftHandMiddle1-Interpolations-array" count="22">
            <param type="name"/>
          </accessor>
        </technique_common>
      </source>
      <sampler id="mixamorig_LeftHandMiddle1-Matrix-animation-transform">
        <input semantic="INPUT" source="#mixamorig_LeftHandMiddle1-Matrix-animation-input"/>
        <input semantic="OUTPUT" source="#mixamorig_LeftHandMiddle1-Matrix-animation-output-transform"/>
        <input semantic="INTERPOLATION" source="#mixamorig_LeftHandMiddle1-Interpolations"/>
      </sampler>
      <channel source="#mixamorig_LeftHandMiddle1-Matrix-animation-transform" target="mixamorig_LeftHandMiddle1/matrix"/>
    </animation>
    <animation id="mixamorig_LeftHandMiddle2-anim" name="mixamorig_LeftHandMiddle2">
      <source id="mixamorig_LeftHandMiddle2-Matrix-animation-input">
        <float_array id="mixamorig_LeftHandMiddle2-Matrix-animation-input-array" count="22">

0.000000 0.033333 0.066667 0.100000 0.133333 0.166667 0.200000 0.233333 0.266667 0.300000 0.333333 0.366667 0.400000 0.433333 0.466667 0.500000
0.533333 0.566667 0.600000 0.633333 0.666667 0.700000</float_array>
        <technique_common>
          <accessor source="#mixamorig_LeftHandMiddle2-Matrix-animation-input-array" count="22">
            <param name="TIME" type="float"/>
          </accessor>
        </technique_common>
      </source>
      <source id="mixamorig_LeftHandMiddle2-Matrix-animation-output-transform">
        <float_array id="mixamorig_LeftHandMiddle2-Matrix-animation-output-transform-array" count="352">

0.999847 0.017443 -0.001278 0.000000 -0.017443 0.989166 -0.145763 5.001900 -0.001278 0.145763 0.989319 0.000000 0.000000 0.000000 0.000000 1.000000
0.999850 0.017257 -0.001251 0.000000 -0.017257 0.989397 -0.144210 5.001900 -0.001251 0.144210 0.989546 0.000000 0.000000 0.000000 0.000000 1.000000
0.999850 0.017272 -0.001253 0.000000 -0.017272 0.989378 -0.144335 5.001900 -0.001253 0.144335 0.989528 0.000000 0.000000 0.000000 0.000000 1.000000
0.999833 0.018204 -0.001393 -0.000000 -0.018204 0.988194 -0.152120 5.001900 -0.001393 0.152120 0.988361 0.000000 0.000000 0.000000 0.000000 1.000000
0.999726 0.023283 -0.002287 0.000000 -0.023283 0.980613 -0.194566 5.001900 -0.002287 0.194566 0.980887 0.000000 0.000000 0.000000 0.000000 1.000000
0.999593 0.028313 -0.003398 0.000000 -0.028313 0.971196 -0.236596 5.001900 -0.003398 0.236596 0.971602 0.000000 0.000000 0.000000 0.000000 1.000000
0.999524 0.030604 -0.003980 0.000000 -0.030604 0.966260 -0.255745 5.001900 -0.003981 0.255745 0.966736 0.000000 0.000000 0.000000 0.000000 1.000000
0.999555 0.029597 -0.003719 -0.000000 -0.029597 0.968480 -0.247326 5.001900 -0.003719 0.247326 0.968925 0.000000 0.000000 0.000000 0.000000 1.000000
0.999599 0.028110 -0.003349 -0.000000 -0.028110 0.971612 -0.234903 5.001900 -0.003349 0.234903 0.972013 0.000000 0.000000 0.000000 0.000000 1.000000
0.999630 0.027007 -0.003088 0.000000 -0.027007 0.973827 -0.225682 5.001900 -0.003088 0.225682 0.974196 -0.000000 0.000000 0.000000 0.000000 1.000000
0.999693 0.024628 -0.002562 0.000000 -0.024628 0.978284 -0.205801 5.001900 -0.002562 0.205801 0.978590 -0.000000 0.000000 0.000000 0.000000 1.000000
0.999741 0.022633 -0.002160 0.000000 -0.022633 0.981690 -0.189136 5.001900 -0.002160 0.189136 0.981949 0.000000 0.000000 0.000000 0.000000 1.000000
0.999768 0.021465 -0.001941 0.000000 -0.021465 0.983547 -0.179371 5.001900 -0.001941 0.179371 0.983780 0.000000 0.000000 0.000000 0.000000 1.000000
0.999768 0.021447 -0.001938 0.000000 -0.021447 0.983576 -0.179217 5.001900 -0.001938 0.179217 0.983808 0.000000 0.000000 0.000000 0.000000 1.000000
0.999769 0.021417 -0.001932 0.000000 -0.021417 0.983621 -0.178970 5.001900 -0.001932 0.178970 0.983853 0.000000 0.000000 0.000000 0.000000 1.000000
0.999769 0.021403 -0.001930 0.000000 -0.021403 0.983644 -0.178849 5.001900 -0.001930 0.178849 0.983875 -0.000000 0.000000 0.000000 0.000000 1.000000
0.999769 0.021411 -0.001931 0.000000 -0.021411 0.983630 -0.178922 5.001900 -0.001932 0.178922 0.983861 0.000000 0.000000 0.000000 0.000000 1.000000
0.999769 0.021415 -0.001932 -0.000000 -0.021415 0.983624 -0.178957 5.001900 -0.001932 0.178957 0.983855 0.000000 0.000000 0.000000 0.000000 1.000000
0.999769 0.021412 -0.001932 0.000000 -0.021412 0.983629 -0.178929 5.001900 -0.001931 0.178929 0.983860 0.000000 0.000000 0.000000 0.000000 1.000000
0.999811 0.019387 -0.001581 -0.000000 -0.019387 0.986600 -0.162004 5.001900 -0.001581 0.162004 0.986789 0.000000 0.000000 0.000000 0.000000 1.000000
0.999866 0.016355 -0.001123 -0.000000 -0.016355 0.990481 -0.136671 5.001900 -0.001123 0.136671 0.990616 -0.000000 0.000000 0.000000 0.000000 1.000000
0.999847 0.017443 -0.001278 -0.000000 -0.017443 0.989166 -0.145763 5.001900 -0.001278 0.145763 0.989319 -0.000000 0.000000 0.000000 0.000000 1.000000</float_array>
        <technique_common>
          <accessor source="#mixamorig_LeftHandMiddle2-Matrix-animation-output-transform-array" count="22" stride="16">
            <param type="float4x4"/>
          </accessor>
        </technique_common>
      </source>
      <source id="mixamorig_LeftHandMiddle2-Interpolations">
        <Name_array id="mixamorig_LeftHandMiddle2-Interpolations-array" count="22">
 LINEAR LINEAR LINEAR LINEAR LINEAR LINEAR LINEAR LINEAR LINEAR LINEAR LINEAR
LINEAR LINEAR LINEAR LINEAR LINEAR LINEAR LINEAR LINEAR LINEAR LINEAR LINEAR</Name_array>
        <technique_common>
          <accessor source="#mixamorig_LeftHandMiddle2-Interpolations-array" count="22">
            <param type="name"/>
          </accessor>
        </technique_common>
      </source>
      <sampler id="mixamorig_LeftHandMiddle2-Matrix-animation-transform">
        <input semantic="INPUT" source="#mixamorig_LeftHandMiddle2-Matrix-animation-input"/>
        <input semantic="OUTPUT" source="#mixamorig_LeftHandMiddle2-Matrix-animation-output-transform"/>
        <input semantic="INTERPOLATION" source="#mixamorig_LeftHandMiddle2-Interpolations"/>
      </sampler>
      <channel source="#mixamorig_LeftHandMiddle2-Matrix-animation-transform" target="mixamorig_LeftHandMiddle2/matrix"/>
    </animation>
    <animation id="mixamorig_LeftHandMiddle3-anim" name="mixamorig_LeftHandMiddle3">
      <source id="mixamorig_LeftHandMiddle3-Matrix-animation-input">
        <float_array id="mixamorig_LeftHandMiddle3-Matrix-animation-input-array" count="22">

0.000000 0.033333 0.066667 0.100000 0.133333 0.166667 0.200000 0.233333 0.266667 0.300000 0.333333 0.366667 0.400000 0.433333 0.466667 0.500000
0.533333 0.566667 0.600000 0.633333 0.666667 0.700000</float_array>
        <technique_common>
          <accessor source="#mixamorig_LeftHandMiddle3-Matrix-animation-input-array" count="22">
            <param name="TIME" type="float"/>
          </accessor>
        </technique_common>
      </source>
      <source id="mixamorig_LeftHandMiddle3-Matrix-animation-output-transform">
        <float_array id="mixamorig_LeftHandMiddle3-Matrix-animation-output-transform-array" count="352">

0.999989 0.004639 -0.000090 0.000000 -0.004639 0.999238 -0.038763 3.278600 -0.000090 0.038763 0.999248 0.000000 0.000000 0.000000 0.000000 1.000000
0.999991 0.004289 -0.000077 0.000000 -0.004289 0.999348 -0.035840 3.278600 -0.000077 0.035840 0.999358 0.000000 0.000000 0.000000 0.000000 1.000000
0.999994 0.003403 -0.000048 0.000000 -0.003403 0.999590 -0.028433 3.278600 -0.000048 0.028433 0.999596 -0.000000 0.000000 0.000000 0.000000 1.000000
0.999994 0.003593 -0.000054 0.000000 -0.003593 0.999543 -0.030021 3.278600 -0.000054 0.030021 0.999549 0.000000 0.000000 0.000000 0.000000 1.000000
0.999985 0.005437 -0.000123 0.000000 -0.005437 0.998953 -0.045432 3.278600 -0.000124 0.045432 0.998967 0.000000 0.000000 0.000000 0.000000 1.000000
0.999971 0.007644 -0.000244 0.000000 -0.007644 0.997928 -0.063878 3.278600 -0.000245 0.063878 0.997958 0.000000 0.000000 0.000000 0.000000 1.000000
0.999960 0.008900 -0.000332 0.000000 -0.008900 0.997191 -0.074374 3.278600 -0.000331 0.074374 0.997230 0.000000 0.000000 0.000000 0.000000 1.000000
0.999962 0.008668 -0.000314 0.000000 -0.008668 0.997336 -0.072434 3.278600 -0.000314 0.072434 0.997373 0.000000 0.000000 0.000000 0.000000 1.000000
0.999975 0.007069 -0.000209 0.000000 -0.007069 0.998229 -0.059075 3.278600 -0.000209 0.059075 0.998254 0.000000 0.000000 0.000000 0.000000 1.000000
0.999986 0.005364 -0.000121 0.000000 -0.005364 0.998980 -0.044826 3.278600 -0.000120 0.044826 0.998995 0.000000 0.000000 0.000000 0.000000 1.000000
0.999991 0.004356 -0.000079 0.000000 -0.004356 0.999328 -0.036402 3.278600 -0.000079 0.036402 0.999337 0.000000 0.000000 0.000000 0.000000 1.000000
0.999992 0.004119 -0.000071 0.000000 -0.004119 0.999399 -0.034423 3.278600 -0.000071 0.034423 0.999407 -0.000000 0.000000 0.000000 0.000000 1.000000
0.999991 0.004181 -0.000073 -0.000000 -0.004181 0.999381 -0.034936 3.278600 -0.000073 0.034936 0.999390 0.000000 0.000000 0.000000 0.000000 1.000000
0.999991 0.004202 -0.000074 0.000000 -0.004202 0.999375 -0.035113 3.278600 -0.000074 0.035113 0.999383 0.000000 0.000000 0.000000 0.000000 1.000000
0.999991 0.004181 -0.000073 -0.000000 -0.004181 0.999381 -0.034942 3.278600 -0.000073 0.034942 0.999389 -0.000000 0.000000 0.000000 0.000000 1.000000
0.999991 0.004175 -0.000073 -0.000000 -0.004175 0.999383 -0.034885 3.278600 -0.000073 0.034885 0.999391 0.000000 0.000000 0.000000 0.000000 1.000000
0.999991 0.004181 -0.000073 -0.000000 -0.004181 0.999381 -0.034936 3.278600 -0.000073 0.034936 0.999390 -0.000000 0.000000 0.000000 0.000000 1.000000
0.999991 0.004183 -0.000073 0.000000 -0.004183 0.999380 -0.034952 3.278600 -0.000073 0.034952 0.999389 0.000000 0.000000 0.000000 0.000000 1.000000
0.999991 0.004181 -0.000073 0.000000 -0.004181 0.999381 -0.034934 3.278600 -0.000073 0.034934 0.999390 0.000000 0.000000 0.000000 0.000000 1.000000
0.999991 0.004194 -0.000074 0.000000 -0.004194 0.999377 -0.035048 3.278600 -0.000074 0.035048 0.999386 0.000000 0.000000 0.000000 0.000000 1.000000
0.999990 0.004390 -0.000080 0.000000 -0.004390 0.999317 -0.036686 3.278600 -0.000081 0.036686 0.999327 0.000000 0.000000 0.000000 0.000000 1.000000
0.999989 0.004639 -0.000090 -0.000000 -0.004639 0.999238 -0.038763 3.278600 -0.000090 0.038763 0.999248 0.000000 0.000000 0.000000 0.000000 1.000000</float_array>
        <technique_common>
          <accessor source="#mixamorig_LeftHandMiddle3-Matrix-animation-output-transform-array" count="22" stride="16">
            <param type="float4x4"/>
          </accessor>
        </technique_common>
      </source>
      <source id="mixamorig_LeftHandMiddle3-Interpolations">
        <Name_array id="mixamorig_LeftHandMiddle3-Interpolations-array" count="22">
 LINEAR LINEAR LINEAR LINEAR LINEAR LINEAR LINEAR LINEAR LINEAR LINEAR LINEAR
LINEAR LINEAR LINEAR LINEAR LINEAR LINEAR LINEAR LINEAR LINEAR LINEAR LINEAR</Name_array>
        <technique_common>
          <accessor source="#mixamorig_LeftHandMiddle3-Interpolations-array" count="22">
            <param type="name"/>
          </accessor>
        </technique_common>
      </source>
      <sampler id="mixamorig_LeftHandMiddle3-Matrix-animation-transform">
        <input semantic="INPUT" source="#mixamorig_LeftHandMiddle3-Matrix-animation-input"/>
        <input semantic="OUTPUT" source="#mixamorig_LeftHandMiddle3-Matrix-animation-output-transform"/>
        <input semantic="INTERPOLATION" source="#mixamorig_LeftHandMiddle3-Interpolations"/>
      </sampler>
      <channel source="#mixamorig_LeftHandMiddle3-Matrix-animation-transform" target="mixamorig_LeftHandMiddle3/matrix"/>
    </animation>
    <animation id="mixamorig_LeftHandRing1-anim" name="mixamorig_LeftHandRing1">
      <source id="mixamorig_LeftHandRing1-Matrix-animation-input">
        <float_array id="mixamorig_LeftHandRing1-Matrix-animation-input-array" count="22">

0.000000 0.033333 0.066667 0.100000 0.133333 0.166667 0.200000 0.233333 0.266667 0.300000 0.333333 0.366667 0.400000 0.433333 0.466667 0.500000
0.533333 0.566667 0.600000 0.633333 0.666667 0.700000</float_array>
        <technique_common>
          <accessor source="#mixamorig_LeftHandRing1-Matrix-animation-input-array" count="22">
            <param name="TIME" type="float"/>
          </accessor>
        </technique_common>
      </source>
      <source id="mixamorig_LeftHandRing1-Matrix-animation-output-transform">
        <float_array id="mixamorig_LeftHandRing1-Matrix-animation-output-transform-array" count="352">

0.999996 0.002854 0.000229 3.988400 -0.002821 0.995806 -0.091443 15.764500 -0.000489 0.091441 0.995810 0.151700 0.000000 0.000000 0.000000 1.000000
0.999998 0.002111 0.000245 3.988400 -0.002082 0.996356 -0.085267 15.764500 -0.000424 0.085266 0.996358 0.151700 0.000000 0.000000 0.000000 1.000000
1.000000 0.000265 0.000263 3.988400 -0.000246 0.997553 -0.069920 15.764500 -0.000281 0.069920 0.997553 0.151700 0.000000 0.000000 0.000000 1.000000
1.000000 0.000609 0.000262 3.988400 -0.000588 0.997348 -0.072781 15.764500 -0.000305 0.072780 0.997348 0.151700 0.000000 0.000000 0.000000 1.000000
0.999987 0.005151 0.000153 3.988400 -0.005103 0.993862 -0.110507 15.764500 -0.000721 0.110505 0.993875 0.151700 0.000000 0.000000 0.000000 1.000000
0.999944 0.010558 -0.000202 3.988400 -0.010461 0.987814 -0.155286 15.764500 -0.001440 0.155279 0.987870 0.151700 0.000000 0.000000 0.000000 1.000000
0.999913 0.013146 -0.000459 3.988400 -0.013020 0.984184 -0.176672 15.764500 -0.001870 0.176662 0.984270 0.151700 0.000000 0.000000 0.000000 1.000000
0.999931 0.011761 -0.000315 3.988400 -0.011651 0.986186 -0.165231 15.764500 -0.001633 0.165223 0.986255 0.151700 0.000000 0.000000 0.000000 1.000000
0.999970 0.007706 0.000016 3.988400 -0.007637 0.991262 -0.131683 15.764500 -0.001030 0.131679 0.991292 0.151700 0.000000 0.000000 0.000000 1.000000
0.999992 0.004099 0.000193 3.988400 -0.004058 0.994799 -0.101776 15.764500 -0.000609 0.101774 0.994807 0.151700 0.000000 0.000000 0.000000 1.000000
0.999997 0.002236 0.000243 3.988400 -0.002206 0.996266 -0.086304 15.764500 -0.000435 0.086303 0.996269 0.151700 0.000000 0.000000 0.000000 1.000000
0.999998 0.001848 0.000249 3.988400 -0.001821 0.996541 -0.083085 15.764500 -0.000402 0.083085 0.996542 0.151700 0.000000 0.000000 0.000000 1.000000
0.999998 0.001953 0.000247 3.988400 -0.001925 0.996468 -0.083956 15.764500 -0.000411 0.083955 0.996469 0.151700 0.000000 0.000000 0.000000 1.000000
0.999998 0.001978 0.000247 3.988400 -0.001950 0.996450 -0.084166 15.764500 -0.000413 0.084165 0.996452 0.151700 0.000000 0.000000 0.000000 1.000000
0.999998 0.001943 0.000248 3.988400 -0.001915 0.996475 -0.083872 15.764500 -0.000410 0.083871 0.996476 0.151700 0.000000 0.000000 0.000000 1.000000
0.999998 0.001935 0.000248 3.988400 -0.001907 0.996481 -0.083802 15.764500 -0.000409 0.083802 0.996482 0.151700 0.000000 0.000000 0.000000 1.000000
0.999998 0.001946 0.000248 3.988400 -0.001918 0.996473 -0.083895 15.764500 -0.000410 0.083894 0.996475 0.151700 0.000000 0.000000 0.000000 1.000000
0.999998 0.001947 0.000248 3.988400 -0.001920 0.996471 -0.083911 15.764500 -0.000410 0.083911 0.996473 0.151700 0.000000 0.000000 0.000000 1.000000
0.999998 0.001942 0.000248 3.988400 -0.001915 0.996475 -0.083867 15.764500 -0.000410 0.083867 0.996477 0.151700 0.000000 0.000000 0.000000 1.000000
0.999998 0.001971 0.000247 3.988400 -0.001944 0.996455 -0.084107 15.764500 -0.000412 0.084107 0.996457 0.151700 0.000000 0.000000 0.000000 1.000000
0.999997 0.002367 0.000240 3.988400 -0.002337 0.996171 -0.087399 15.764500 -0.000446 0.087398 0.996173 0.151700 0.000000 0.000000 0.000000 1.000000
0.999996 0.002854 0.000229 3.988400 -0.002821 0.995806 -0.091443 15.764500 -0.000489 0.091442 0.995810 0.151700 0.000000 0.000000 0.000000 1.000000</float_array>
        <technique_common>
          <accessor source="#mixamorig_LeftHandRing1-Matrix-animation-output-transform-array" count="22" stride="16">
            <param type="float4x4"/>
          </accessor>
        </technique_common>
      </source>
      <source id="mixamorig_LeftHandRing1-Interpolations">
        <Name_array id="mixamorig_LeftHandRing1-Interpolations-array" count="22">
 LINEAR LINEAR LINEAR LINEAR LINEAR LINEAR LINEAR LINEAR LINEAR LINEAR LINEAR
LINEAR LINEAR LINEAR LINEAR LINEAR LINEAR LINEAR LINEAR LINEAR LINEAR LINEAR</Name_array>
        <technique_common>
          <accessor source="#mixamorig_LeftHandRing1-Interpolations-array" count="22">
            <param type="name"/>
          </accessor>
        </technique_common>
      </source>
      <sampler id="mixamorig_LeftHandRing1-Matrix-animation-transform">
        <input semantic="INPUT" source="#mixamorig_LeftHandRing1-Matrix-animation-input"/>
        <input semantic="OUTPUT" source="#mixamorig_LeftHandRing1-Matrix-animation-output-transform"/>
        <input semantic="INTERPOLATION" source="#mixamorig_LeftHandRing1-Interpolations"/>
      </sampler>
      <channel source="#mixamorig_LeftHandRing1-Matrix-animation-transform" target="mixamorig_LeftHandRing1/matrix"/>
    </animation>
    <animation id="mixamorig_LeftHandRing2-anim" name="mixamorig_LeftHandRing2">
      <source id="mixamorig_LeftHandRing2-Matrix-animation-input">
        <float_array id="mixamorig_LeftHandRing2-Matrix-animation-input-array" count="22">

0.000000 0.033333 0.066667 0.100000 0.133333 0.166667 0.200000 0.233333 0.266667 0.300000 0.333333 0.366667 0.400000 0.433333 0.466667 0.500000
0.533333 0.566667 0.600000 0.633333 0.666667 0.700000</float_array>
        <technique_common>
          <accessor source="#mixamorig_LeftHandRing2-Matrix-animation-input-array" count="22">
            <param name="TIME" type="float"/>
          </accessor>
        </technique_common>
      </source>
      <source id="mixamorig_LeftHandRing2-Matrix-animation-output-transform">
        <float_array id="mixamorig_LeftHandRing2-Matrix-animation-output-transform-array" count="352">

0.999823 0.018743 -0.001477 -0.000000 -0.018743 0.987481 -0.156623 3.497800 -0.001477 0.156623 0.987657 0.000000 0.000000 0.000000 0.000000 1.000000
0.999827 0.018561 -0.001448 -0.000000 -0.018561 0.987724 -0.155105 3.497800 -0.001448 0.155105 0.987897 0.000000 0.000000 0.000000 0.000000 1.000000
0.999826 0.018581 -0.001452 0.000000 -0.018581 0.987697 -0.155274 3.497800 -0.001451 0.155274 0.987870 0.000000 0.000000 0.000000 0.000000 1.000000
0.999808 0.019515 -0.001602 0.000000 -0.019515 0.986420 -0.163077 3.497800 -0.001602 0.163077 0.986612 0.000000 0.000000 0.000000 0.000000 1.000000
0.999682 0.025082 -0.002659 0.000000 -0.025083 0.977465 -0.209601 3.497800 -0.002659 0.209601 0.977783 0.000000 0.000000 0.000000 0.000000 1.000000
0.999516 0.030857 -0.004048 0.000000 -0.030857 0.965692 -0.257852 3.497800 -0.004048 0.257852 0.966176 0.000000 0.000000 0.000000 0.000000 1.000000
0.999425 0.033552 -0.004801 -0.000000 -0.033552 0.959303 -0.280377 3.497800 -0.004802 0.280377 0.959878 0.000000 0.000000 0.000000 0.000000 1.000000
0.999472 0.032181 -0.004410 0.000000 -0.032181 0.962626 -0.268916 3.497800 -0.004409 0.268916 0.963154 0.000000 0.000000 0.000000 0.000000 1.000000
0.999546 0.029903 -0.003797 0.000000 -0.029903 0.967813 -0.249886 3.497800 -0.003797 0.249886 0.968268 0.000000 0.000000 0.000000 0.000000 1.000000
0.999595 0.028267 -0.003387 0.000000 -0.028267 0.971290 -0.236213 3.497800 -0.003387 0.236213 0.971695 -0.000000 0.000000 0.000000 0.000000 1.000000
0.999663 0.025822 -0.002820 0.000000 -0.025822 0.976101 -0.215777 3.497800 -0.002819 0.215777 0.976439 0.000000 0.000000 0.000000 0.000000 1.000000
0.999711 0.023923 -0.002415 0.000000 -0.023923 0.979523 -0.199907 3.497800 -0.002416 0.199907 0.979812 0.000000 0.000000 0.000000 0.000000 1.000000
0.999738 0.022778 -0.002188 0.000000 -0.022778 0.981453 -0.190347 3.497800 -0.002188 0.190347 0.981714 0.000000 0.000000 0.000000 0.000000 1.000000
0.999739 0.022737 -0.002180 0.000000 -0.022737 0.981521 -0.190001 3.497800 -0.002180 0.190001 0.981781 0.000000 0.000000 0.000000 0.000000 1.000000
0.999740 0.022702 -0.002174 0.000000 -0.022702 0.981577 -0.189713 3.497800 -0.002173 0.189713 0.981837 -0.000000 0.000000 0.000000 0.000000 1.000000
0.999740 0.022694 -0.002172 0.000000 -0.022694 0.981591 -0.189643 3.497800 -0.002172 0.189643 0.981851 0.000000 0.000000 0.000000 0.000000 1.000000
0.999740 0.022704 -0.002174 -0.000000 -0.022704 0.981574 -0.189730 3.497800 -0.002174 0.189730 0.981834 -0.000000 0.000000 0.000000 0.000000 1.000000
0.999740 0.022707 -0.002174 0.000000 -0.022707 0.981570 -0.189749 3.497800 -0.002175 0.189749 0.981830 0.000000 0.000000 0.000000 0.000000 1.000000
0.999740 0.022703 -0.002174 0.000000 -0.022703 0.981576 -0.189719 3.497800 -0.002174 0.189719 0.981836 0.000000 0.000000 0.000000 0.000000 1.000000
0.999784 0.020682 -0.001801 0.000000 -0.020682 0.984734 -0.172830 3.497800 -0.001801 0.172830 0.984950 0.000000 0.000000 0.000000 0.000000 1.000000
0.999843 0.017656 -0.001310 0.000000 -0.017656 0.988898 -0.147540 3.497800 -0.001310 0.147540 0.989055 0.000000 0.000000 0.000000 0.000000 1.000000
0.999823 0.018743 -0.001477 0.000000 -0.018743 0.987481 -0.156623 3.497800 -0.001477 0.156623 0.987657 0.000000 0.000000 0.000000 0.000000 1.000000</float_array>
        <technique_common>
          <accessor source="#mixamorig_LeftHandRing2-Matrix-animation-output-transform-array" count="22" stride="16">
            <param type="float4x4"/>
          </accessor>
        </technique_common>
      </source>
      <source id="mixamorig_LeftHandRing2-Interpolations">
        <Name_array id="mixamorig_LeftHandRing2-Interpolations-array" count="22">
 LINEAR LINEAR LINEAR LINEAR LINEAR LINEAR LINEAR LINEAR LINEAR LINEAR LINEAR
LINEAR LINEAR LINEAR LINEAR LINEAR LINEAR LINEAR LINEAR LINEAR LINEAR LINEAR</Name_array>
        <technique_common>
          <accessor source="#mixamorig_LeftHandRing2-Interpolations-array" count="22">
            <param type="name"/>
          </accessor>
        </technique_common>
      </source>
      <sampler id="mixamorig_LeftHandRing2-Matrix-animation-transform">
        <input semantic="INPUT" source="#mixamorig_LeftHandRing2-Matrix-animation-input"/>
        <input semantic="OUTPUT" source="#mixamorig_LeftHandRing2-Matrix-animation-output-transform"/>
        <input semantic="INTERPOLATION" source="#mixamorig_LeftHandRing2-Interpolations"/>
      </sampler>
      <channel source="#mixamorig_LeftHandRing2-Matrix-animation-transform" target="mixamorig_LeftHandRing2/matrix"/>
    </animation>
    <animation id="mixamorig_LeftHandRing3-anim" name="mixamorig_LeftHandRing3">
      <source id="mixamorig_LeftHandRing3-Matrix-animation-input">
        <float_array id="mixamorig_LeftHandRing3-Matrix-animation-input-array" count="22">

0.000000 0.033333 0.066667 0.100000 0.133333 0.166667 0.200000 0.233333 0.266667 0.300000 0.333333 0.366667 0.400000 0.433333 0.466667 0.500000
0.533333 0.566667 0.600000 0.633333 0.666667 0.700000</float_array>
        <technique_common>
          <accessor source="#mixamorig_LeftHandRing3-Matrix-animation-input-array" count="22">
            <param name="TIME" type="float"/>
          </accessor>
        </technique_common>
      </source>
      <source id="mixamorig_LeftHandRing3-Matrix-animation-output-transform">
        <float_array id="mixamorig_LeftHandRing3-Matrix-animation-output-transform-array" count="352">

0.999972 0.007473 -0.000234 0.000000 -0.007473 0.998020 -0.062446 2.983800 -0.000234 0.062446 0.998048 0.000000 0.000000 0.000000 0.000000 1.000000
0.999975 0.007125 -0.000212 0.000000 -0.007125 0.998200 -0.059542 2.983800 -0.000213 0.059542 0.998226 0.000000 0.000000 0.000000 0.000000 1.000000
0.999981 0.006243 -0.000163 0.000000 -0.006243 0.998619 -0.052165 2.983800 -0.000163 0.052165 0.998638 0.000000 0.000000 0.000000 0.000000 1.000000
0.999979 0.006434 -0.000173 0.000000 -0.006434 0.998533 -0.053768 2.983800 -0.000173 0.053768 0.998553 0.000000 0.000000 0.000000 0.000000 1.000000
0.999955 0.009518 -0.000379 0.000000 -0.009518 0.996786 -0.079540 2.983800 -0.000379 0.079540 0.996832 0.000000 0.000000 0.000000 0.000000 1.000000
0.999910 0.013383 -0.000751 0.000000 -0.013383 0.993637 -0.111831 2.983800 -0.000750 0.111831 0.993727 0.000000 0.000000 0.000000 0.000000 1.000000
0.999879 0.015528 -0.001012 0.000000 -0.015528 0.991424 -0.129762 2.983800 -0.001012 0.129762 0.991545 -0.000000 0.000000 0.000000 0.000000 1.000000
0.999889 0.014882 -0.000929 -0.000000 -0.014882 0.992125 -0.124362 2.983800 -0.000929 0.124362 0.992236 0.000000 0.000000 0.000000 0.000000 1.000000
0.999927 0.012089 -0.000612 0.000000 -0.012089 0.994811 -0.101017 2.983800 -0.000612 0.101017 0.994885 0.000000 0.000000 0.000000 0.000000 1.000000
0.999958 0.009107 -0.000347 0.000000 -0.009107 0.997058 -0.076106 2.983800 -0.000347 0.076106 0.997100 0.000000 0.000000 0.000000 0.000000 1.000000
0.999973 0.007311 -0.000223 0.000000 -0.007311 0.998105 -0.061091 2.983800 -0.000224 0.061091 0.998132 0.000000 0.000000 0.000000 0.000000 1.000000
0.999976 0.006891 -0.000199 -0.000000 -0.006891 0.998317 -0.057587 2.983800 -0.000198 0.057587 0.998340 0.000000 0.000000 0.000000 0.000000 1.000000
0.999975 0.007014 -0.000206 0.000000 -0.007014 0.998256 -0.058614 2.983800 -0.000206 0.058614 0.998281 -0.000000 0.000000 0.000000 0.000000 1.000000
0.999975 0.007056 -0.000208 -0.000000 -0.007056 0.998235 -0.058959 2.983800 -0.000208 0.058959 0.998260 0.000000 0.000000 0.000000 0.000000 1.000000
0.999975 0.007016 -0.000206 -0.000000 -0.007016 0.998255 -0.058632 2.983800 -0.000206 0.058632 0.998280 -0.000000 0.000000 0.000000 0.000000 1.000000
0.999975 0.007003 -0.000205 0.000000 -0.007003 0.998262 -0.058523 2.983800 -0.000205 0.058523 0.998286 0.000000 0.000000 0.000000 0.000000 1.000000
0.999975 0.007015 -0.000206 0.000000 -0.007015 0.998256 -0.058618 2.983800 -0.000206 0.058618 0.998280 0.000000 0.000000 0.000000 0.000000 1.000000
0.999975 0.007018 -0.000206 0.000000 -0.007018 0.998254 -0.058651 2.983800 -0.000206 0.058651 0.998279 0.000000 0.000000 0.000000 0.000000 1.000000
0.999975 0.007015 -0.000206 0.000000 -0.007015 0.998256 -0.058621 2.983800 -0.000205 0.058621 0.998280 0.000000 0.000000 0.000000 0.000000 1.000000
0.999975 0.007028 -0.000207 0.000000 -0.007028 0.998249 -0.058729 2.983800 -0.000207 0.058729 0.998274 0.000000 0.000000 0.000000 0.000000 1.000000
0.999974 0.007224 -0.000218 0.000000 -0.007224 0.998150 -0.060367 2.983800 -0.000218 0.060367 0.998176 0.000000 0.000000 0.000000 0.000000 1.000000
0.999972 0.007473 -0.000234 0.000000 -0.007473 0.998020 -0.062446 2.983800 -0.000234 0.062446 0.998048 0.000000 0.000000 0.000000 0.000000 1.000000</float_array>
        <technique_common>
          <accessor source="#mixamorig_LeftHandRing3-Matrix-animation-output-transform-array" count="22" stride="16">
            <param type="float4x4"/>
          </accessor>
        </technique_common>
      </source>
      <source id="mixamorig_LeftHandRing3-Interpolations">
        <Name_array id="mixamorig_LeftHandRing3-Interpolations-array" count="22">
 LINEAR LINEAR LINEAR LINEAR LINEAR LINEAR LINEAR LINEAR LINEAR LINEAR LINEAR
LINEAR LINEAR LINEAR LINEAR LINEAR LINEAR LINEAR LINEAR LINEAR LINEAR LINEAR</Name_array>
        <technique_common>
          <accessor source="#mixamorig_LeftHandRing3-Interpolations-array" count="22">
            <param type="name"/>
          </accessor>
        </technique_common>
      </source>
      <sampler id="mixamorig_LeftHandRing3-Matrix-animation-transform">
        <input semantic="INPUT" source="#mixamorig_LeftHandRing3-Matrix-animation-input"/>
        <input semantic="OUTPUT" source="#mixamorig_LeftHandRing3-Matrix-animation-output-transform"/>
        <input semantic="INTERPOLATION" source="#mixamorig_LeftHandRing3-Interpolations"/>
      </sampler>
      <channel source="#mixamorig_LeftHandRing3-Matrix-animation-transform" target="mixamorig_LeftHandRing3/matrix"/>
    </animation>
    <animation id="mixamorig_LeftHandPinky1-anim" name="mixamorig_LeftHandPinky1">
      <source id="mixamorig_LeftHandPinky1-Matrix-animation-input">
        <float_array id="mixamorig_LeftHandPinky1-Matrix-animation-input-array" count="22">

0.000000 0.033333 0.066667 0.100000 0.133333 0.166667 0.200000 0.233333 0.266667 0.300000 0.333333 0.366667 0.400000 0.433333 0.466667 0.500000
0.533333 0.566667 0.600000 0.633333 0.666667 0.700000</float_array>
        <technique_common>
          <accessor source="#mixamorig_LeftHandPinky1-Matrix-animation-input-array" count="22">
            <param name="TIME" type="float"/>
          </accessor>
        </technique_common>
      </source>
      <source id="mixamorig_LeftHandPinky1-Matrix-animation-output-transform">
        <float_array id="mixamorig_LeftHandPinky1-Matrix-animation-output-transform-array" count="352">

0.997267 0.073874 0.000562 6.663900 -0.073557 0.993635 -0.085316 12.707900 -0.006861 0.085041 0.996354 0.878100 0.000000 0.000000 0.000000 1.000000
0.997322 0.073135 0.000573 6.663900 -0.072861 0.994196 -0.079156 12.707900 -0.006359 0.078903 0.996862 0.878100 0.000000 0.000000 0.000000 1.000000
0.997455 0.071297 0.000580 6.663900 -0.071115 0.995424 -0.063829 12.707900 -0.005128 0.063625 0.997961 0.878100 0.000000 0.000000 0.000000 1.000000
0.997430 0.071642 0.000581 6.663900 -0.071444 0.995212 -0.066706 12.707900 -0.005357 0.066494 0.997772 0.878100 0.000000 0.000000 0.000000 1.000000
0.997057 0.076658 0.000481 6.663900 -0.076153 0.991176 -0.108491 12.707900 -0.008793 0.108135 0.994097 0.878100 0.000000 0.000000 0.000000 1.000000
0.996587 0.082549 0.000092 6.663900 -0.081505 0.984160 -0.157435 12.707900 -0.013087 0.156890 0.987529 0.878100 0.000000 0.000000 0.000000 1.000000
0.996341 0.085468 -0.000210 6.663900 -0.084084 0.979764 -0.181636 12.707900 -0.015319 0.180989 0.983366 0.878100 0.000000 0.000000 0.000000 1.000000
0.996438 0.084333 -0.000084 6.663900 -0.083087 0.981546 -0.172233 12.707900 -0.014443 0.171627 0.985056 0.878100 0.000000 0.000000 0.000000 1.000000
0.996774 0.080264 0.000278 6.663900 -0.079453 0.987174 -0.138471 12.707900 -0.011389 0.138002 0.990366 0.878100 0.000000 0.000000 0.000000 1.000000
0.997097 0.076137 0.000501 6.663900 -0.075671 0.991678 -0.104154 12.707900 -0.008426 0.103814 0.994561 0.878100 0.000000 0.000000 0.000000 1.000000
0.997287 0.073608 0.000567 6.663900 -0.073307 0.993842 -0.083095 12.707900 -0.006680 0.082828 0.996541 0.878100 0.000000 0.000000 0.000000 1.000000
0.997341 0.072878 0.000576 6.663900 -0.072618 0.994382 -0.077015 12.707900 -0.006185 0.076768 0.997030 0.878100 0.000000 0.000000 0.000000 1.000000
0.997336 0.072948 0.000575 6.663900 -0.072684 0.994332 -0.077597 12.707900 -0.006233 0.077349 0.996985 0.878100 0.000000 0.000000 0.000000 1.000000
0.997331 0.073009 0.000575 6.663900 -0.072742 0.994288 -0.078106 12.707900 -0.006274 0.077856 0.996945 0.878100 0.000000 0.000000 0.000000 1.000000
0.997334 0.072973 0.000575 6.663900 -0.072708 0.994314 -0.077806 12.707900 -0.006249 0.077557 0.996968 0.878100 0.000000 0.000000 0.000000 1.000000
0.997335 0.072954 0.000575 6.663900 -0.072690 0.994327 -0.077650 12.707900 -0.006237 0.077401 0.996981 0.878100 0.000000 0.000000 0.000000 1.000000
0.997334 0.072966 0.000575 6.663900 -0.072700 0.994319 -0.077741 12.707900 -0.006244 0.077492 0.996973 0.878100 0.000000 0.000000 0.000000 1.000000
0.997334 0.072971 0.000575 6.663900 -0.072705 0.994316 -0.077784 12.707900 -0.006248 0.077535 0.996970 0.878100 0.000000 0.000000 0.000000 1.000000
0.997334 0.072965 0.000575 6.663900 -0.072700 0.994319 -0.077740 12.707900 -0.006244 0.077491 0.996973 0.878100 0.000000 0.000000 0.000000 1.000000
0.997332 0.072993 0.000575 6.663900 -0.072727 0.994299 -0.077973 12.707900 -0.006263 0.077723 0.996955 0.878100 0.000000 0.000000 0.000000 1.000000
0.997303 0.073388 0.000570 6.663900 -0.073099 0.994008 -0.081264 12.707900 -0.006531 0.081004 0.996692 0.878100 0.000000 0.000000 0.000000 1.000000
0.997267 0.073874 0.000562 6.663900 -0.073557 0.993635 -0.085316 12.707900 -0.006861 0.085041 0.996354 0.878100 0.000000 0.000000 0.000000 1.000000</float_array>
        <technique_common>
          <accessor source="#mixamorig_LeftHandPinky1-Matrix-animation-output-transform-array" count="22" stride="16">
            <param type="float4x4"/>
          </accessor>
        </technique_common>
      </source>
      <source id="mixamorig_LeftHandPinky1-Interpolations">
        <Name_array id="mixamorig_LeftHandPinky1-Interpolations-array" count="22">
 LINEAR LINEAR LINEAR LINEAR LINEAR LINEAR LINEAR LINEAR LINEAR LINEAR LINEAR
LINEAR LINEAR LINEAR LINEAR LINEAR LINEAR LINEAR LINEAR LINEAR LINEAR LINEAR</Name_array>
        <technique_common>
          <accessor source="#mixamorig_LeftHandPinky1-Interpolations-array" count="22">
            <param type="name"/>
          </accessor>
        </technique_common>
      </source>
      <sampler id="mixamorig_LeftHandPinky1-Matrix-animation-transform">
        <input semantic="INPUT" source="#mixamorig_LeftHandPinky1-Matrix-animation-input"/>
        <input semantic="OUTPUT" source="#mixamorig_LeftHandPinky1-Matrix-animation-output-transform"/>
        <input semantic="INTERPOLATION" source="#mixamorig_LeftHandPinky1-Interpolations"/>
      </sampler>
      <channel source="#mixamorig_LeftHandPinky1-Matrix-animation-transform" target="mixamorig_LeftHandPinky1/matrix"/>
    </animation>
    <animation id="mixamorig_LeftHandPinky2-anim" name="mixamorig_LeftHandPinky2">
      <source id="mixamorig_LeftHandPinky2-Matrix-animation-input">
        <float_array id="mixamorig_LeftHandPinky2-Matrix-animation-input-array" count="22">

0.000000 0.033333 0.066667 0.100000 0.133333 0.166667 0.200000 0.233333 0.266667 0.300000 0.333333 0.366667 0.400000 0.433333 0.466667 0.500000
0.533333 0.566667 0.600000 0.633333 0.666667 0.700000</float_array>
        <technique_common>
          <accessor source="#mixamorig_LeftHandPinky2-Matrix-animation-input-array" count="22">
            <param name="TIME" type="float"/>
          </accessor>
        </technique_common>
      </source>
      <source id="mixamorig_LeftHandPinky2-Matrix-animation-output-transform">
        <float_array id="mixamorig_LeftHandPinky2-Matrix-animation-output-transform-array" count="352">

0.998662 -0.050734 0.010046 0.000000 0.051700 0.984485 -0.167680 3.376600 -0.001383 0.167975 0.985790 -0.000000 0.000000 0.000000 0.000000 1.000000
0.998652 -0.050932 0.009968 0.000000 0.051881 0.984731 -0.166175 3.376600 -0.001352 0.166468 0.986046 0.000000 0.000000 0.000000 0.000000 1.000000
0.998653 -0.050908 0.009978 0.000000 0.051859 0.984702 -0.166353 3.376600 -0.001356 0.166647 0.986016 -0.000000 0.000000 0.000000 0.000000 1.000000
0.998701 -0.049882 0.010376 0.000000 0.050927 0.983403 -0.174140 3.376600 -0.001518 0.174443 0.984666 0.000000 0.000000 0.000000 0.000000 1.000000
0.998985 -0.043191 0.012752 0.000000 0.044951 0.973534 -0.224079 3.376600 -0.002736 0.224424 0.974488 -0.000000 0.000000 0.000000 0.000000 1.000000
0.999240 -0.036026 0.014879 0.000000 0.038735 0.960370 -0.276025 3.376600 -0.004346 0.276392 0.961035 -0.000000 0.000000 0.000000 0.000000 1.000000
0.999349 -0.032434 0.015791 0.000000 0.035687 0.952800 -0.301494 3.376600 -0.005267 0.301861 0.953337 -0.000000 0.000000 0.000000 0.000000 1.000000
0.999311 -0.033720 0.015476 0.000000 0.036773 0.955583 -0.292420 3.376600 -0.004929 0.292788 0.956165 0.000000 0.000000 0.000000 0.000000 1.000000
0.999228 -0.036410 0.014776 0.000000 0.039064 0.961141 -0.273279 3.376600 -0.004251 0.273645 0.961821 0.000000 0.000000 0.000000 0.000000 1.000000
0.999144 -0.038912 0.014073 0.000000 0.041217 0.965986 -0.255287 3.376600 -0.003660 0.255648 0.966763 0.000000 0.000000 0.000000 0.000000 1.000000
0.999014 -0.042456 0.012990 0.000000 0.044304 0.972304 -0.229484 3.376600 -0.002887 0.229833 0.973226 0.000000 0.000000 0.000000 0.000000 1.000000
0.998914 -0.044977 0.012156 -0.000000 0.046529 0.976401 -0.210892 3.376600 -0.002384 0.211228 0.977434 0.000000 0.000000 0.000000 0.000000 1.000000
0.998859 -0.046296 0.011697 0.000000 0.047703 0.978412 -0.201084 3.376600 -0.002136 0.201412 0.979504 0.000000 0.000000 0.000000 0.000000 1.000000
0.998859 -0.046304 0.011695 -0.000000 0.047710 0.978423 -0.201026 3.376600 -0.002134 0.201354 0.979516 0.000000 0.000000 0.000000 0.000000 1.000000
0.998857 -0.046343 0.011681 -0.000000 0.047745 0.978482 -0.200731 3.376600 -0.002127 0.201059 0.979577 0.000000 0.000000 0.000000 0.000000 1.000000
0.998856 -0.046364 0.011673 -0.000000 0.047763 0.978513 -0.200578 3.376600 -0.002123 0.200906 0.979608 0.000000 0.000000 0.000000 0.000000 1.000000
0.998857 -0.046352 0.011677 0.000000 0.047753 0.978496 -0.200664 3.376600 -0.002125 0.200992 0.979591 0.000000 0.000000 0.000000 0.000000 1.000000
0.998857 -0.046346 0.011680 0.000000 0.047748 0.978487 -0.200709 3.376600 -0.002126 0.201037 0.979581 0.000000 0.000000 0.000000 0.000000 1.000000
0.998857 -0.046350 0.011678 0.000000 0.047752 0.978493 -0.200679 3.376600 -0.002125 0.201007 0.979587 -0.000000 0.000000 0.000000 0.000000 1.000000
0.998759 -0.048598 0.010862 0.000000 0.049767 0.981696 -0.183836 3.376600 -0.001730 0.184149 0.982897 0.000000 0.000000 0.000000 0.000000 1.000000
0.998605 -0.051923 0.009574 0.000000 0.052784 0.985927 -0.158622 3.376600 -0.001203 0.158906 0.987293 0.000000 0.000000 0.000000 0.000000 1.000000
0.998662 -0.050734 0.010046 0.000000 0.051700 0.984485 -0.167680 3.376600 -0.001383 0.167975 0.985790 0.000000 0.000000 0.000000 0.000000 1.000000</float_array>
        <technique_common>
          <accessor source="#mixamorig_LeftHandPinky2-Matrix-animation-output-transform-array" count="22" stride="16">
            <param type="float4x4"/>
          </accessor>
        </technique_common>
      </source>
      <source id="mixamorig_LeftHandPinky2-Interpolations">
        <Name_array id="mixamorig_LeftHandPinky2-Interpolations-array" count="22">
 LINEAR LINEAR LINEAR LINEAR LINEAR LINEAR LINEAR LINEAR LINEAR LINEAR LINEAR
LINEAR LINEAR LINEAR LINEAR LINEAR LINEAR LINEAR LINEAR LINEAR LINEAR LINEAR</Name_array>
        <technique_common>
          <accessor source="#mixamorig_LeftHandPinky2-Interpolations-array" count="22">
            <param type="name"/>
          </accessor>
        </technique_common>
      </source>
      <sampler id="mixamorig_LeftHandPinky2-Matrix-animation-transform">
        <input semantic="INPUT" source="#mixamorig_LeftHandPinky2-Matrix-animation-input"/>
        <input semantic="OUTPUT" source="#mixamorig_LeftHandPinky2-Matrix-animation-output-transform"/>
        <input semantic="INTERPOLATION" source="#mixamorig_LeftHandPinky2-Interpolations"/>
      </sampler>
      <channel source="#mixamorig_LeftHandPinky2-Matrix-animation-transform" target="mixamorig_LeftHandPinky2/matrix"/>
    </animation>
    <animation id="mixamorig_LeftHandPinky3-anim" name="mixamorig_LeftHandPinky3">
      <source id="mixamorig_LeftHandPinky3-Matrix-animation-input">
        <float_array id="mixamorig_LeftHandPinky3-Matrix-animation-input-array" count="22">

0.000000 0.033333 0.066667 0.100000 0.133333 0.166667 0.200000 0.233333 0.266667 0.300000 0.333333 0.366667 0.400000 0.433333 0.466667 0.500000
0.533333 0.566667 0.600000 0.633333 0.666667 0.700000</float_array>
        <technique_common>
          <accessor source="#mixamorig_LeftHandPinky3-Matrix-animation-input-array" count="22">
            <param name="TIME" type="float"/>
          </accessor>
        </technique_common>
      </source>
      <source id="mixamorig_LeftHandPinky3-Matrix-animation-output-transform">
        <float_array id="mixamorig_LeftHandPinky3-Matrix-animation-output-transform-array" count="352">

0.999969 0.007807 -0.000255 0.000000 -0.007807 0.997839 -0.065238 2.998500 -0.000255 0.065238 0.997870 -0.000000 0.000000 0.000000 0.000000 1.000000
0.999972 0.007460 -0.000233 0.000000 -0.007460 0.998027 -0.062338 2.998500 -0.000233 0.062338 0.998055 -0.000000 0.000000 0.000000 0.000000 1.000000
0.999978 0.006578 -0.000181 0.000000 -0.006578 0.998466 -0.054969 2.998500 -0.000181 0.054969 0.998488 0.000000 0.000000 0.000000 0.000000 1.000000
0.999977 0.006770 -0.000192 -0.000000 -0.006770 0.998375 -0.056574 2.998500 -0.000192 0.056574 0.998398 0.000000 0.000000 0.000000 0.000000 1.000000
0.999952 0.009793 -0.000401 0.000000 -0.009793 0.996598 -0.081832 2.998500 -0.000401 0.081832 0.996646 0.000000 0.000000 0.000000 0.000000 1.000000
0.999908 0.013564 -0.000771 0.000000 -0.013564 0.993463 -0.113347 2.998500 -0.000771 0.113347 0.993555 0.000000 0.000000 0.000000 0.000000 1.000000
0.999877 0.015648 -0.001028 0.000000 -0.015648 0.991291 -0.130760 2.998500 -0.001027 0.130760 0.991414 0.000000 0.000000 0.000000 0.000000 1.000000
0.999887 0.015014 -0.000946 0.000000 -0.015014 0.991984 -0.125465 2.998500 -0.000946 0.125465 0.992098 -0.000000 0.000000 0.000000 0.000000 1.000000
0.999924 0.012290 -0.000633 -0.000000 -0.012289 0.994637 -0.102698 2.998500 -0.000633 0.102698 0.994712 -0.000000 0.000000 0.000000 0.000000 1.000000
0.999956 0.009386 -0.000369 0.000000 -0.009386 0.996875 -0.078436 2.998500 -0.000369 0.078436 0.996919 0.000000 0.000000 0.000000 0.000000 1.000000
0.999971 0.007637 -0.000244 -0.000000 -0.007637 0.997932 -0.063818 2.998500 -0.000244 0.063818 0.997962 0.000000 0.000000 0.000000 0.000000 1.000000
0.999974 0.007229 -0.000219 0.000000 -0.007229 0.998148 -0.060407 2.998500 -0.000218 0.060407 0.998174 0.000000 0.000000 0.000000 0.000000 1.000000
0.999973 0.007348 -0.000226 -0.000000 -0.007348 0.998086 -0.061407 2.998500 -0.000226 0.061407 0.998113 0.000000 0.000000 0.000000 0.000000 1.000000
0.999973 0.007389 -0.000228 0.000000 -0.007389 0.998065 -0.061742 2.998500 -0.000228 0.061742 0.998092 0.000000 0.000000 0.000000 0.000000 1.000000
0.999973 0.007351 -0.000226 0.000000 -0.007351 0.998085 -0.061425 2.998500 -0.000226 0.061425 0.998112 0.000000 0.000000 0.000000 0.000000 1.000000
0.999973 0.007338 -0.000225 -0.000000 -0.007338 0.998091 -0.061318 2.998500 -0.000225 0.061318 0.998118 0.000000 0.000000 0.000000 0.000000 1.000000
0.999973 0.007349 -0.000226 0.000000 -0.007349 0.998086 -0.061410 2.998500 -0.000226 0.061410 0.998113 0.000000 0.000000 0.000000 0.000000 1.000000
0.999973 0.007353 -0.000226 0.000000 -0.007353 0.998084 -0.061442 2.998500 -0.000226 0.061442 0.998111 0.000000 0.000000 0.000000 0.000000 1.000000
0.999973 0.007349 -0.000226 0.000000 -0.007349 0.998085 -0.061413 2.998500 -0.000226 0.061413 0.998112 0.000000 0.000000 0.000000 0.000000 1.000000
0.999973 0.007362 -0.000227 0.000000 -0.007362 0.998079 -0.061521 2.998500 -0.000226 0.061521 0.998106 0.000000 0.000000 0.000000 0.000000 1.000000
0.999971 0.007558 -0.000239 0.000000 -0.007558 0.997975 -0.063158 2.998500 -0.000239 0.063158 0.998003 -0.000000 0.000000 0.000000 0.000000 1.000000
0.999969 0.007807 -0.000255 0.000000 -0.007807 0.997839 -0.065238 2.998500 -0.000255 0.065238 0.997870 0.000000 0.000000 0.000000 0.000000 1.000000</float_array>
        <technique_common>
          <accessor source="#mixamorig_LeftHandPinky3-Matrix-animation-output-transform-array" count="22" stride="16">
            <param type="float4x4"/>
          </accessor>
        </technique_common>
      </source>
      <source id="mixamorig_LeftHandPinky3-Interpolations">
        <Name_array id="mixamorig_LeftHandPinky3-Interpolations-array" count="22">
 LINEAR LINEAR LINEAR LINEAR LINEAR LINEAR LINEAR LINEAR LINEAR LINEAR LINEAR
LINEAR LINEAR LINEAR LINEAR LINEAR LINEAR LINEAR LINEAR LINEAR LINEAR LINEAR</Name_array>
        <technique_common>
          <accessor source="#mixamorig_LeftHandPinky3-Interpolations-array" count="22">
            <param type="name"/>
          </accessor>
        </technique_common>
      </source>
      <sampler id="mixamorig_LeftHandPinky3-Matrix-animation-transform">
        <input semantic="INPUT" source="#mixamorig_LeftHandPinky3-Matrix-animation-input"/>
        <input semantic="OUTPUT" source="#mixamorig_LeftHandPinky3-Matrix-animation-output-transform"/>
        <input semantic="INTERPOLATION" source="#mixamorig_LeftHandPinky3-Interpolations"/>
      </sampler>
      <channel source="#mixamorig_LeftHandPinky3-Matrix-animation-transform" target="mixamorig_LeftHandPinky3/matrix"/>
    </animation>
    <animation id="mixamorig_RightShoulder-anim" name="mixamorig_RightShoulder">
      <source id="mixamorig_RightShoulder-Matrix-animation-input">
        <float_array id="mixamorig_RightShoulder-Matrix-animation-input-array" count="22">

0.000000 0.033333 0.066667 0.100000 0.133333 0.166667 0.200000 0.233333 0.266667 0.300000 0.333333 0.366667 0.400000 0.433333 0.466667 0.500000
0.533333 0.566667 0.600000 0.633333 0.666667 0.700000</float_array>
        <technique_common>
          <accessor source="#mixamorig_RightShoulder-Matrix-animation-input-array" count="22">
            <param name="TIME" type="float"/>
          </accessor>
        </technique_common>
      </source>
      <source id="mixamorig_RightShoulder-Matrix-animation-output-transform">
        <float_array id="mixamorig_RightShoulder-Matrix-animation-output-transform-array" count="352">

0.213955 -0.843373 0.492895 -12.584900 0.032549 -0.498144 -0.866483 11.394900 0.976301 0.201431 -0.079129 -1.453100 0.000000 0.000000 0.000000 1.000000
0.194946 -0.873424 0.446236 -12.584900 0.030635 -0.449321 -0.892845 11.394900 0.980335 0.187727 -0.060836 -1.453100 0.000000 0.000000 0.000000 1.000000
0.179214 -0.885706 0.428260 -12.584900 0.030896 -0.430026 -0.902288 11.394900 0.983325 0.174934 -0.049702 -1.453100 0.000000 0.000000 0.000000 1.000000
0.166046 -0.896877 0.409928 -12.584900 0.031175 -0.410717 -0.911230 11.394900 0.985625 0.164086 -0.040238 -1.453100 0.000000 0.000000 0.000000 1.000000
0.160628 -0.903720 0.396848 -12.584900 0.030791 -0.397286 -0.917178 11.394900 0.986535 0.159544 -0.035989 -1.453100 0.000000 0.000000 0.000000 1.000000
0.167819 -0.902863 0.395823 -12.584900 0.029356 -0.396763 -0.917452 11.394900 0.985381 0.165585 -0.040080 -1.453100 0.000000 0.000000 0.000000 1.000000
0.178023 -0.894277 0.410581 -12.584900 0.029033 -0.412291 -0.910589 11.394900 0.983598 0.174026 -0.047434 -1.453100 0.000000 0.000000 0.000000 1.000000
0.187141 -0.882254 0.431980 -12.584900 0.029752 -0.434457 -0.900201 11.394900 0.981882 0.181317 -0.055056 -1.453100 0.000000 0.000000 0.000000 1.000000
0.201390 -0.864910 0.459753 -12.584900 0.030558 -0.463593 -0.885521 11.394900 0.979034 0.192384 -0.066933 -1.453100 0.000000 0.000000 0.000000 1.000000
0.203636 -0.861846 0.464494 -12.584900 0.030870 -0.468547 -0.882899 11.394900 0.978560 0.194129 -0.068808 -1.453100 0.000000 0.000000 0.000000 1.000000
0.204596 -0.867647 0.453132 -12.584900 0.029257 -0.457298 -0.888832 11.394900 0.978409 0.195109 -0.068177 -1.453100 0.000000 0.000000 0.000000 1.000000
0.199390 -0.876447 0.438275 -12.584900 0.027921 -0.441993 -0.896584 11.394900 0.979522 0.191006 -0.063658 -1.453100 0.000000 0.000000 0.000000 1.000000
0.196203 -0.890838 0.409771 -12.584900 0.025128 -0.413188 -0.910299 11.394900 0.980241 0.188900 -0.058684 -1.453100 0.000000 0.000000 0.000000 1.000000
0.195829 -0.902255 0.384170 -12.584900 0.022389 -0.387539 -0.921581 11.394900 0.980382 0.189073 -0.055691 -1.453100 0.000000 0.000000 0.000000 1.000000
0.195819 -0.904821 0.378092 -12.584900 0.021748 -0.381455 -0.924132 11.394900 0.980399 0.189185 -0.055018 -1.453100 0.000000 0.000000 0.000000 1.000000
0.198937 -0.900111 0.387588 -12.584900 0.022440 -0.391206 -0.920030 11.394900 0.979755 0.191725 -0.057627 -1.453100 0.000000 0.000000 0.000000 1.000000
0.198426 -0.891062 0.408211 -12.584900 0.025026 -0.411751 -0.910953 11.394900 0.979796 0.190972 -0.059402 -1.453100 0.000000 0.000000 0.000000 1.000000
0.198689 -0.874944 0.441583 -12.584900 0.028926 -0.445135 -0.894996 11.394900 0.979636 0.190599 -0.063135 -1.453100 0.000000 0.000000 0.000000 1.000000
0.216333 -0.833773 0.507959 -12.584900 0.033587 -0.513616 -0.857363 11.394900 0.975742 0.202537 -0.083108 -1.453100 0.000000 0.000000 0.000000 1.000000
0.232716 -0.807264 0.542373 -12.584900 0.035929 -0.550167 -0.834281 11.394900 0.971881 0.213638 -0.099028 -1.453100 0.000000 0.000000 0.000000 1.000000
0.230966 -0.809581 0.539660 -12.584900 0.036181 -0.547127 -0.836267 11.394900 0.972289 0.212675 -0.097076 -1.453100 0.000000 0.000000 0.000000 1.000000
0.213955 -0.843373 0.492895 -12.584900 0.032549 -0.498144 -0.866483 11.394900 0.976301 0.201431 -0.079129 -1.453100 0.000000 0.000000 0.000000 1.000000</float_array>
        <technique_common>
          <accessor source="#mixamorig_RightShoulder-Matrix-animation-output-transform-array" count="22" stride="16">
            <param type="float4x4"/>
          </accessor>
        </technique_common>
      </source>
      <source id="mixamorig_RightShoulder-Interpolations">
        <Name_array id="mixamorig_RightShoulder-Interpolations-array" count="22">
 LINEAR LINEAR LINEAR LINEAR LINEAR LINEAR LINEAR LINEAR LINEAR LINEAR LINEAR
LINEAR LINEAR LINEAR LINEAR LINEAR LINEAR LINEAR LINEAR LINEAR LINEAR LINEAR</Name_array>
        <technique_common>
          <accessor source="#mixamorig_RightShoulder-Interpolations-array" count="22">
            <param type="name"/>
          </accessor>
        </technique_common>
      </source>
      <sampler id="mixamorig_RightShoulder-Matrix-animation-transform">
        <input semantic="INPUT" source="#mixamorig_RightShoulder-Matrix-animation-input"/>
        <input semantic="OUTPUT" source="#mixamorig_RightShoulder-Matrix-animation-output-transform"/>
        <input semantic="INTERPOLATION" source="#mixamorig_RightShoulder-Interpolations"/>
      </sampler>
      <channel source="#mixamorig_RightShoulder-Matrix-animation-transform" target="mixamorig_RightShoulder/matrix"/>
    </animation>
    <animation id="mixamorig_RightArm-anim" name="mixamorig_RightArm">
      <source id="mixamorig_RightArm-Matrix-animation-input">
        <float_array id="mixamorig_RightArm-Matrix-animation-input-array" count="22">

0.000000 0.033333 0.066667 0.100000 0.133333 0.166667 0.200000 0.233333 0.266667 0.300000 0.333333 0.366667 0.400000 0.433333 0.466667 0.500000
0.533333 0.566667 0.600000 0.633333 0.666667 0.700000</float_array>
        <technique_common>
          <accessor source="#mixamorig_RightArm-Matrix-animation-input-array" count="22">
            <param name="TIME" type="float"/>
          </accessor>
        </technique_common>
      </source>
      <source id="mixamorig_RightArm-Matrix-animation-output-transform">
        <float_array id="mixamorig_RightArm-Matrix-animation-output-transform-array" count="352">

0.994401 0.010584 0.105139 0.000000 0.044736 0.859244 -0.509606 15.319300 -0.095733 0.511456 0.853960 0.000000 0.000000 0.000000 0.000000 1.000000
0.991789 0.086796 0.093924 0.000000 -0.025613 0.854356 -0.519057 15.319300 -0.125297 0.512389 0.849564 0.000000 0.000000 0.000000 0.000000 1.000000
0.991752 0.115177 0.056229 0.000000 -0.070587 0.857000 -0.510459 15.319300 -0.106981 0.502280 0.858062 0.000000 0.000000 0.000000 0.000000 1.000000
0.995925 0.090154 0.002463 0.000000 -0.075725 0.850741 -0.520101 15.319300 -0.048985 0.517795 0.854101 0.000000 0.000000 0.000000 0.000000 1.000000
0.998119 0.025198 -0.055883 0.000000 -0.052388 0.824033 -0.564114 15.319300 0.031835 0.565981 0.823803 0.000000 0.000000 0.000000 0.000000 1.000000
0.991988 -0.062014 -0.110062 0.000000 -0.019647 0.784891 -0.619322 15.319300 0.124793 0.616523 0.777384 0.000000 0.000000 0.000000 0.000000 1.000000
0.974532 -0.175148 -0.140035 -0.000000 0.037358 0.742545 -0.668754 15.319300 0.221113 0.646491 0.730177 -0.000000 0.000000 0.000000 0.000000 1.000000
0.946834 -0.291689 -0.135734 0.000000 0.118228 0.707838 -0.696410 15.319300 0.299213 0.643337 0.704691 0.000000 0.000000 0.000000 0.000000 1.000000
0.912499 -0.401742 -0.077126 -0.000000 0.227146 0.654391 -0.721233 15.319300 0.340220 0.640605 0.688386 0.000000 0.000000 0.000000 0.000000 1.000000
0.839237 -0.542001 -0.043773 0.000000 0.347907 0.597076 -0.722815 15.319300 0.417902 0.591384 0.689654 0.000000 0.000000 0.000000 0.000000 1.000000
0.756927 -0.651576 -0.050102 -0.000000 0.434981 0.559557 -0.705470 15.319300 0.487702 0.512196 0.706967 -0.000000 0.000000 0.000000 0.000000 1.000000
0.681581 -0.730027 -0.050077 0.000000 0.494482 0.509951 -0.703873 15.319300 0.539383 0.454985 0.708558 -0.000000 0.000000 0.000000 0.000000 1.000000
0.633675 -0.772701 -0.037280 0.000000 0.520658 0.461630 -0.718201 15.319300 0.572164 0.435696 0.694837 0.000000 0.000000 0.000000 0.000000 1.000000
0.605225 -0.795742 -0.022300 0.000000 0.536926 0.428736 -0.726565 15.319300 0.587719 0.427762 0.686736 0.000000 0.000000 0.000000 0.000000 1.000000
0.612675 -0.790333 -0.001705 0.000000 0.553353 0.430504 -0.713068 15.319300 0.564295 0.435936 0.701093 0.000000 0.000000 0.000000 0.000000 1.000000
0.646770 -0.762238 0.026101 -0.000000 0.568023 0.458573 -0.683418 15.319300 0.508958 0.456841 0.729560 0.000000 0.000000 0.000000 0.000000 1.000000
0.711127 -0.701371 0.048759 0.000000 0.550496 0.512330 -0.659145 15.319300 0.437325 0.495577 0.750433 -0.000000 0.000000 0.000000 0.000000 1.000000
0.779485 -0.623812 0.057112 -0.000000 0.504542 0.571174 -0.647455 15.319300 0.371269 0.533497 0.759961 0.000000 0.000000 0.000000 0.000000 1.000000
0.874055 -0.481009 0.068249 -0.000000 0.424553 0.687950 -0.588625 15.319300 0.236182 0.543466 0.805520 0.000000 0.000000 0.000000 0.000000 1.000000
0.948971 -0.308203 0.066824 0.000000 0.295770 0.796273 -0.527702 15.319300 0.109429 0.520538 0.846797 -0.000000 0.000000 0.000000 0.000000 1.000000
0.989301 -0.117934 0.085881 -0.000000 0.145083 0.857150 -0.494212 15.319300 -0.015329 0.501384 0.865089 0.000000 0.000000 0.000000 0.000000 1.000000
0.994401 0.010584 0.105139 -0.000000 0.044735 0.859245 -0.509605 15.319300 -0.095734 0.511456 0.853960 0.000000 0.000000 0.000000 0.000000 1.000000</float_array>
        <technique_common>
          <accessor source="#mixamorig_RightArm-Matrix-animation-output-transform-array" count="22" stride="16">
            <param type="float4x4"/>
          </accessor>
        </technique_common>
      </source>
      <source id="mixamorig_RightArm-Interpolations">
        <Name_array id="mixamorig_RightArm-Interpolations-array" count="22">
 LINEAR LINEAR LINEAR LINEAR LINEAR LINEAR LINEAR LINEAR LINEAR LINEAR LINEAR
LINEAR LINEAR LINEAR LINEAR LINEAR LINEAR LINEAR LINEAR LINEAR LINEAR LINEAR</Name_array>
        <technique_common>
          <accessor source="#mixamorig_RightArm-Interpolations-array" count="22">
            <param type="name"/>
          </accessor>
        </technique_common>
      </source>
      <sampler id="mixamorig_RightArm-Matrix-animation-transform">
        <input semantic="INPUT" source="#mixamorig_RightArm-Matrix-animation-input"/>
        <input semantic="OUTPUT" source="#mixamorig_RightArm-Matrix-animation-output-transform"/>
        <input semantic="INTERPOLATION" source="#mixamorig_RightArm-Interpolations"/>
      </sampler>
      <channel source="#mixamorig_RightArm-Matrix-animation-transform" target="mixamorig_RightArm/matrix"/>
    </animation>
    <animation id="mixamorig_RightForeArm-anim" name="mixamorig_RightForeArm">
      <source id="mixamorig_RightForeArm-Matrix-animation-input">
        <float_array id="mixamorig_RightForeArm-Matrix-animation-input-array" count="22">

0.000000 0.033333 0.066667 0.100000 0.133333 0.166667 0.200000 0.233333 0.266667 0.300000 0.333333 0.366667 0.400000 0.433333 0.466667 0.500000
0.533333 0.566667 0.600000 0.633333 0.666667 0.700000</float_array>
        <technique_common>
          <accessor source="#mixamorig_RightForeArm-Matrix-animation-input-array" count="22">
            <param name="TIME" type="float"/>
          </accessor>
        </technique_common>
      </source>
      <source id="mixamorig_RightForeArm-Matrix-animation-output-transform">
        <float_array id="mixamorig_RightForeArm-Matrix-animation-output-transform-array" count="352">

-0.235091 0.971973 0.000000 -0.000000 -0.971973 -0.235091 0.000000 34.109299 0.000000 -0.000000 1.000000 -0.000000 0.000000 0.000000 0.000000 1.000000
-0.274062 0.961712 -0.000000 0.000000 -0.961712 -0.274062 -0.000000 34.109299 -0.000000 0.000000 1.000000 0.000000 0.000000 0.000000 0.000000 1.000000
-0.315637 0.948880 -0.000000 0.000000 -0.948880 -0.315637 -0.000000 34.109299 -0.000000 0.000000 1.000000 0.000000 0.000000 0.000000 0.000000 1.000000
-0.354779 0.934950 -0.000000 0.000000 -0.934950 -0.354779 0.000000 34.109299 0.000000 0.000000 1.000000 0.000000 0.000000 0.000000 0.000000 1.000000
-0.349637 0.936885 0.000000 -0.000000 -0.936885 -0.349637 0.000000 34.109299 0.000000 -0.000000 1.000000 0.000000 0.000000 0.000000 0.000000 1.000000
-0.299650 0.954049 0.000000 -0.000000 -0.954049 -0.299650 -0.000000 34.109299 0.000000 -0.000000 1.000000 0.000000 0.000000 0.000000 0.000000 1.000000
-0.213541 0.976934 0.000000 0.000000 -0.976934 -0.213541 0.000000 34.109299 0.000000 -0.000000 1.000000 0.000000 0.000000 0.000000 0.000000 1.000000
-0.080337 0.996768 -0.000000 0.000000 -0.996768 -0.080337 0.000000 34.109299 0.000000 0.000000 1.000000 0.000000 0.000000 0.000000 0.000000 1.000000
0.018647 0.999826 -0.000000 0.000000 -0.999826 0.018647 0.000000 34.109299 0.000000 0.000000 1.000000 0.000000 0.000000 0.000000 0.000000 1.000000
0.023715 0.999719 0.000000 0.000000 -0.999719 0.023715 0.000000 34.109299 0.000000 -0.000000 1.000000 -0.000000 0.000000 0.000000 0.000000 1.000000
0.006467 0.999979 0.000000 0.000000 -0.999979 0.006467 -0.000000 34.109299 -0.000000 -0.000000 1.000000 -0.000000 0.000000 0.000000 0.000000 1.000000
0.015477 0.999880 0.000000 -0.000000 -0.999880 0.015477 -0.000000 34.109299 -0.000000 -0.000000 1.000000 0.000000 0.000000 0.000000 0.000000 1.000000
0.023767 0.999718 0.000000 -0.000000 -0.999718 0.023767 0.000000 34.109299 0.000000 -0.000000 1.000000 -0.000000 0.000000 0.000000 0.000000 1.000000
-0.021614 0.999766 0.000000 -0.000000 -0.999766 -0.021614 -0.000000 34.109299 -0.000000 -0.000000 1.000000 0.000000 0.000000 0.000000 0.000000 1.000000
-0.067035 0.997751 0.000000 0.000000 -0.997751 -0.067035 0.000000 34.109299 0.000000 -0.000000 1.000000 0.000000 0.000000 0.000000 0.000000 1.000000
-0.100083 0.994979 0.000000 0.000000 -0.994979 -0.100083 0.000000 34.109299 0.000000 -0.000000 1.000000 0.000000 0.000000 0.000000 0.000000 1.000000
-0.098528 0.995134 0.000000 0.000000 -0.995134 -0.098528 0.000000 34.109299 0.000000 -0.000000 1.000000 0.000000 0.000000 0.000000 0.000000 1.000000
-0.063370 0.997990 0.000000 0.000000 -0.997990 -0.063370 0.000000 34.109299 0.000000 -0.000000 1.000000 0.000000 0.000000 0.000000 0.000000 1.000000
-0.050541 0.998722 -0.000000 0.000000 -0.998722 -0.050541 0.000000 34.109299 0.000000 0.000000 1.000000 0.000000 0.000000 0.000000 0.000000 1.000000
-0.087237 0.996188 -0.000000 0.000000 -0.996188 -0.087237 -0.000000 34.109299 -0.000000 0.000000 1.000000 0.000000 0.000000 0.000000 0.000000 1.000000
-0.170393 0.985376 0.000001 0.000000 -0.985376 -0.170393 0.000000 34.109299 0.000000 -0.000001 1.000000 0.000000 0.000000 0.000000 0.000000 1.000000
-0.235092 0.971973 -0.000000 0.000000 -0.971973 -0.235092 -0.000000 34.109299 -0.000000 0.000000 1.000000 -0.000000 0.000000 0.000000 0.000000 1.000000</float_array>
        <technique_common>
          <accessor source="#mixamorig_RightForeArm-Matrix-animation-output-transform-array" count="22" stride="16">
            <param type="float4x4"/>
          </accessor>
        </technique_common>
      </source>
      <source id="mixamorig_RightForeArm-Interpolations">
        <Name_array id="mixamorig_RightForeArm-Interpolations-array" count="22">
 LINEAR LINEAR LINEAR LINEAR LINEAR LINEAR LINEAR LINEAR LINEAR LINEAR LINEAR
LINEAR LINEAR LINEAR LINEAR LINEAR LINEAR LINEAR LINEAR LINEAR LINEAR LINEAR</Name_array>
        <technique_common>
          <accessor source="#mixamorig_RightForeArm-Interpolations-array" count="22">
            <param type="name"/>
          </accessor>
        </technique_common>
      </source>
      <sampler id="mixamorig_RightForeArm-Matrix-animation-transform">
        <input semantic="INPUT" source="#mixamorig_RightForeArm-Matrix-animation-input"/>
        <input semantic="OUTPUT" source="#mixamorig_RightForeArm-Matrix-animation-output-transform"/>
        <input semantic="INTERPOLATION" source="#mixamorig_RightForeArm-Interpolations"/>
      </sampler>
      <channel source="#mixamorig_RightForeArm-Matrix-animation-transform" target="mixamorig_RightForeArm/matrix"/>
    </animation>
    <animation id="mixamorig_RightHand-anim" name="mixamorig_RightHand">
      <source id="mixamorig_RightHand-Matrix-animation-input">
        <float_array id="mixamorig_RightHand-Matrix-animation-input-array" count="22">

0.000000 0.033333 0.066667 0.100000 0.133333 0.166667 0.200000 0.233333 0.266667 0.300000 0.333333 0.366667 0.400000 0.433333 0.466667 0.500000
0.533333 0.566667 0.600000 0.633333 0.666667 0.700000</float_array>
        <technique_common>
          <accessor source="#mixamorig_RightHand-Matrix-animation-input-array" count="22">
            <param name="TIME" type="float"/>
          </accessor>
        </technique_common>
      </source>
      <source id="mixamorig_RightHand-Matrix-animation-output-transform">
        <float_array id="mixamorig_RightHand-Matrix-animation-output-transform-array" count="352">

0.967787 -0.240230 0.075347 -0.000000 0.192866 0.899757 0.391459 41.076000 -0.161834 -0.364318 0.917105 0.000000 0.000000 0.000000 0.000000 1.000000
0.990558 -0.137022 -0.004374 0.000000 0.126727 0.903032 0.410456 41.076000 -0.052292 -0.407135 0.911870 -0.000000 0.000000 0.000000 0.000000 1.000000
0.993551 -0.113118 -0.007827 -0.000000 0.106553 0.907826 0.405584 41.076000 -0.038773 -0.403802 0.914024 0.000000 0.000000 0.000000 0.000000 1.000000
0.991190 -0.130525 -0.022508 -0.000000 0.129461 0.918818 0.372844 41.076000 -0.027985 -0.372473 0.927621 0.000000 0.000000 0.000000 0.000000 1.000000
0.991318 -0.125258 -0.039996 0.000000 0.131322 0.927871 0.349012 41.076000 -0.006606 -0.351234 0.936264 -0.000000 0.000000 0.000000 0.000000 1.000000
0.991658 -0.096024 -0.085984 0.000000 0.120276 0.929207 0.349439 41.076000 0.046343 -0.356866 0.933006 0.000000 0.000000 0.000000 0.000000 1.000000
0.993200 -0.061161 -0.099061 0.000000 0.093477 0.926142 0.365407 41.076000 0.069396 -0.372183 0.925562 -0.000000 0.000000 0.000000 0.000000 1.000000
0.998522 -0.007343 -0.053844 -0.000000 0.027317 0.924369 0.380521 41.076000 0.046978 -0.381429 0.923204 0.000000 0.000000 0.000000 0.000000 1.000000
0.994393 -0.082493 -0.066161 0.000000 0.102970 0.897788 0.428221 41.076000 0.024073 -0.432632 0.901249 0.000000 0.000000 0.000000 0.000000 1.000000
0.985597 -0.167681 -0.021938 0.000000 0.160590 0.887375 0.432176 41.076000 -0.053001 -0.429474 0.901522 -0.000000 0.000000 0.000000 0.000000 1.000000
0.988432 -0.145308 0.043455 -0.000000 0.117264 0.913893 0.388649 41.076000 -0.096187 -0.379057 0.920361 0.000000 0.000000 0.000000 0.000000 1.000000
0.994037 -0.050823 0.096476 0.000000 0.014398 0.938171 0.345872 41.076000 -0.108089 -0.342420 0.933309 0.000000 0.000000 0.000000 0.000000 1.000000
0.987168 -0.038522 0.154968 0.000000 -0.010524 0.952661 0.303852 41.076000 -0.159336 -0.301584 0.940031 0.000000 0.000000 0.000000 0.000000 1.000000
0.971708 -0.133908 0.194557 0.000000 0.075000 0.956053 0.283438 41.076000 -0.223962 -0.260827 0.939048 0.000000 0.000000 0.000000 0.000000 1.000000
0.962942 -0.197634 0.183532 0.000000 0.136261 0.943735 0.301325 41.076000 -0.232758 -0.265150 0.935692 0.000000 0.000000 0.000000 0.000000 1.000000
0.962705 -0.225684 0.149215 0.000000 0.162900 0.923864 0.346323 41.076000 -0.216014 -0.309100 0.926172 0.000000 0.000000 0.000000 0.000000 1.000000
0.961610 -0.246834 0.119913 -0.000000 0.182067 0.900803 0.394214 41.076000 -0.205324 -0.357248 0.911162 0.000000 0.000000 0.000000 0.000000 1.000000
0.980386 -0.165903 0.106397 0.000000 0.112262 0.913773 0.390405 41.076000 -0.161992 -0.370804 0.914474 0.000000 0.000000 0.000000 0.000000 1.000000
0.993057 -0.047238 0.107729 0.000000 0.006899 0.937636 0.347549 41.076000 -0.117428 -0.344393 0.931453 0.000000 0.000000 0.000000 0.000000 1.000000
0.996185 -0.029648 0.082078 -0.000000 0.001933 0.947789 0.318893 41.076000 -0.087248 -0.317517 0.944230 0.000000 0.000000 0.000000 0.000000 1.000000
0.971495 -0.196806 0.132157 0.000000 0.137485 0.921899 0.362215 41.076000 -0.193121 -0.333720 0.922678 0.000000 0.000000 0.000000 0.000000 1.000000
0.967787 -0.240231 0.075346 0.000000 0.192867 0.899756 0.391460 41.076000 -0.161834 -0.364318 0.917105 0.000000 0.000000 0.000000 0.000000 1.000000</float_array>
        <technique_common>
          <accessor source="#mixamorig_RightHand-Matrix-animation-output-transform-array" count="22" stride="16">
            <param type="float4x4"/>
          </accessor>
        </technique_common>
      </source>
      <source id="mixamorig_RightHand-Interpolations">
        <Name_array id="mixamorig_RightHand-Interpolations-array" count="22">
 LINEAR LINEAR LINEAR LINEAR LINEAR LINEAR LINEAR LINEAR LINEAR LINEAR LINEAR
LINEAR LINEAR LINEAR LINEAR LINEAR LINEAR LINEAR LINEAR LINEAR LINEAR LINEAR</Name_array>
        <technique_common>
          <accessor source="#mixamorig_RightHand-Interpolations-array" count="22">
            <param type="name"/>
          </accessor>
        </technique_common>
      </source>
      <sampler id="mixamorig_RightHand-Matrix-animation-transform">
        <input semantic="INPUT" source="#mixamorig_RightHand-Matrix-animation-input"/>
        <input semantic="OUTPUT" source="#mixamorig_RightHand-Matrix-animation-output-transform"/>
        <input semantic="INTERPOLATION" source="#mixamorig_RightHand-Interpolations"/>
      </sampler>
      <channel source="#mixamorig_RightHand-Matrix-animation-transform" target="mixamorig_RightHand/matrix"/>
    </animation>
    <animation id="mixamorig_RightHandThumb1-anim" name="mixamorig_RightHandThumb1">
      <source id="mixamorig_RightHandThumb1-Matrix-animation-input">
        <float_array id="mixamorig_RightHandThumb1-Matrix-animation-input-array" count="22">

0.000000 0.033333 0.066667 0.100000 0.133333 0.166667 0.200000 0.233333 0.266667 0.300000 0.333333 0.366667 0.400000 0.433333 0.466667 0.500000
0.533333 0.566667 0.600000 0.633333 0.666667 0.700000</float_array>
        <technique_common>
          <accessor source="#mixamorig_RightHandThumb1-Matrix-animation-input-array" count="22">
            <param name="TIME" type="float"/>
          </accessor>
        </technique_common>
      </source>
      <source id="mixamorig_RightHandThumb1-Matrix-animation-output-transform">
        <float_array id="mixamorig_RightHandThumb1-Matrix-animation-output-transform-array" count="352">

0.893066 0.405217 -0.195531 9.706200 -0.443774 0.864945 -0.234382 9.903700 0.074148 0.296090 0.952278 7.214200 0.000000 0.000000 0.000000 1.000000
0.894284 0.402228 -0.196134 9.706200 -0.441069 0.866296 -0.234499 9.903700 0.075588 0.296217 0.952125 7.214200 0.000000 0.000000 0.000000 1.000000
0.894088 0.402146 -0.197193 9.706200 -0.441315 0.866150 -0.234574 9.903700 0.076466 0.296754 0.951888 7.214200 0.000000 0.000000 0.000000 1.000000
0.893266 0.403736 -0.197669 9.706200 -0.443026 0.865188 -0.234900 9.903700 0.076184 0.297400 0.951708 7.214200 0.000000 0.000000 0.000000 1.000000
0.891444 0.407842 -0.197464 9.706200 -0.446990 0.862972 -0.235541 9.903700 0.074343 0.298236 0.951593 7.214200 0.000000 0.000000 0.000000 1.000000
0.888620 0.414247 -0.196858 9.706200 -0.453060 0.859604 -0.236259 9.903700 0.071350 0.299133 0.951540 7.214200 0.000000 0.000000 0.000000 1.000000
0.887303 0.417689 -0.195523 9.706200 -0.456044 0.857792 -0.237101 9.903700 0.068684 0.299548 0.951606 7.214200 0.000000 0.000000 0.000000 1.000000
0.888666 0.415825 -0.193296 9.706200 -0.453665 0.858661 -0.238516 9.903700 0.066795 0.299653 0.951707 7.214200 0.000000 0.000000 0.000000 1.000000
0.891426 0.411171 -0.190519 9.706200 -0.448447 0.860908 -0.240274 9.903700 0.065226 0.299625 0.951825 7.214200 0.000000 0.000000 0.000000 1.000000
0.894284 0.406092 -0.188003 9.706200 -0.442927 0.863149 -0.242466 9.903700 0.063811 0.300105 0.951770 7.214200 0.000000 0.000000 0.000000 1.000000
0.896902 0.401277 -0.185859 9.706200 -0.437812 0.864968 -0.245257 9.903700 0.062345 0.301343 0.951475 7.214200 0.000000 0.000000 0.000000 1.000000
0.899144 0.397024 -0.184151 9.706200 -0.433472 0.865901 -0.249633 9.903700 0.060346 0.304281 0.950669 7.214200 0.000000 0.000000 0.000000 1.000000
0.900026 0.395403 -0.183329 9.706200 -0.431890 0.865610 -0.253359 9.903700 0.058513 0.307208 0.949842 7.214200 0.000000 0.000000 0.000000 1.000000
0.899554 0.396236 -0.183849 9.706200 -0.432907 0.864846 -0.254231 9.903700 0.058265 0.308284 0.949508 7.214200 0.000000 0.000000 0.000000 1.000000
0.897828 0.399295 -0.185657 9.706200 -0.436272 0.863813 -0.251979 9.903700 0.059759 0.307231 0.949757 7.214200 0.000000 0.000000 0.000000 1.000000
0.894440 0.405331 -0.188903 9.706200 -0.442825 0.861674 -0.247838 9.903700 0.062316 0.305327 0.950206 7.214200 0.000000 0.000000 0.000000 1.000000
0.890117 0.413068 -0.192526 9.706200 -0.451067 0.858821 -0.242829 9.903700 0.065040 0.302989 0.950772 7.214200 0.000000 0.000000 0.000000 1.000000
0.887458 0.417852 -0.194467 9.706200 -0.455949 0.857574 -0.238070 9.903700 0.067292 0.299944 0.951580 7.214200 0.000000 0.000000 0.000000 1.000000
0.887361 0.417837 -0.194944 9.706200 -0.455901 0.858287 -0.235578 9.903700 0.068885 0.297918 0.952103 7.214200 0.000000 0.000000 0.000000 1.000000
0.888998 0.414345 -0.194936 9.706200 -0.452452 0.860365 -0.234645 9.903700 0.070492 0.296798 0.952335 7.214200 0.000000 0.000000 0.000000 1.000000
0.891107 0.409701 -0.195126 9.706200 -0.447992 0.862772 -0.234366 9.903700 0.072329 0.296260 0.952365 7.214200 0.000000 0.000000 0.000000 1.000000
0.893066 0.405217 -0.195531 9.706200 -0.443774 0.864945 -0.234382 9.903700 0.074148 0.296090 0.952278 7.214200 0.000000 0.000000 0.000000 1.000000</float_array>
        <technique_common>
          <accessor source="#mixamorig_RightHandThumb1-Matrix-animation-output-transform-array" count="22" stride="16">
            <param type="float4x4"/>
          </accessor>
        </technique_common>
      </source>
      <source id="mixamorig_RightHandThumb1-Interpolations">
        <Name_array id="mixamorig_RightHandThumb1-Interpolations-array" count="22">
 LINEAR LINEAR LINEAR LINEAR LINEAR LINEAR LINEAR LINEAR LINEAR LINEAR LINEAR
LINEAR LINEAR LINEAR LINEAR LINEAR LINEAR LINEAR LINEAR LINEAR LINEAR LINEAR</Name_array>
        <technique_common>
          <accessor source="#mixamorig_RightHandThumb1-Interpolations-array" count="22">
            <param type="name"/>
          </accessor>
        </technique_common>
      </source>
      <sampler id="mixamorig_RightHandThumb1-Matrix-animation-transform">
        <input semantic="INPUT" source="#mixamorig_RightHandThumb1-Matrix-animation-input"/>
        <input semantic="OUTPUT" source="#mixamorig_RightHandThumb1-Matrix-animation-output-transform"/>
        <input semantic="INTERPOLATION" source="#mixamorig_RightHandThumb1-Interpolations"/>
      </sampler>
      <channel source="#mixamorig_RightHandThumb1-Matrix-animation-transform" target="mixamorig_RightHandThumb1/matrix"/>
    </animation>
    <animation id="mixamorig_RightHandThumb2-anim" name="mixamorig_RightHandThumb2">
      <source id="mixamorig_RightHandThumb2-Matrix-animation-input">
        <float_array id="mixamorig_RightHandThumb2-Matrix-animation-input-array" count="22">

0.000000 0.033333 0.066667 0.100000 0.133333 0.166667 0.200000 0.233333 0.266667 0.300000 0.333333 0.366667 0.400000 0.433333 0.466667 0.500000
0.533333 0.566667 0.600000 0.633333 0.666667 0.700000</float_array>
        <technique_common>
          <accessor source="#mixamorig_RightHandThumb2-Matrix-animation-input-array" count="22">
            <param name="TIME" type="float"/>
          </accessor>
        </technique_common>
      </source>
      <source id="mixamorig_RightHandThumb2-Matrix-animation-output-transform">
        <float_array id="mixamorig_RightHandThumb2-Matrix-animation-output-transform-array" count="352">

0.979257 -0.202429 -0.008866 -0.000000 0.202551 0.979137 0.016232 2.369600 0.005395 -0.017691 0.999829 0.000000 0.000000 0.000000 0.000000 1.000000
0.979463 -0.201413 -0.009239 -0.000000 0.201541 0.979347 0.016135 2.369600 0.005799 -0.017666 0.999827 0.000000 0.000000 0.000000 0.000000 1.000000
0.980202 -0.197714 -0.010638 -0.000000 0.197865 0.980102 0.015774 2.369600 0.007308 -0.017567 0.999819 0.000000 0.000000 0.000000 0.000000 1.000000
0.980834 -0.194499 -0.011628 -0.000000 0.194666 0.980747 0.015528 2.369600 0.008384 -0.017494 0.999812 0.000000 0.000000 0.000000 0.000000 1.000000
0.980762 -0.194856 -0.011689 0.000000 0.195024 0.980676 0.015507 2.369600 0.008441 -0.017489 0.999811 -0.000000 0.000000 0.000000 0.000000 1.000000
0.980246 -0.197493 -0.010726 0.000000 0.197646 0.980147 0.015747 2.369600 0.007404 -0.017556 0.999818 -0.000000 0.000000 0.000000 0.000000 1.000000
0.979976 -0.198855 -0.010216 0.000000 0.198999 0.979871 0.015879 2.369600 0.006852 -0.017594 0.999822 0.000000 0.000000 0.000000 0.000000 1.000000
0.979645 -0.200510 -0.009590 0.000000 0.200644 0.979533 0.016042 2.369600 0.006177 -0.017640 0.999825 -0.000000 0.000000 0.000000 0.000000 1.000000
0.978689 -0.205197 -0.007870 0.000000 0.205302 0.978560 0.016483 2.369600 0.004319 -0.017748 0.999833 0.000000 0.000000 0.000000 0.000000 1.000000
0.976713 -0.214501 -0.004494 0.000000 0.214547 0.976559 0.017363 2.369600 0.000664 -0.017923 0.999839 0.000000 0.000000 0.000000 0.000000 1.000000
0.974671 -0.223639 -0.001185 0.000000 0.223622 0.974505 0.018256 2.369600 -0.002928 -0.018059 0.999833 0.000000 0.000000 0.000000 0.000000 1.000000
0.973343 -0.229351 0.000884 0.000000 0.229294 0.973175 0.018830 2.369600 -0.005179 -0.018126 0.999822 0.000000 0.000000 0.000000 0.000000 1.000000
0.972772 -0.231757 0.001774 0.000000 0.231682 0.972604 0.019084 2.369600 -0.006148 -0.018154 0.999816 -0.000000 0.000000 0.000000 0.000000 1.000000
0.972324 -0.233625 0.002508 0.000000 0.233535 0.972157 0.019301 2.369600 -0.006947 -0.018181 0.999811 0.000000 0.000000 0.000000 0.000000 1.000000
0.972309 -0.233686 0.002596 0.000000 0.233594 0.972142 0.019335 2.369600 -0.007042 -0.018193 0.999810 -0.000000 0.000000 0.000000 0.000000 1.000000
0.973484 -0.228752 0.000856 0.000000 0.228695 0.973316 0.018852 2.369600 -0.005146 -0.018156 0.999822 0.000000 0.000000 0.000000 0.000000 1.000000
0.975724 -0.218989 -0.002679 0.000000 0.219001 0.975561 0.017884 2.369600 -0.001303 -0.018036 0.999836 0.000000 0.000000 0.000000 0.000000 1.000000
0.977487 -0.210921 -0.005652 0.000000 0.210988 0.977339 0.017088 2.369600 0.001919 -0.017896 0.999838 -0.000000 0.000000 0.000000 0.000000 1.000000
0.978436 -0.206417 -0.007356 0.000000 0.206514 0.978302 0.016632 2.369600 0.003763 -0.017792 0.999835 0.000000 0.000000 0.000000 0.000000 1.000000
0.979166 -0.202876 -0.008696 0.000000 0.202996 0.979044 0.016277 2.369600 0.005211 -0.017703 0.999830 0.000000 0.000000 0.000000 0.000000 1.000000
0.979280 -0.202315 -0.008910 0.000000 0.202438 0.979161 0.016221 2.369600 0.005443 -0.017688 0.999829 0.000000 0.000000 0.000000 0.000000 1.000000
0.979257 -0.202429 -0.008866 0.000000 0.202551 0.979137 0.016232 2.369600 0.005395 -0.017691 0.999829 -0.000000 0.000000 0.000000 0.000000 1.000000</float_array>
        <technique_common>
          <accessor source="#mixamorig_RightHandThumb2-Matrix-animation-output-transform-array" count="22" stride="16">
            <param type="float4x4"/>
          </accessor>
        </technique_common>
      </source>
      <source id="mixamorig_RightHandThumb2-Interpolations">
        <Name_array id="mixamorig_RightHandThumb2-Interpolations-array" count="22">
 LINEAR LINEAR LINEAR LINEAR LINEAR LINEAR LINEAR LINEAR LINEAR LINEAR LINEAR
LINEAR LINEAR LINEAR LINEAR LINEAR LINEAR LINEAR LINEAR LINEAR LINEAR LINEAR</Name_array>
        <technique_common>
          <accessor source="#mixamorig_RightHandThumb2-Interpolations-array" count="22">
            <param type="name"/>
          </accessor>
        </technique_common>
      </source>
      <sampler id="mixamorig_RightHandThumb2-Matrix-animation-transform">
        <input semantic="INPUT" source="#mixamorig_RightHandThumb2-Matrix-animation-input"/>
        <input semantic="OUTPUT" source="#mixamorig_RightHandThumb2-Matrix-animation-output-transform"/>
        <input semantic="INTERPOLATION" source="#mixamorig_RightHandThumb2-Interpolations"/>
      </sampler>
      <channel source="#mixamorig_RightHandThumb2-Matrix-animation-transform" target="mixamorig_RightHandThumb2/matrix"/>
    </animation>
    <animation id="mixamorig_RightHandThumb3-anim" name="mixamorig_RightHandThumb3">
      <source id="mixamorig_RightHandThumb3-Matrix-animation-input">
        <float_array id="mixamorig_RightHandThumb3-Matrix-animation-input-array" count="22">

0.000000 0.033333 0.066667 0.100000 0.133333 0.166667 0.200000 0.233333 0.266667 0.300000 0.333333 0.366667 0.400000 0.433333 0.466667 0.500000
0.533333 0.566667 0.600000 0.633333 0.666667 0.700000</float_array>
        <technique_common>
          <accessor source="#mixamorig_RightHandThumb3-Matrix-animation-input-array" count="22">
            <param name="TIME" type="float"/>
          </accessor>
        </technique_common>
      </source>
      <source id="mixamorig_RightHandThumb3-Matrix-animation-output-transform">
        <float_array id="mixamorig_RightHandThumb3-Matrix-animation-output-transform-array" count="352">

0.999855 -0.016850 -0.002651 0.000000 0.016993 0.997486 0.068799 2.785100 0.001485 -0.068834 0.997627 -0.000000 0.000000 0.000000 0.000000 1.000000
0.999863 -0.016321 -0.002814 0.000000 0.016476 0.997495 0.068788 2.785100 0.001684 -0.068825 0.997627 0.000000 0.000000 0.000000 0.000000 1.000000
0.999890 -0.014397 -0.003431 0.000000 0.014599 0.997527 0.068748 2.785100 0.002432 -0.068791 0.997628 0.000000 0.000000 0.000000 0.000000 1.000000
0.999912 -0.012733 -0.003852 0.000000 0.012968 0.997552 0.068723 2.785100 0.002967 -0.068767 0.997628 -0.000000 0.000000 0.000000 0.000000 1.000000
0.999909 -0.012912 -0.003891 -0.000000 0.013149 0.997549 0.068720 2.785100 0.002995 -0.068765 0.997628 0.000000 0.000000 0.000000 0.000000 1.000000
0.999892 -0.014281 -0.003466 -0.000000 0.014485 0.997529 0.068745 2.785100 0.002475 -0.068788 0.997628 0.000000 0.000000 0.000000 0.000000 1.000000
0.999882 -0.014989 -0.003242 0.000000 0.015176 0.997518 0.068759 2.785100 0.002203 -0.068800 0.997628 0.000000 0.000000 0.000000 0.000000 1.000000
0.999870 -0.015851 -0.002968 0.000000 0.016017 0.997503 0.068777 2.785100 0.001870 -0.068816 0.997628 0.000000 0.000000 0.000000 0.000000 1.000000
0.999830 -0.018287 -0.002207 -0.000000 0.018395 0.997459 0.068826 2.785100 0.000943 -0.068854 0.997626 0.000000 0.000000 0.000000 0.000000 1.000000
0.999732 -0.023125 -0.000707 -0.000000 0.023119 0.997354 0.068923 2.785100 -0.000889 -0.068921 0.997622 0.000000 0.000000 0.000000 0.000000 1.000000
0.999611 -0.027886 0.000768 0.000000 0.027767 0.997228 0.069025 2.785100 -0.002690 -0.068977 0.997615 0.000000 0.000000 0.000000 0.000000 1.000000
0.999522 -0.030867 0.001690 0.000000 0.030676 0.997138 0.069093 2.785100 -0.003818 -0.069008 0.997609 -0.000000 0.000000 0.000000 0.000000 1.000000
0.999482 -0.032125 0.002085 0.000000 0.031904 0.997098 0.069123 2.785100 -0.004300 -0.069021 0.997606 0.000000 0.000000 0.000000 0.000000 1.000000
0.999449 -0.033107 0.002404 0.000000 0.032862 0.997065 0.069151 2.785100 -0.004686 -0.069033 0.997603 0.000000 0.000000 0.000000 0.000000 1.000000
0.999448 -0.033146 0.002433 0.000000 0.032899 0.997063 0.069156 2.785100 -0.004718 -0.069038 0.997603 0.000000 0.000000 0.000000 0.000000 1.000000
0.999531 -0.030574 0.001649 -0.000000 0.030387 0.997147 0.069100 2.785100 -0.003757 -0.069017 0.997608 0.000000 0.000000 0.000000 0.000000 1.000000
0.999675 -0.025482 0.000072 0.000000 0.025417 0.997294 0.068987 2.785100 -0.001830 -0.068963 0.997618 -0.000000 0.000000 0.000000 0.000000 1.000000
0.999773 -0.021278 -0.001243 0.000000 0.021313 0.997396 0.068896 2.785100 -0.000226 -0.068906 0.997623 0.000000 0.000000 0.000000 0.000000 1.000000
0.999819 -0.018929 -0.001990 0.000000 0.019021 0.997446 0.068844 2.785100 0.000682 -0.068869 0.997625 0.000000 0.000000 0.000000 0.000000 1.000000
0.999851 -0.017083 -0.002576 0.000000 0.017220 0.997482 0.068804 2.785100 0.001394 -0.068838 0.997627 0.000000 0.000000 0.000000 0.000000 1.000000
0.999855 -0.016791 -0.002670 0.000000 0.016935 0.997487 0.068797 2.785100 0.001508 -0.068833 0.997627 0.000000 0.000000 0.000000 0.000000 1.000000
0.999855 -0.016850 -0.002651 0.000000 0.016993 0.997486 0.068798 2.785100 0.001485 -0.068834 0.997627 0.000000 0.000000 0.000000 0.000000 1.000000</float_array>
        <technique_common>
          <accessor source="#mixamorig_RightHandThumb3-Matrix-animation-output-transform-array" count="22" stride="16">
            <param type="float4x4"/>
          </accessor>
        </technique_common>
      </source>
      <source id="mixamorig_RightHandThumb3-Interpolations">
        <Name_array id="mixamorig_RightHandThumb3-Interpolations-array" count="22">
 LINEAR LINEAR LINEAR LINEAR LINEAR LINEAR LINEAR LINEAR LINEAR LINEAR LINEAR
LINEAR LINEAR LINEAR LINEAR LINEAR LINEAR LINEAR LINEAR LINEAR LINEAR LINEAR</Name_array>
        <technique_common>
          <accessor source="#mixamorig_RightHandThumb3-Interpolations-array" count="22">
            <param type="name"/>
          </accessor>
        </technique_common>
      </source>
      <sampler id="mixamorig_RightHandThumb3-Matrix-animation-transform">
        <input semantic="INPUT" source="#mixamorig_RightHandThumb3-Matrix-animation-input"/>
        <input semantic="OUTPUT" source="#mixamorig_RightHandThumb3-Matrix-animation-output-transform"/>
        <input semantic="INTERPOLATION" source="#mixamorig_RightHandThumb3-Interpolations"/>
      </sampler>
      <channel source="#mixamorig_RightHandThumb3-Matrix-animation-transform" target="mixamorig_RightHandThumb3/matrix"/>
    </animation>
    <animation id="mixamorig_RightHandIndex1-anim" name="mixamorig_RightHandIndex1">
      <source id="mixamorig_RightHandIndex1-Matrix-animation-input">
        <float_array id="mixamorig_RightHandIndex1-Matrix-animation-input-array" count="22">

0.000000 0.033333 0.066667 0.100000 0.133333 0.166667 0.200000 0.233333 0.266667 0.300000 0.333333 0.366667 0.400000 0.433333 0.466667 0.500000
0.533333 0.566667 0.600000 0.633333 0.666667 0.700000</float_array>
        <technique_common>
          <accessor source="#mixamorig_RightHandIndex1-Matrix-animation-input-array" count="22">
            <param name="TIME" type="float"/>
          </accessor>
        </technique_common>
      </source>
      <source id="mixamorig_RightHandIndex1-Matrix-animation-output-transform">
        <float_array id="mixamorig_RightHandIndex1-Matrix-animation-output-transform-array" count="352">

0.999999 0.001065 -0.000257 4.736600 -0.001078 0.998295 -0.058358 18.296400 0.000194 0.058358 0.998296 0.973900 0.000000 0.000000 0.000000 1.000000
1.000000 -0.000394 -0.000260 4.736600 0.000375 0.997520 -0.070379 18.296400 0.000287 0.070379 0.997520 0.973900 0.000000 0.000000 0.000000 1.000000
0.999998 -0.001788 -0.000248 4.736600 0.001762 0.996642 -0.081860 18.296400 0.000393 0.081859 0.996644 0.973900 0.000000 0.000000 0.000000 1.000000
0.999996 -0.002832 -0.000228 4.736600 0.002800 0.995897 -0.090453 18.296400 0.000483 0.090452 0.995901 0.973900 0.000000 0.000000 0.000000 1.000000
0.999995 -0.003053 -0.000222 4.736600 0.003019 0.995730 -0.092263 18.296400 0.000503 0.092262 0.995735 0.973900 0.000000 0.000000 0.000000 1.000000
0.999998 -0.001758 -0.000248 4.736600 0.001731 0.996663 -0.081609 18.296400 0.000391 0.081608 0.996664 0.973900 0.000000 0.000000 0.000000 1.000000
1.000000 0.000470 -0.000260 4.736600 -0.000486 0.997997 -0.063260 18.296400 0.000230 0.063260 0.997997 0.973900 0.000000 0.000000 0.000000 1.000000
0.999997 0.002282 -0.000240 4.736600 -0.002291 0.998829 -0.048324 18.296400 0.000129 0.048324 0.998832 0.973900 0.000000 0.000000 0.000000 1.000000
0.999997 0.002481 -0.000236 4.736600 -0.002489 0.998907 -0.046685 18.296400 0.000120 0.046685 0.998910 0.973900 0.000000 0.000000 0.000000 1.000000
0.999997 0.002352 -0.000238 4.736600 -0.002361 0.998857 -0.047747 18.296400 0.000126 0.047748 0.998859 0.973900 0.000000 0.000000 0.000000 1.000000
1.000000 -0.000538 -0.000260 4.736600 0.000518 0.997436 -0.071566 18.296400 0.000298 0.071566 0.997436 0.973900 0.000000 0.000000 0.000000 1.000000
0.999999 -0.001411 -0.000253 4.736600 0.001387 0.996893 -0.078758 18.296400 0.000363 0.078757 0.996894 0.973900 0.000000 0.000000 0.000000 1.000000
0.999999 0.001703 -0.000249 4.736600 -0.001714 0.998588 -0.053098 18.296400 0.000159 0.053098 0.998589 0.973900 0.000000 0.000000 0.000000 1.000000
0.999999 0.001522 -0.000251 4.736600 -0.001534 0.998508 -0.054590 18.296400 0.000168 0.054591 0.998509 0.973900 0.000000 0.000000 0.000000 1.000000
0.999999 0.001000 -0.000257 4.736600 -0.001014 0.998264 -0.058894 18.296400 0.000198 0.058894 0.998264 0.973900 0.000000 0.000000 0.000000 1.000000
1.000000 0.000602 -0.000260 4.736600 -0.000617 0.998065 -0.062174 18.296400 0.000222 0.062174 0.998065 0.973900 0.000000 0.000000 0.000000 1.000000
1.000000 0.000942 -0.000258 4.736600 -0.000956 0.998236 -0.059371 18.296400 0.000201 0.059371 0.998236 0.973900 0.000000 0.000000 0.000000 1.000000
0.999998 0.001816 -0.000247 4.736600 -0.001827 0.998637 -0.052162 18.296400 0.000152 0.052163 0.998639 0.973900 0.000000 0.000000 0.000000 1.000000
0.999997 0.002473 -0.000236 4.736600 -0.002481 0.998904 -0.046746 18.296400 0.000120 0.046746 0.998907 0.973900 0.000000 0.000000 0.000000 1.000000
0.999997 0.002480 -0.000236 4.736600 -0.002489 0.998907 -0.046685 18.296400 0.000120 0.046685 0.998910 0.973900 0.000000 0.000000 0.000000 1.000000
0.999997 0.002481 -0.000236 4.736600 -0.002489 0.998907 -0.046685 18.296400 0.000120 0.046685 0.998910 0.973900 0.000000 0.000000 0.000000 1.000000
1.000000 0.000003 -0.000261 4.736600 -0.000021 0.997746 -0.067107 18.296400 0.000260 0.067107 0.997746 0.973900 0.000000 0.000000 0.000000 1.000000</float_array>
        <technique_common>
          <accessor source="#mixamorig_RightHandIndex1-Matrix-animation-output-transform-array" count="22" stride="16">
            <param type="float4x4"/>
          </accessor>
        </technique_common>
      </source>
      <source id="mixamorig_RightHandIndex1-Interpolations">
        <Name_array id="mixamorig_RightHandIndex1-Interpolations-array" count="22">
 LINEAR LINEAR LINEAR LINEAR LINEAR LINEAR LINEAR LINEAR LINEAR LINEAR LINEAR
LINEAR LINEAR LINEAR LINEAR LINEAR LINEAR LINEAR LINEAR LINEAR LINEAR LINEAR</Name_array>
        <technique_common>
          <accessor source="#mixamorig_RightHandIndex1-Interpolations-array" count="22">
            <param type="name"/>
          </accessor>
        </technique_common>
      </source>
      <sampler id="mixamorig_RightHandIndex1-Matrix-animation-transform">
        <input semantic="INPUT" source="#mixamorig_RightHandIndex1-Matrix-animation-input"/>
        <input semantic="OUTPUT" source="#mixamorig_RightHandIndex1-Matrix-animation-output-transform"/>
        <input semantic="INTERPOLATION" source="#mixamorig_RightHandIndex1-Interpolations"/>
      </sampler>
      <channel source="#mixamorig_RightHandIndex1-Matrix-animation-transform" target="mixamorig_RightHandIndex1/matrix"/>
    </animation>
    <animation id="mixamorig_RightHandIndex2-anim" name="mixamorig_RightHandIndex2">
      <source id="mixamorig_RightHandIndex2-Matrix-animation-input">
        <float_array id="mixamorig_RightHandIndex2-Matrix-animation-input-array" count="22">

0.000000 0.033333 0.066667 0.100000 0.133333 0.166667 0.200000 0.233333 0.266667 0.300000 0.333333 0.366667 0.400000 0.433333 0.466667 0.500000
0.533333 0.566667 0.600000 0.633333 0.666667 0.700000</float_array>
        <technique_common>
          <accessor source="#mixamorig_RightHandIndex2-Matrix-animation-input-array" count="22">
            <param name="TIME" type="float"/>
          </accessor>
        </technique_common>
      </source>
      <source id="mixamorig_RightHandIndex2-Matrix-animation-output-transform">
        <float_array id="mixamorig_RightHandIndex2-Matrix-animation-output-transform-array" count="352">

0.999818 -0.019041 0.001510 0.000000 0.019041 0.987325 -0.157567 4.698000 0.001510 0.157567 0.987507 0.000000 0.000000 0.000000 0.000000 1.000000
0.999794 -0.020206 0.001701 -0.000000 0.020206 0.985715 -0.167205 4.698000 0.001701 0.167205 0.985921 -0.000000 0.000000 0.000000 0.000000 1.000000
0.999771 -0.021331 0.001898 0.000000 0.021331 0.984067 -0.176514 4.698000 0.001898 0.176514 0.984296 0.000000 0.000000 0.000000 0.000000 1.000000
0.999752 -0.022173 0.002052 0.000000 0.022173 0.982773 -0.183483 4.698000 0.002052 0.183483 0.983021 -0.000000 0.000000 0.000000 0.000000 1.000000
0.999748 -0.022358 0.002086 -0.000000 0.022358 0.982483 -0.185008 4.698000 0.002086 0.185008 0.982735 0.000000 0.000000 0.000000 0.000000 1.000000
0.999771 -0.021310 0.001894 0.000000 0.021310 0.984098 -0.176345 4.698000 0.001894 0.176345 0.984327 0.000000 0.000000 0.000000 0.000000 1.000000
0.999810 -0.019431 0.001572 0.000000 0.019431 0.986798 -0.160788 4.698000 0.001573 0.160788 0.986988 0.000000 0.000000 0.000000 0.000000 1.000000
0.999838 -0.017976 0.001345 -0.000000 0.017976 0.988711 -0.148753 4.698000 0.001344 0.148753 0.988873 -0.000000 0.000000 0.000000 0.000000 1.000000
0.999820 -0.018909 0.001489 0.000000 0.018909 0.987501 -0.156475 4.698000 0.001489 0.156475 0.987681 0.000000 0.000000 0.000000 0.000000 1.000000
0.999784 -0.020700 0.001786 0.000000 0.020700 0.985002 -0.171297 4.698000 0.001787 0.171297 0.985218 0.000000 0.000000 0.000000 0.000000 1.000000
0.999684 -0.024988 0.002612 0.000000 0.024988 0.978069 -0.206776 4.698000 0.002612 0.206776 0.978385 0.000000 0.000000 0.000000 0.000000 1.000000
0.999613 -0.027619 0.003199 -0.000000 0.027619 0.973141 -0.228545 4.698000 0.003199 0.228545 0.973528 -0.000000 0.000000 0.000000 0.000000 1.000000
0.999635 -0.026832 0.003017 0.000000 0.026832 0.974669 -0.222036 4.698000 0.003017 0.222036 0.975034 0.000000 0.000000 0.000000 0.000000 1.000000
0.999599 -0.028129 0.003320 0.000000 0.028129 0.972125 -0.232770 4.698000 0.003320 0.232770 0.972526 0.000000 0.000000 0.000000 0.000000 1.000000
0.999575 -0.028926 0.003513 -0.000000 0.028926 0.970499 -0.239363 4.698000 0.003514 0.239363 0.970924 0.000000 0.000000 0.000000 0.000000 1.000000
0.999591 -0.028385 0.003382 0.000000 0.028385 0.971609 -0.234884 4.698000 0.003382 0.234884 0.972017 0.000000 0.000000 0.000000 0.000000 1.000000
0.999663 -0.025817 0.002790 -0.000000 0.025817 0.976571 -0.213639 4.698000 0.002791 0.213639 0.976909 0.000000 0.000000 0.000000 0.000000 1.000000
0.999753 -0.022138 0.002046 0.000000 0.022139 0.982827 -0.183197 4.698000 0.002045 0.183197 0.983074 0.000000 0.000000 0.000000 0.000000 1.000000
0.999819 -0.018988 0.001501 0.000000 0.018988 0.987396 -0.157126 4.698000 0.001501 0.157126 0.987577 0.000000 0.000000 0.000000 0.000000 1.000000
0.999841 -0.017797 0.001318 0.000000 0.017797 0.988936 -0.147270 4.698000 0.001318 0.147270 0.989095 -0.000000 0.000000 0.000000 0.000000 1.000000
0.999839 -0.017897 0.001333 0.000000 0.017897 0.988811 -0.148097 4.698000 0.001333 0.148097 0.988972 0.000000 0.000000 0.000000 0.000000 1.000000
0.999801 -0.019898 0.001650 0.000000 0.019898 0.986151 -0.164655 4.698000 0.001650 0.164655 0.986350 0.000000 0.000000 0.000000 0.000000 1.000000</float_array>
        <technique_common>
          <accessor source="#mixamorig_RightHandIndex2-Matrix-animation-output-transform-array" count="22" stride="16">
            <param type="float4x4"/>
          </accessor>
        </technique_common>
      </source>
      <source id="mixamorig_RightHandIndex2-Interpolations">
        <Name_array id="mixamorig_RightHandIndex2-Interpolations-array" count="22">
 LINEAR LINEAR LINEAR LINEAR LINEAR LINEAR LINEAR LINEAR LINEAR LINEAR LINEAR
LINEAR LINEAR LINEAR LINEAR LINEAR LINEAR LINEAR LINEAR LINEAR LINEAR LINEAR</Name_array>
        <technique_common>
          <accessor source="#mixamorig_RightHandIndex2-Interpolations-array" count="22">
            <param type="name"/>
          </accessor>
        </technique_common>
      </source>
      <sampler id="mixamorig_RightHandIndex2-Matrix-animation-transform">
        <input semantic="INPUT" source="#mixamorig_RightHandIndex2-Matrix-animation-input"/>
        <input semantic="OUTPUT" source="#mixamorig_RightHandIndex2-Matrix-animation-output-transform"/>
        <input semantic="INTERPOLATION" source="#mixamorig_RightHandIndex2-Interpolations"/>
      </sampler>
      <channel source="#mixamorig_RightHandIndex2-Matrix-animation-transform" target="mixamorig_RightHandIndex2/matrix"/>
    </animation>
    <animation id="mixamorig_RightHandIndex3-anim" name="mixamorig_RightHandIndex3">
      <source id="mixamorig_RightHandIndex3-Matrix-animation-input">
        <float_array id="mixamorig_RightHandIndex3-Matrix-animation-input-array" count="22">

0.000000 0.033333 0.066667 0.100000 0.133333 0.166667 0.200000 0.233333 0.266667 0.300000 0.333333 0.366667 0.400000 0.433333 0.466667 0.500000
0.533333 0.566667 0.600000 0.633333 0.666667 0.700000</float_array>
        <technique_common>
          <accessor source="#mixamorig_RightHandIndex3-Matrix-animation-input-array" count="22">
            <param name="TIME" type="float"/>
          </accessor>
        </technique_common>
      </source>
      <source id="mixamorig_RightHandIndex3-Matrix-animation-output-transform">
        <float_array id="mixamorig_RightHandIndex3-Matrix-animation-output-transform-array" count="352">

0.999994 -0.003354 0.000046 -0.000000 0.003354 0.999609 -0.027751 2.894000 0.000047 0.027751 0.999615 0.000000 0.000000 0.000000 0.000000 1.000000
0.999992 -0.004075 0.000069 0.000000 0.004075 0.999423 -0.033722 2.894000 0.000069 0.033722 0.999431 0.000000 0.000000 0.000000 0.000000 1.000000
0.999989 -0.004771 0.000094 0.000000 0.004771 0.999209 -0.039484 2.894000 0.000094 0.039484 0.999220 -0.000000 0.000000 0.000000 0.000000 1.000000
0.999986 -0.005293 0.000116 0.000000 0.005293 0.999026 -0.043803 2.894000 0.000116 0.043803 0.999040 -0.000000 0.000000 0.000000 0.000000 1.000000
0.999985 -0.005407 0.000121 0.000000 0.005407 0.998984 -0.044742 2.894000 0.000121 0.044742 0.998999 0.000000 0.000000 0.000000 0.000000 1.000000
0.999989 -0.004758 0.000094 0.000000 0.004758 0.999213 -0.039375 2.894000 0.000094 0.039375 0.999224 -0.000000 0.000000 0.000000 0.000000 1.000000
0.999994 -0.003604 0.000054 0.000000 0.003604 0.999549 -0.029826 2.894000 0.000054 0.029826 0.999555 0.000000 0.000000 0.000000 0.000000 1.000000
0.999996 -0.002705 0.000030 0.000000 0.002705 0.999746 -0.022385 2.894000 0.000030 0.022385 0.999749 0.000000 0.000000 0.000000 0.000000 1.000000
0.999996 -0.002933 0.000036 0.000000 0.002933 0.999701 -0.024271 2.894000 0.000036 0.024271 0.999705 0.000000 0.000000 0.000000 0.000000 1.000000
0.999993 -0.003774 0.000059 0.000000 0.003774 0.999505 -0.031226 2.894000 0.000059 0.031226 0.999512 -0.000000 0.000000 0.000000 0.000000 1.000000
0.999980 -0.006267 0.000163 0.000000 0.006267 0.998635 -0.051857 2.894000 0.000162 0.051857 0.998654 0.000000 0.000000 0.000000 0.000000 1.000000
0.999970 -0.007721 0.000247 0.000000 0.007721 0.997927 -0.063892 2.894000 0.000247 0.063892 0.997957 0.000000 0.000000 0.000000 0.000000 1.000000
0.999976 -0.006932 0.000199 0.000000 0.006932 0.998329 -0.057363 2.894000 0.000199 0.057363 0.998353 0.000000 0.000000 0.000000 0.000000 1.000000
0.999974 -0.007194 0.000214 0.000000 0.007194 0.998200 -0.059533 2.894000 0.000214 0.059533 0.998226 0.000000 0.000000 0.000000 0.000000 1.000000
0.999977 -0.006795 0.000191 -0.000000 0.006795 0.998395 -0.056230 2.894000 0.000191 0.056230 0.998418 0.000000 0.000000 0.000000 0.000000 1.000000
0.999984 -0.005691 0.000134 0.000000 0.005691 0.998874 -0.047092 2.894000 0.000134 0.047092 0.998891 0.000000 0.000000 0.000000 0.000000 1.000000
0.999991 -0.004184 0.000073 -0.000000 0.004184 0.999392 -0.034623 2.894000 0.000072 0.034623 0.999400 0.000000 0.000000 0.000000 0.000000 1.000000
0.999996 -0.002993 0.000037 0.000000 0.002993 0.999689 -0.024770 2.894000 0.000037 0.024770 0.999693 0.000000 0.000000 0.000000 0.000000 1.000000
0.999997 -0.002527 0.000026 0.000000 0.002527 0.999778 -0.020907 2.894000 0.000027 0.020907 0.999781 0.000000 0.000000 0.000000 0.000000 1.000000
0.999997 -0.002597 0.000028 0.000000 0.002597 0.999766 -0.021487 2.894000 0.000028 0.021487 0.999769 0.000000 0.000000 0.000000 0.000000 1.000000
0.999996 -0.002647 0.000029 0.000000 0.002647 0.999757 -0.021905 2.894000 0.000029 0.021905 0.999760 0.000000 0.000000 0.000000 0.000000 1.000000
0.999992 -0.003883 0.000062 0.000000 0.003883 0.999476 -0.032133 2.894000 0.000062 0.032133 0.999484 0.000000 0.000000 0.000000 0.000000 1.000000</float_array>
        <technique_common>
          <accessor source="#mixamorig_RightHandIndex3-Matrix-animation-output-transform-array" count="22" stride="16">
            <param type="float4x4"/>
          </accessor>
        </technique_common>
      </source>
      <source id="mixamorig_RightHandIndex3-Interpolations">
        <Name_array id="mixamorig_RightHandIndex3-Interpolations-array" count="22">
 LINEAR LINEAR LINEAR LINEAR LINEAR LINEAR LINEAR LINEAR LINEAR LINEAR LINEAR
LINEAR LINEAR LINEAR LINEAR LINEAR LINEAR LINEAR LINEAR LINEAR LINEAR LINEAR</Name_array>
        <technique_common>
          <accessor source="#mixamorig_RightHandIndex3-Interpolations-array" count="22">
            <param type="name"/>
          </accessor>
        </technique_common>
      </source>
      <sampler id="mixamorig_RightHandIndex3-Matrix-animation-transform">
        <input semantic="INPUT" source="#mixamorig_RightHandIndex3-Matrix-animation-input"/>
        <input semantic="OUTPUT" source="#mixamorig_RightHandIndex3-Matrix-animation-output-transform"/>
        <input semantic="INTERPOLATION" source="#mixamorig_RightHandIndex3-Interpolations"/>
      </sampler>
      <channel source="#mixamorig_RightHandIndex3-Matrix-animation-transform" target="mixamorig_RightHandIndex3/matrix"/>
    </animation>
    <animation id="mixamorig_RightHandMiddle1-anim" name="mixamorig_RightHandMiddle1">
      <source id="mixamorig_RightHandMiddle1-Matrix-animation-input">
        <float_array id="mixamorig_RightHandMiddle1-Matrix-animation-input-array" count="22">

0.000000 0.033333 0.066667 0.100000 0.133333 0.166667 0.200000 0.233333 0.266667 0.300000 0.333333 0.366667 0.400000 0.433333 0.466667 0.500000
0.533333 0.566667 0.600000 0.633333 0.666667 0.700000</float_array>
        <technique_common>
          <accessor source="#mixamorig_RightHandMiddle1-Matrix-animation-input-array" count="22">
            <param name="TIME" type="float"/>
          </accessor>
        </technique_common>
      </source>
      <source id="mixamorig_RightHandMiddle1-Matrix-animation-output-transform">
        <float_array id="mixamorig_RightHandMiddle1-Matrix-animation-output-transform-array" count="352">

0.999999 0.001065 -0.000257 0.139500 -0.001078 0.998295 -0.058358 17.923901 0.000194 0.058358 0.998296 0.051600 0.000000 0.000000 0.000000 1.000000
1.000000 -0.000394 -0.000261 0.139500 0.000375 0.997520 -0.070379 17.923901 0.000288 0.070379 0.997520 0.051600 0.000000 0.000000 0.000000 1.000000
0.999998 -0.001788 -0.000248 0.139500 0.001762 0.996642 -0.081860 17.923901 0.000394 0.081859 0.996644 0.051600 0.000000 0.000000 0.000000 1.000000
0.999996 -0.002832 -0.000228 0.139500 0.002800 0.995897 -0.090453 17.923901 0.000484 0.090452 0.995901 0.051600 0.000000 0.000000 0.000000 1.000000
0.999995 -0.003053 -0.000223 0.139500 0.003019 0.995730 -0.092263 17.923901 0.000504 0.092262 0.995735 0.051600 0.000000 0.000000 0.000000 1.000000
0.999998 -0.001758 -0.000249 0.139500 0.001731 0.996663 -0.081608 17.923901 0.000391 0.081608 0.996664 0.051600 0.000000 0.000000 0.000000 1.000000
1.000000 0.000471 -0.000261 0.139500 -0.000486 0.997997 -0.063260 17.923901 0.000230 0.063260 0.997997 0.051600 0.000000 0.000000 0.000000 1.000000
0.999997 0.002282 -0.000240 0.139500 -0.002291 0.998829 -0.048324 17.923901 0.000130 0.048324 0.998832 0.051600 0.000000 0.000000 0.000000 1.000000
0.999997 0.002481 -0.000236 0.139500 -0.002489 0.998907 -0.046685 17.923901 0.000120 0.046685 0.998910 0.051600 0.000000 0.000000 0.000000 1.000000
0.999997 0.002352 -0.000239 0.139500 -0.002361 0.998857 -0.047747 17.923901 0.000126 0.047748 0.998859 0.051600 0.000000 0.000000 0.000000 1.000000
1.000000 -0.000538 -0.000260 0.139500 0.000518 0.997436 -0.071566 17.923901 0.000298 0.071566 0.997436 0.051600 0.000000 0.000000 0.000000 1.000000
0.999999 -0.001411 -0.000253 0.139500 0.001387 0.996893 -0.078758 17.923901 0.000364 0.078757 0.996894 0.051600 0.000000 0.000000 0.000000 1.000000
0.999999 0.001703 -0.000250 0.139500 -0.001714 0.998588 -0.053098 17.923901 0.000159 0.053098 0.998589 0.051600 0.000000 0.000000 0.000000 1.000000
0.999999 0.001522 -0.000252 0.139500 -0.001534 0.998508 -0.054590 17.923901 0.000168 0.054591 0.998509 0.051600 0.000000 0.000000 0.000000 1.000000
0.999999 0.001000 -0.000258 0.139500 -0.001014 0.998264 -0.058893 17.923901 0.000198 0.058894 0.998264 0.051600 0.000000 0.000000 0.000000 1.000000
1.000000 0.000602 -0.000260 0.139500 -0.000617 0.998065 -0.062174 17.923901 0.000222 0.062174 0.998065 0.051600 0.000000 0.000000 0.000000 1.000000
1.000000 0.000942 -0.000258 0.139500 -0.000956 0.998236 -0.059371 17.923901 0.000202 0.059371 0.998236 0.051600 0.000000 0.000000 0.000000 1.000000
0.999998 0.001817 -0.000248 0.139500 -0.001827 0.998637 -0.052162 17.923901 0.000153 0.052163 0.998639 0.051600 0.000000 0.000000 0.000000 1.000000
0.999997 0.002473 -0.000236 0.139500 -0.002481 0.998904 -0.046746 17.923901 0.000120 0.046746 0.998907 0.051600 0.000000 0.000000 0.000000 1.000000
0.999997 0.002480 -0.000236 0.139500 -0.002489 0.998907 -0.046685 17.923901 0.000120 0.046685 0.998910 0.051600 0.000000 0.000000 0.000000 1.000000
0.999997 0.002481 -0.000236 0.139500 -0.002489 0.998907 -0.046685 17.923901 0.000120 0.046685 0.998910 0.051600 0.000000 0.000000 0.000000 1.000000
1.000000 0.000003 -0.000262 0.139500 -0.000021 0.997746 -0.067107 17.923901 0.000261 0.067107 0.997746 0.051600 0.000000 0.000000 0.000000 1.000000</float_array>
        <technique_common>
          <accessor source="#mixamorig_RightHandMiddle1-Matrix-animation-output-transform-array" count="22" stride="16">
            <param type="float4x4"/>
          </accessor>
        </technique_common>
      </source>
      <source id="mixamorig_RightHandMiddle1-Interpolations">
        <Name_array id="mixamorig_RightHandMiddle1-Interpolations-array" count="22">
 LINEAR LINEAR LINEAR LINEAR LINEAR LINEAR LINEAR LINEAR LINEAR LINEAR LINEAR
LINEAR LINEAR LINEAR LINEAR LINEAR LINEAR LINEAR LINEAR LINEAR LINEAR LINEAR</Name_array>
        <technique_common>
          <accessor source="#mixamorig_RightHandMiddle1-Interpolations-array" count="22">
            <param type="name"/>
          </accessor>
        </technique_common>
      </source>
      <sampler id="mixamorig_RightHandMiddle1-Matrix-animation-transform">
        <input semantic="INPUT" source="#mixamorig_RightHandMiddle1-Matrix-animation-input"/>
        <input semantic="OUTPUT" source="#mixamorig_RightHandMiddle1-Matrix-animation-output-transform"/>
        <input semantic="INTERPOLATION" source="#mixamorig_RightHandMiddle1-Interpolations"/>
      </sampler>
      <channel source="#mixamorig_RightHandMiddle1-Matrix-animation-transform" target="mixamorig_RightHandMiddle1/matrix"/>
    </animation>
    <animation id="mixamorig_RightHandMiddle2-anim" name="mixamorig_RightHandMiddle2">
      <source id="mixamorig_RightHandMiddle2-Matrix-animation-input">
        <float_array id="mixamorig_RightHandMiddle2-Matrix-animation-input-array" count="22">

0.000000 0.033333 0.066667 0.100000 0.133333 0.166667 0.200000 0.233333 0.266667 0.300000 0.333333 0.366667 0.400000 0.433333 0.466667 0.500000
0.533333 0.566667 0.600000 0.633333 0.666667 0.700000</float_array>
        <technique_common>
          <accessor source="#mixamorig_RightHandMiddle2-Matrix-animation-input-array" count="22">
            <param name="TIME" type="float"/>
          </accessor>
        </technique_common>
      </source>
      <source id="mixamorig_RightHandMiddle2-Matrix-animation-output-transform">
        <float_array id="mixamorig_RightHandMiddle2-Matrix-animation-output-transform-array" count="352">

0.999818 -0.019041 0.001510 0.000000 0.019041 0.987325 -0.157567 5.002000 0.001510 0.157567 0.987507 0.000000 0.000000 0.000000 0.000000 1.000000
0.999794 -0.020206 0.001702 0.000000 0.020206 0.985715 -0.167205 5.002000 0.001701 0.167205 0.985921 0.000000 0.000000 0.000000 0.000000 1.000000
0.999771 -0.021331 0.001898 -0.000000 0.021331 0.984067 -0.176514 5.002000 0.001898 0.176514 0.984296 0.000000 0.000000 0.000000 0.000000 1.000000
0.999752 -0.022173 0.002052 0.000000 0.022173 0.982773 -0.183483 5.002000 0.002052 0.183483 0.983021 0.000000 0.000000 0.000000 0.000000 1.000000
0.999748 -0.022357 0.002087 0.000000 0.022357 0.982483 -0.185008 5.002000 0.002086 0.185008 0.982735 0.000000 0.000000 0.000000 0.000000 1.000000
0.999771 -0.021310 0.001894 0.000000 0.021310 0.984098 -0.176345 5.002000 0.001894 0.176345 0.984327 -0.000000 0.000000 0.000000 0.000000 1.000000
0.999810 -0.019431 0.001572 0.000000 0.019431 0.986798 -0.160788 5.002000 0.001573 0.160788 0.986988 0.000000 0.000000 0.000000 0.000000 1.000000
0.999838 -0.017976 0.001345 -0.000000 0.017976 0.988711 -0.148754 5.002000 0.001344 0.148754 0.988873 0.000000 0.000000 0.000000 0.000000 1.000000
0.999820 -0.018909 0.001489 0.000000 0.018909 0.987501 -0.156475 5.002000 0.001489 0.156475 0.987681 0.000000 0.000000 0.000000 0.000000 1.000000
0.999784 -0.020700 0.001786 0.000000 0.020700 0.985002 -0.171297 5.002000 0.001786 0.171297 0.985218 0.000000 0.000000 0.000000 0.000000 1.000000
0.999684 -0.024988 0.002612 0.000000 0.024988 0.978069 -0.206776 5.002000 0.002612 0.206776 0.978385 0.000000 0.000000 0.000000 0.000000 1.000000
0.999613 -0.027619 0.003199 -0.000000 0.027619 0.973141 -0.228545 5.002000 0.003199 0.228545 0.973528 -0.000000 0.000000 0.000000 0.000000 1.000000
0.999635 -0.026832 0.003017 -0.000000 0.026832 0.974669 -0.222036 5.002000 0.003017 0.222036 0.975034 0.000000 0.000000 0.000000 0.000000 1.000000
0.999599 -0.028129 0.003320 -0.000000 0.028129 0.972125 -0.232770 5.002000 0.003320 0.232770 0.972526 0.000000 0.000000 0.000000 0.000000 1.000000
0.999575 -0.028926 0.003514 0.000000 0.028926 0.970499 -0.239363 5.002000 0.003514 0.239363 0.970924 0.000000 0.000000 0.000000 0.000000 1.000000
0.999591 -0.028385 0.003381 0.000000 0.028385 0.971609 -0.234884 5.002000 0.003382 0.234884 0.972017 0.000000 0.000000 0.000000 0.000000 1.000000
0.999663 -0.025817 0.002790 0.000000 0.025817 0.976571 -0.213639 5.002000 0.002791 0.213639 0.976909 0.000000 0.000000 0.000000 0.000000 1.000000
0.999753 -0.022139 0.002046 0.000000 0.022139 0.982827 -0.183198 5.002000 0.002045 0.183198 0.983074 -0.000000 0.000000 0.000000 0.000000 1.000000
0.999819 -0.018988 0.001501 0.000000 0.018988 0.987396 -0.157126 5.002000 0.001501 0.157126 0.987577 -0.000000 0.000000 0.000000 0.000000 1.000000
0.999841 -0.017797 0.001318 0.000000 0.017797 0.988936 -0.147270 5.002000 0.001318 0.147270 0.989095 0.000000 0.000000 0.000000 0.000000 1.000000
0.999839 -0.017897 0.001333 -0.000000 0.017897 0.988811 -0.148097 5.002000 0.001333 0.148097 0.988972 0.000000 0.000000 0.000000 0.000000 1.000000
0.999801 -0.019898 0.001650 -0.000000 0.019898 0.986151 -0.164655 5.002000 0.001650 0.164655 0.986350 0.000000 0.000000 0.000000 0.000000 1.000000</float_array>
        <technique_common>
          <accessor source="#mixamorig_RightHandMiddle2-Matrix-animation-output-transform-array" count="22" stride="16">
            <param type="float4x4"/>
          </accessor>
        </technique_common>
      </source>
      <source id="mixamorig_RightHandMiddle2-Interpolations">
        <Name_array id="mixamorig_RightHandMiddle2-Interpolations-array" count="22">
 LINEAR LINEAR LINEAR LINEAR LINEAR LINEAR LINEAR LINEAR LINEAR LINEAR LINEAR
LINEAR LINEAR LINEAR LINEAR LINEAR LINEAR LINEAR LINEAR LINEAR LINEAR LINEAR</Name_array>
        <technique_common>
          <accessor source="#mixamorig_RightHandMiddle2-Interpolations-array" count="22">
            <param type="name"/>
          </accessor>
        </technique_common>
      </source>
      <sampler id="mixamorig_RightHandMiddle2-Matrix-animation-transform">
        <input semantic="INPUT" source="#mixamorig_RightHandMiddle2-Matrix-animation-input"/>
        <input semantic="OUTPUT" source="#mixamorig_RightHandMiddle2-Matrix-animation-output-transform"/>
        <input semantic="INTERPOLATION" source="#mixamorig_RightHandMiddle2-Interpolations"/>
      </sampler>
      <channel source="#mixamorig_RightHandMiddle2-Matrix-animation-transform" target="mixamorig_RightHandMiddle2/matrix"/>
    </animation>
    <animation id="mixamorig_RightHandMiddle3-anim" name="mixamorig_RightHandMiddle3">
      <source id="mixamorig_RightHandMiddle3-Matrix-animation-input">
        <float_array id="mixamorig_RightHandMiddle3-Matrix-animation-input-array" count="22">

0.000000 0.033333 0.066667 0.100000 0.133333 0.166667 0.200000 0.233333 0.266667 0.300000 0.333333 0.366667 0.400000 0.433333 0.466667 0.500000
0.533333 0.566667 0.600000 0.633333 0.666667 0.700000</float_array>
        <technique_common>
          <accessor source="#mixamorig_RightHandMiddle3-Matrix-animation-input-array" count="22">
            <param name="TIME" type="float"/>
          </accessor>
        </technique_common>
      </source>
      <source id="mixamorig_RightHandMiddle3-Matrix-animation-output-transform">
        <float_array id="mixamorig_RightHandMiddle3-Matrix-animation-output-transform-array" count="352">

0.999994 -0.003354 0.000047 0.000000 0.003354 0.999609 -0.027751 3.279000 0.000046 0.027751 0.999615 0.000000 0.000000 0.000000 0.000000 1.000000
0.999992 -0.004075 0.000068 -0.000000 0.004075 0.999423 -0.033722 3.279000 0.000069 0.033722 0.999431 0.000000 0.000000 0.000000 0.000000 1.000000
0.999989 -0.004771 0.000094 0.000000 0.004772 0.999209 -0.039484 3.279000 0.000094 0.039484 0.999220 0.000000 0.000000 0.000000 0.000000 1.000000
0.999986 -0.005294 0.000116 0.000000 0.005294 0.999026 -0.043803 3.279000 0.000116 0.043803 0.999040 -0.000000 0.000000 0.000000 0.000000 1.000000
0.999985 -0.005407 0.000121 -0.000000 0.005407 0.998984 -0.044742 3.279000 0.000121 0.044742 0.998999 0.000000 0.000000 0.000000 0.000000 1.000000
0.999989 -0.004758 0.000094 0.000000 0.004758 0.999213 -0.039375 3.279000 0.000094 0.039375 0.999224 0.000000 0.000000 0.000000 0.000000 1.000000
0.999994 -0.003604 0.000054 0.000000 0.003604 0.999549 -0.029826 3.279000 0.000054 0.029826 0.999555 0.000000 0.000000 0.000000 0.000000 1.000000
0.999996 -0.002705 0.000030 0.000000 0.002705 0.999746 -0.022385 3.279000 0.000030 0.022385 0.999749 0.000000 0.000000 0.000000 0.000000 1.000000
0.999996 -0.002933 0.000036 0.000000 0.002933 0.999701 -0.024271 3.279000 0.000036 0.024271 0.999705 0.000000 0.000000 0.000000 0.000000 1.000000
0.999993 -0.003774 0.000059 0.000000 0.003774 0.999505 -0.031226 3.279000 0.000059 0.031226 0.999512 0.000000 0.000000 0.000000 0.000000 1.000000
0.999980 -0.006266 0.000163 0.000000 0.006266 0.998635 -0.051857 3.279000 0.000163 0.051857 0.998654 0.000000 0.000000 0.000000 0.000000 1.000000
0.999970 -0.007721 0.000247 0.000000 0.007721 0.997927 -0.063892 3.279000 0.000247 0.063892 0.997957 0.000000 0.000000 0.000000 0.000000 1.000000
0.999976 -0.006932 0.000199 -0.000000 0.006932 0.998329 -0.057363 3.279000 0.000199 0.057363 0.998353 -0.000000 0.000000 0.000000 0.000000 1.000000
0.999974 -0.007194 0.000214 0.000000 0.007194 0.998200 -0.059533 3.279000 0.000215 0.059533 0.998226 0.000000 0.000000 0.000000 0.000000 1.000000
0.999977 -0.006795 0.000191 0.000000 0.006795 0.998395 -0.056230 3.279000 0.000191 0.056230 0.998418 -0.000000 0.000000 0.000000 0.000000 1.000000
0.999984 -0.005691 0.000134 0.000000 0.005691 0.998874 -0.047092 3.279000 0.000134 0.047092 0.998891 0.000000 0.000000 0.000000 0.000000 1.000000
0.999991 -0.004184 0.000073 0.000000 0.004184 0.999392 -0.034623 3.279000 0.000072 0.034623 0.999400 0.000000 0.000000 0.000000 0.000000 1.000000
0.999996 -0.002993 0.000037 0.000000 0.002993 0.999689 -0.024770 3.279000 0.000037 0.024770 0.999693 0.000000 0.000000 0.000000 0.000000 1.000000
0.999997 -0.002526 0.000026 0.000000 0.002526 0.999778 -0.020906 3.279000 0.000026 0.020906 0.999781 0.000000 0.000000 0.000000 0.000000 1.000000
0.999997 -0.002596 0.000028 0.000000 0.002596 0.999766 -0.021487 3.279000 0.000028 0.021487 0.999769 0.000000 0.000000 0.000000 0.000000 1.000000
0.999996 -0.002647 0.000029 0.000000 0.002647 0.999757 -0.021905 3.279000 0.000029 0.021905 0.999760 0.000000 0.000000 0.000000 0.000000 1.000000
0.999992 -0.003883 0.000062 -0.000000 0.003883 0.999476 -0.032133 3.279000 0.000062 0.032133 0.999484 0.000000 0.000000 0.000000 0.000000 1.000000</float_array>
        <technique_common>
          <accessor source="#mixamorig_RightHandMiddle3-Matrix-animation-output-transform-array" count="22" stride="16">
            <param type="float4x4"/>
          </accessor>
        </technique_common>
      </source>
      <source id="mixamorig_RightHandMiddle3-Interpolations">
        <Name_array id="mixamorig_RightHandMiddle3-Interpolations-array" count="22">
 LINEAR LINEAR LINEAR LINEAR LINEAR LINEAR LINEAR LINEAR LINEAR LINEAR LINEAR
LINEAR LINEAR LINEAR LINEAR LINEAR LINEAR LINEAR LINEAR LINEAR LINEAR LINEAR</Name_array>
        <technique_common>
          <accessor source="#mixamorig_RightHandMiddle3-Interpolations-array" count="22">
            <param type="name"/>
          </accessor>
        </technique_common>
      </source>
      <sampler id="mixamorig_RightHandMiddle3-Matrix-animation-transform">
        <input semantic="INPUT" source="#mixamorig_RightHandMiddle3-Matrix-animation-input"/>
        <input semantic="OUTPUT" source="#mixamorig_RightHandMiddle3-Matrix-animation-output-transform"/>
        <input semantic="INTERPOLATION" source="#mixamorig_RightHandMiddle3-Interpolations"/>
      </sampler>
      <channel source="#mixamorig_RightHandMiddle3-Matrix-animation-transform" target="mixamorig_RightHandMiddle3/matrix"/>
    </animation>
    <animation id="mixamorig_RightHandRing1-anim" name="mixamorig_RightHandRing1">
      <source id="mixamorig_RightHandRing1-Matrix-animation-input">
        <float_array id="mixamorig_RightHandRing1-Matrix-animation-input-array" count="22">

0.000000 0.033333 0.066667 0.100000 0.133333 0.166667 0.200000 0.233333 0.266667 0.300000 0.333333 0.366667 0.400000 0.433333 0.466667 0.500000
0.533333 0.566667 0.600000 0.633333 0.666667 0.700000</float_array>
        <technique_common>
          <accessor source="#mixamorig_RightHandRing1-Matrix-animation-input-array" count="22">
            <param name="TIME" type="float"/>
          </accessor>
        </technique_common>
      </source>
      <source id="mixamorig_RightHandRing1-Matrix-animation-output-transform">
        <float_array id="mixamorig_RightHandRing1-Matrix-animation-output-transform-array" count="352">

0.999999 0.001065 -0.000256 -3.988400 -0.001078 0.998295 -0.058358 15.764000 0.000194 0.058358 0.998296 0.151600 0.000000 0.000000 0.000000 1.000000
1.000000 -0.000394 -0.000260 -3.988400 0.000375 0.997520 -0.070379 15.764000 0.000287 0.070379 0.997520 0.151600 0.000000 0.000000 0.000000 1.000000
0.999998 -0.001788 -0.000247 -3.988400 0.001762 0.996642 -0.081860 15.764000 0.000393 0.081859 0.996644 0.151600 0.000000 0.000000 0.000000 1.000000
0.999996 -0.002833 -0.000228 -3.988400 0.002800 0.995897 -0.090453 15.764000 0.000483 0.090452 0.995901 0.151600 0.000000 0.000000 0.000000 1.000000
0.999995 -0.003053 -0.000222 -3.988400 0.003019 0.995730 -0.092264 15.764000 0.000503 0.092262 0.995735 0.151600 0.000000 0.000000 0.000000 1.000000
0.999998 -0.001758 -0.000248 -3.988400 0.001731 0.996663 -0.081609 15.764000 0.000391 0.081608 0.996664 0.151600 0.000000 0.000000 0.000000 1.000000
1.000000 0.000470 -0.000260 -3.988400 -0.000486 0.997997 -0.063259 15.764000 0.000230 0.063260 0.997997 0.151600 0.000000 0.000000 0.000000 1.000000
0.999997 0.002282 -0.000240 -3.988400 -0.002291 0.998829 -0.048324 15.764000 0.000129 0.048324 0.998832 0.151600 0.000000 0.000000 0.000000 1.000000
0.999997 0.002481 -0.000236 -3.988400 -0.002489 0.998907 -0.046685 15.764000 0.000120 0.046685 0.998910 0.151600 0.000000 0.000000 0.000000 1.000000
0.999997 0.002352 -0.000238 -3.988400 -0.002361 0.998857 -0.047747 15.764000 0.000126 0.047748 0.998859 0.151600 0.000000 0.000000 0.000000 1.000000
1.000000 -0.000538 -0.000260 -3.988400 0.000518 0.997436 -0.071566 15.764000 0.000298 0.071566 0.997436 0.151600 0.000000 0.000000 0.000000 1.000000
0.999999 -0.001503 -0.000251 -3.988400 0.001478 0.996833 -0.079514 15.764000 0.000370 0.079513 0.996834 0.151600 0.000000 0.000000 0.000000 1.000000
0.999999 0.001418 -0.000253 -3.988400 -0.001430 0.998461 -0.055447 15.764000 0.000174 0.055448 0.998462 0.151600 0.000000 0.000000 0.000000 1.000000
0.999999 0.001026 -0.000256 -3.988400 -0.001039 0.998276 -0.058680 15.764000 0.000196 0.058681 0.998277 0.151600 0.000000 0.000000 0.000000 1.000000
1.000000 0.000349 -0.000260 -3.988400 -0.000365 0.997933 -0.064259 15.764000 0.000237 0.064259 0.997933 0.151600 0.000000 0.000000 0.000000 1.000000
1.000000 -0.000080 -0.000261 -3.988400 0.000062 0.997699 -0.067793 15.764000 0.000266 0.067793 0.997699 0.151600 0.000000 0.000000 0.000000 1.000000
1.000000 0.000343 -0.000261 -3.988400 -0.000359 0.997930 -0.064307 15.764000 0.000238 0.064307 0.997930 0.151600 0.000000 0.000000 0.000000 1.000000
0.999999 0.001401 -0.000253 -3.988400 -0.001413 0.998453 -0.055589 15.764000 0.000174 0.055589 0.998454 0.151600 0.000000 0.000000 0.000000 1.000000
0.999997 0.002348 -0.000238 -3.988400 -0.002357 0.998855 -0.047774 15.764000 0.000126 0.047774 0.998858 0.151600 0.000000 0.000000 0.000000 1.000000
0.999997 0.002480 -0.000235 -3.988400 -0.002489 0.998907 -0.046685 15.764000 0.000119 0.046685 0.998910 0.151600 0.000000 0.000000 0.000000 1.000000
0.999997 0.002481 -0.000235 -3.988400 -0.002489 0.998907 -0.046685 15.764000 0.000119 0.046685 0.998910 0.151600 0.000000 0.000000 0.000000 1.000000
1.000000 0.000003 -0.000261 -3.988400 -0.000021 0.997746 -0.067107 15.764000 0.000260 0.067107 0.997746 0.151600 0.000000 0.000000 0.000000 1.000000</float_array>
        <technique_common>
          <accessor source="#mixamorig_RightHandRing1-Matrix-animation-output-transform-array" count="22" stride="16">
            <param type="float4x4"/>
          </accessor>
        </technique_common>
      </source>
      <source id="mixamorig_RightHandRing1-Interpolations">
        <Name_array id="mixamorig_RightHandRing1-Interpolations-array" count="22">
 LINEAR LINEAR LINEAR LINEAR LINEAR LINEAR LINEAR LINEAR LINEAR LINEAR LINEAR
LINEAR LINEAR LINEAR LINEAR LINEAR LINEAR LINEAR LINEAR LINEAR LINEAR LINEAR</Name_array>
        <technique_common>
          <accessor source="#mixamorig_RightHandRing1-Interpolations-array" count="22">
            <param type="name"/>
          </accessor>
        </technique_common>
      </source>
      <sampler id="mixamorig_RightHandRing1-Matrix-animation-transform">
        <input semantic="INPUT" source="#mixamorig_RightHandRing1-Matrix-animation-input"/>
        <input semantic="OUTPUT" source="#mixamorig_RightHandRing1-Matrix-animation-output-transform"/>
        <input semantic="INTERPOLATION" source="#mixamorig_RightHandRing1-Interpolations"/>
      </sampler>
      <channel source="#mixamorig_RightHandRing1-Matrix-animation-transform" target="mixamorig_RightHandRing1/matrix"/>
    </animation>
    <animation id="mixamorig_RightHandRing2-anim" name="mixamorig_RightHandRing2">
      <source id="mixamorig_RightHandRing2-Matrix-animation-input">
        <float_array id="mixamorig_RightHandRing2-Matrix-animation-input-array" count="22">

0.000000 0.033333 0.066667 0.100000 0.133333 0.166667 0.200000 0.233333 0.266667 0.300000 0.333333 0.366667 0.400000 0.433333 0.466667 0.500000
0.533333 0.566667 0.600000 0.633333 0.666667 0.700000</float_array>
        <technique_common>
          <accessor source="#mixamorig_RightHandRing2-Matrix-animation-input-array" count="22">
            <param name="TIME" type="float"/>
          </accessor>
        </technique_common>
      </source>
      <source id="mixamorig_RightHandRing2-Matrix-animation-output-transform">
        <float_array id="mixamorig_RightHandRing2-Matrix-animation-output-transform-array" count="352">

0.999818 -0.019041 0.001509 0.000000 0.019041 0.987325 -0.157567 3.498000 0.001510 0.157567 0.987507 0.000000 0.000000 0.000000 0.000000 1.000000
0.999794 -0.020206 0.001702 -0.000000 0.020206 0.985715 -0.167205 3.498000 0.001701 0.167205 0.985921 0.000000 0.000000 0.000000 0.000000 1.000000
0.999771 -0.021331 0.001897 0.000000 0.021331 0.984067 -0.176514 3.498000 0.001898 0.176514 0.984296 0.000000 0.000000 0.000000 0.000000 1.000000
0.999752 -0.022173 0.002052 0.000000 0.022173 0.982773 -0.183483 3.498000 0.002052 0.183483 0.983021 -0.000000 0.000000 0.000000 0.000000 1.000000
0.999748 -0.022357 0.002087 0.000000 0.022357 0.982483 -0.185007 3.498000 0.002086 0.185007 0.982735 0.000000 0.000000 0.000000 0.000000 1.000000
0.999771 -0.021310 0.001894 0.000000 0.021310 0.984098 -0.176344 3.498000 0.001894 0.176344 0.984327 0.000000 0.000000 0.000000 0.000000 1.000000
0.999810 -0.019431 0.001572 0.000000 0.019431 0.986798 -0.160788 3.498000 0.001573 0.160788 0.986988 0.000000 0.000000 0.000000 0.000000 1.000000
0.999838 -0.017976 0.001345 0.000000 0.017976 0.988711 -0.148753 3.498000 0.001344 0.148753 0.988873 0.000000 0.000000 0.000000 0.000000 1.000000
0.999811 -0.019390 0.001566 0.000000 0.019390 0.986852 -0.160456 3.498000 0.001566 0.160456 0.987042 0.000000 0.000000 0.000000 0.000000 1.000000
0.999757 -0.021941 0.002009 -0.000000 0.021941 0.983135 -0.181560 3.498000 0.002009 0.181560 0.983378 0.000000 0.000000 0.000000 0.000000 1.000000
0.999628 -0.027111 0.003081 -0.000000 0.027111 0.974134 -0.224341 3.498000 0.003081 0.224341 0.974506 0.000000 0.000000 0.000000 0.000000 1.000000
0.999524 -0.030596 0.003938 0.000000 0.030596 0.966936 -0.253178 3.498000 0.003938 0.253178 0.967412 0.000000 0.000000 0.000000 0.000000 1.000000
0.999525 -0.030558 0.003928 0.000000 0.030558 0.967019 -0.252865 3.498000 0.003928 0.252865 0.967494 0.000000 0.000000 0.000000 0.000000 1.000000
0.999467 -0.032340 0.004409 0.000000 0.032340 0.962984 -0.267613 3.498000 0.004409 0.267613 0.963516 0.000000 0.000000 0.000000 0.000000 1.000000
0.999436 -0.033266 0.004670 0.000000 0.033266 0.960790 -0.275273 3.498000 0.004670 0.275273 0.961355 0.000000 0.000000 0.000000 0.000000 1.000000
0.999462 -0.032488 0.004450 -0.000000 0.032488 0.962637 -0.268838 3.498000 0.004450 0.268838 0.963175 0.000000 0.000000 0.000000 0.000000 1.000000
0.999580 -0.028775 0.003477 0.000000 0.028775 0.970810 -0.238117 3.498000 0.003476 0.238117 0.971230 0.000000 0.000000 0.000000 0.000000 1.000000
0.999713 -0.023846 0.002376 -0.000000 0.023846 0.980048 -0.197325 3.498000 0.002377 0.197325 0.980335 0.000000 0.000000 0.000000 0.000000 1.000000
0.999807 -0.019561 0.001594 0.000000 0.019561 0.986619 -0.161867 3.498000 0.001594 0.161867 0.986811 0.000000 0.000000 0.000000 0.000000 1.000000
0.999841 -0.017797 0.001318 0.000000 0.017797 0.988936 -0.147271 3.498000 0.001318 0.147271 0.989095 0.000000 0.000000 0.000000 0.000000 1.000000
0.999839 -0.017897 0.001333 0.000000 0.017897 0.988811 -0.148097 3.498000 0.001333 0.148097 0.988972 -0.000000 0.000000 0.000000 0.000000 1.000000
0.999801 -0.019898 0.001649 0.000000 0.019898 0.986151 -0.164655 3.498000 0.001650 0.164655 0.986350 -0.000000 0.000000 0.000000 0.000000 1.000000</float_array>
        <technique_common>
          <accessor source="#mixamorig_RightHandRing2-Matrix-animation-output-transform-array" count="22" stride="16">
            <param type="float4x4"/>
          </accessor>
        </technique_common>
      </source>
      <source id="mixamorig_RightHandRing2-Interpolations">
        <Name_array id="mixamorig_RightHandRing2-Interpolations-array" count="22">
 LINEAR LINEAR LINEAR LINEAR LINEAR LINEAR LINEAR LINEAR LINEAR LINEAR LINEAR
LINEAR LINEAR LINEAR LINEAR LINEAR LINEAR LINEAR LINEAR LINEAR LINEAR LINEAR</Name_array>
        <technique_common>
          <accessor source="#mixamorig_RightHandRing2-Interpolations-array" count="22">
            <param type="name"/>
          </accessor>
        </technique_common>
      </source>
      <sampler id="mixamorig_RightHandRing2-Matrix-animation-transform">
        <input semantic="INPUT" source="#mixamorig_RightHandRing2-Matrix-animation-input"/>
        <input semantic="OUTPUT" source="#mixamorig_RightHandRing2-Matrix-animation-output-transform"/>
        <input semantic="INTERPOLATION" source="#mixamorig_RightHandRing2-Interpolations"/>
      </sampler>
      <channel source="#mixamorig_RightHandRing2-Matrix-animation-transform" target="mixamorig_RightHandRing2/matrix"/>
    </animation>
    <animation id="mixamorig_RightHandRing3-anim" name="mixamorig_RightHandRing3">
      <source id="mixamorig_RightHandRing3-Matrix-animation-input">
        <float_array id="mixamorig_RightHandRing3-Matrix-animation-input-array" count="22">

0.000000 0.033333 0.066667 0.100000 0.133333 0.166667 0.200000 0.233333 0.266667 0.300000 0.333333 0.366667 0.400000 0.433333 0.466667 0.500000
0.533333 0.566667 0.600000 0.633333 0.666667 0.700000</float_array>
        <technique_common>
          <accessor source="#mixamorig_RightHandRing3-Matrix-animation-input-array" count="22">
            <param name="TIME" type="float"/>
          </accessor>
        </technique_common>
      </source>
      <source id="mixamorig_RightHandRing3-Matrix-animation-output-transform">
        <float_array id="mixamorig_RightHandRing3-Matrix-animation-output-transform-array" count="352">

0.999994 -0.003354 0.000047 0.000000 0.003354 0.999609 -0.027752 2.984000 0.000047 0.027751 0.999615 0.000000 0.000000 0.000000 0.000000 1.000000
0.999992 -0.004075 0.000069 0.000000 0.004075 0.999423 -0.033722 2.984000 0.000069 0.033722 0.999431 -0.000000 0.000000 0.000000 0.000000 1.000000
0.999989 -0.004771 0.000094 0.000000 0.004771 0.999209 -0.039484 2.984000 0.000094 0.039484 0.999220 -0.000000 0.000000 0.000000 0.000000 1.000000
0.999986 -0.005293 0.000116 0.000000 0.005293 0.999026 -0.043803 2.984000 0.000116 0.043803 0.999040 0.000000 0.000000 0.000000 0.000000 1.000000
0.999985 -0.005407 0.000120 0.000000 0.005407 0.998984 -0.044742 2.984000 0.000122 0.044742 0.998999 0.000000 0.000000 0.000000 0.000000 1.000000
0.999989 -0.004758 0.000094 0.000000 0.004758 0.999213 -0.039375 2.984000 0.000094 0.039375 0.999224 0.000000 0.000000 0.000000 0.000000 1.000000
0.999994 -0.003604 0.000054 0.000000 0.003604 0.999549 -0.029826 2.984000 0.000054 0.029826 0.999555 0.000000 0.000000 0.000000 0.000000 1.000000
0.999996 -0.002705 0.000030 0.000000 0.002705 0.999746 -0.022385 2.984000 0.000030 0.022385 0.999749 0.000000 0.000000 0.000000 0.000000 1.000000
0.999995 -0.003140 0.000041 0.000000 0.003140 0.999657 -0.025985 2.984000 0.000041 0.025985 0.999662 0.000000 0.000000 0.000000 0.000000 1.000000
0.999989 -0.004586 0.000087 0.000000 0.004586 0.999269 -0.037947 2.984000 0.000087 0.037947 0.999280 0.000000 0.000000 0.000000 0.000000 1.000000
0.999970 -0.007770 0.000250 0.000000 0.007770 0.997900 -0.064298 2.984000 0.000250 0.064298 0.997931 0.000000 0.000000 0.000000 0.000000 1.000000
0.999951 -0.009924 0.000408 -0.000000 0.009924 0.996573 -0.082121 2.984000 0.000409 0.082121 0.996622 0.000000 0.000000 0.000000 0.000000 1.000000
0.999952 -0.009800 0.000398 0.000000 0.009800 0.996658 -0.081091 2.984000 0.000398 0.081091 0.996707 0.000000 0.000000 0.000000 0.000000 1.000000
0.999943 -0.010695 0.000474 0.000000 0.010695 0.996019 -0.088497 2.984000 0.000474 0.088497 0.996076 0.000000 0.000000 0.000000 0.000000 1.000000
0.999941 -0.010809 0.000484 -0.000000 0.010809 0.995933 -0.089446 2.984000 0.000485 0.089446 0.995992 0.000000 0.000000 0.000000 0.000000 1.000000
0.999953 -0.009641 0.000385 0.000000 0.009641 0.996766 -0.079778 2.984000 0.000385 0.079778 0.996813 0.000000 0.000000 0.000000 0.000000 1.000000
0.999973 -0.007328 0.000222 0.000000 0.007328 0.998133 -0.060636 2.984000 0.000223 0.060636 0.998160 0.000000 0.000000 0.000000 0.000000 1.000000
0.999989 -0.004652 0.000090 -0.000000 0.004652 0.999248 -0.038495 2.984000 0.000090 0.038495 0.999259 0.000000 0.000000 0.000000 0.000000 1.000000
0.999996 -0.002743 0.000031 0.000000 0.002743 0.999739 -0.022702 2.984000 0.000031 0.022702 0.999742 0.000000 0.000000 0.000000 0.000000 1.000000
0.999997 -0.002597 0.000028 0.000000 0.002597 0.999766 -0.021487 2.984000 0.000028 0.021487 0.999769 0.000000 0.000000 0.000000 0.000000 1.000000
0.999996 -0.002647 0.000029 0.000000 0.002647 0.999757 -0.021905 2.984000 0.000029 0.021905 0.999760 0.000000 0.000000 0.000000 0.000000 1.000000
0.999992 -0.003883 0.000062 0.000000 0.003883 0.999476 -0.032133 2.984000 0.000062 0.032133 0.999484 0.000000 0.000000 0.000000 0.000000 1.000000</float_array>
        <technique_common>
          <accessor source="#mixamorig_RightHandRing3-Matrix-animation-output-transform-array" count="22" stride="16">
            <param type="float4x4"/>
          </accessor>
        </technique_common>
      </source>
      <source id="mixamorig_RightHandRing3-Interpolations">
        <Name_array id="mixamorig_RightHandRing3-Interpolations-array" count="22">
 LINEAR LINEAR LINEAR LINEAR LINEAR LINEAR LINEAR LINEAR LINEAR LINEAR LINEAR
LINEAR LINEAR LINEAR LINEAR LINEAR LINEAR LINEAR LINEAR LINEAR LINEAR LINEAR</Name_array>
        <technique_common>
          <accessor source="#mixamorig_RightHandRing3-Interpolations-array" count="22">
            <param type="name"/>
          </accessor>
        </technique_common>
      </source>
      <sampler id="mixamorig_RightHandRing3-Matrix-animation-transform">
        <input semantic="INPUT" source="#mixamorig_RightHandRing3-Matrix-animation-input"/>
        <input semantic="OUTPUT" source="#mixamorig_RightHandRing3-Matrix-animation-output-transform"/>
        <input semantic="INTERPOLATION" source="#mixamorig_RightHandRing3-Interpolations"/>
      </sampler>
      <channel source="#mixamorig_RightHandRing3-Matrix-animation-transform" target="mixamorig_RightHandRing3/matrix"/>
    </animation>
    <animation id="mixamorig_RightHandPinky1-anim" name="mixamorig_RightHandPinky1">
      <source id="mixamorig_RightHandPinky1-Matrix-animation-input">
        <float_array id="mixamorig_RightHandPinky1-Matrix-animation-input-array" count="22">

0.000000 0.033333 0.066667 0.100000 0.133333 0.166667 0.200000 0.233333 0.266667 0.300000 0.333333 0.366667 0.400000 0.433333 0.466667 0.500000
0.533333 0.566667 0.600000 0.633333 0.666667 0.700000</float_array>
        <technique_common>
          <accessor source="#mixamorig_RightHandPinky1-Matrix-animation-input-array" count="22">
            <param name="TIME" type="float"/>
          </accessor>
        </technique_common>
      </source>
      <source id="mixamorig_RightHandPinky1-Matrix-animation-output-transform">
        <float_array id="mixamorig_RightHandPinky1-Matrix-animation-output-transform-array" count="352">

0.999999 0.001065 -0.000258 -6.663900 -0.001078 0.998295 -0.058358 12.707500 0.000195 0.058358 0.998296 0.878800 0.000000 0.000000 0.000000 1.000000
1.000000 -0.000394 -0.000262 -6.663900 0.000374 0.997520 -0.070379 12.707500 0.000289 0.070379 0.997520 0.878800 0.000000 0.000000 0.000000 1.000000
0.999998 -0.001788 -0.000249 -6.663900 0.001762 0.996642 -0.081860 12.707500 0.000395 0.081859 0.996644 0.878800 0.000000 0.000000 0.000000 1.000000
0.999996 -0.002833 -0.000230 -6.663900 0.002800 0.995897 -0.090453 12.707500 0.000485 0.090452 0.995901 0.878800 0.000000 0.000000 0.000000 1.000000
0.999995 -0.003053 -0.000224 -6.663900 0.003019 0.995730 -0.092263 12.707500 0.000505 0.092262 0.995735 0.878800 0.000000 0.000000 0.000000 1.000000
0.999998 -0.001758 -0.000250 -6.663900 0.001731 0.996663 -0.081609 12.707500 0.000393 0.081608 0.996664 0.878800 0.000000 0.000000 0.000000 1.000000
1.000000 0.000470 -0.000262 -6.663900 -0.000486 0.997997 -0.063259 12.707500 0.000232 0.063260 0.997997 0.878800 0.000000 0.000000 0.000000 1.000000
0.999997 0.002282 -0.000241 -6.663900 -0.002291 0.998829 -0.048324 12.707500 0.000131 0.048324 0.998832 0.878800 0.000000 0.000000 0.000000 1.000000
0.999997 0.002290 -0.000241 -6.663900 -0.002299 0.998832 -0.048254 12.707500 0.000130 0.048255 0.998835 0.878800 0.000000 0.000000 0.000000 1.000000
0.999999 0.001477 -0.000254 -6.663900 -0.001489 0.998487 -0.054965 12.707500 0.000172 0.054965 0.998488 0.878800 0.000000 0.000000 0.000000 1.000000
0.999997 -0.002311 -0.000241 -6.663900 0.002281 0.996279 -0.086161 12.707500 0.000439 0.086160 0.996281 0.878800 0.000000 0.000000 0.000000 1.000000
0.999991 -0.004177 -0.000191 -6.663900 0.004136 0.994826 -0.101509 12.707500 0.000614 0.101507 0.994835 0.878800 0.000000 0.000000 0.000000 1.000000
0.999998 -0.002014 -0.000246 -6.663900 0.001986 0.996488 -0.083717 12.707500 0.000414 0.083716 0.996490 0.878800 0.000000 0.000000 0.000000 1.000000
0.999996 -0.002843 -0.000229 -6.663900 0.002811 0.995889 -0.090539 12.707500 0.000486 0.090538 0.995893 0.878800 0.000000 0.000000 0.000000 1.000000
0.999994 -0.003461 -0.000213 -6.663900 0.003424 0.995412 -0.095618 12.707500 0.000543 0.095617 0.995418 0.878800 0.000000 0.000000 0.000000 1.000000
0.999995 -0.003208 -0.000220 -6.663900 0.003173 0.995610 -0.093540 12.707500 0.000519 0.093539 0.995615 0.878800 0.000000 0.000000 0.000000 1.000000
0.999999 -0.001709 -0.000251 -6.663900 0.001683 0.996696 -0.081205 12.707500 0.000389 0.081205 0.996697 0.878800 0.000000 0.000000 0.000000 1.000000
1.000000 0.000480 -0.000262 -6.663900 -0.000495 0.998002 -0.063182 12.707500 0.000231 0.063183 0.998002 0.878800 0.000000 0.000000 0.000000 1.000000
0.999997 0.002237 -0.000242 -6.663900 -0.002246 0.998811 -0.048694 12.707500 0.000133 0.048694 0.998814 0.878800 0.000000 0.000000 0.000000 1.000000
0.999997 0.002480 -0.000237 -6.663900 -0.002489 0.998907 -0.046685 12.707500 0.000121 0.046685 0.998910 0.878800 0.000000 0.000000 0.000000 1.000000
0.999997 0.002481 -0.000237 -6.663900 -0.002489 0.998907 -0.046685 12.707500 0.000121 0.046685 0.998910 0.878800 0.000000 0.000000 0.000000 1.000000
1.000000 0.000004 -0.000263 -6.663900 -0.000021 0.997746 -0.067107 12.707500 0.000262 0.067107 0.997746 0.878800 0.000000 0.000000 0.000000 1.000000</float_array>
        <technique_common>
          <accessor source="#mixamorig_RightHandPinky1-Matrix-animation-output-transform-array" count="22" stride="16">
            <param type="float4x4"/>
          </accessor>
        </technique_common>
      </source>
      <source id="mixamorig_RightHandPinky1-Interpolations">
        <Name_array id="mixamorig_RightHandPinky1-Interpolations-array" count="22">
 LINEAR LINEAR LINEAR LINEAR LINEAR LINEAR LINEAR LINEAR LINEAR LINEAR LINEAR
LINEAR LINEAR LINEAR LINEAR LINEAR LINEAR LINEAR LINEAR LINEAR LINEAR LINEAR</Name_array>
        <technique_common>
          <accessor source="#mixamorig_RightHandPinky1-Interpolations-array" count="22">
            <param type="name"/>
          </accessor>
        </technique_common>
      </source>
      <sampler id="mixamorig_RightHandPinky1-Matrix-animation-transform">
        <input semantic="INPUT" source="#mixamorig_RightHandPinky1-Matrix-animation-input"/>
        <input semantic="OUTPUT" source="#mixamorig_RightHandPinky1-Matrix-animation-output-transform"/>
        <input semantic="INTERPOLATION" source="#mixamorig_RightHandPinky1-Interpolations"/>
      </sampler>
      <channel source="#mixamorig_RightHandPinky1-Matrix-animation-transform" target="mixamorig_RightHandPinky1/matrix"/>
    </animation>
    <animation id="mixamorig_RightHandPinky2-anim" name="mixamorig_RightHandPinky2">
      <source id="mixamorig_RightHandPinky2-Matrix-animation-input">
        <float_array id="mixamorig_RightHandPinky2-Matrix-animation-input-array" count="22">

0.000000 0.033333 0.066667 0.100000 0.133333 0.166667 0.200000 0.233333 0.266667 0.300000 0.333333 0.366667 0.400000 0.433333 0.466667 0.500000
0.533333 0.566667 0.600000 0.633333 0.666667 0.700000</float_array>
        <technique_common>
          <accessor source="#mixamorig_RightHandPinky2-Matrix-animation-input-array" count="22">
            <param name="TIME" type="float"/>
          </accessor>
        </technique_common>
      </source>
      <source id="mixamorig_RightHandPinky2-Matrix-animation-output-transform">
        <float_array id="mixamorig_RightHandPinky2-Matrix-animation-output-transform-array" count="352">

0.999818 -0.019041 0.001510 0.000000 0.019041 0.987325 -0.157567 3.377000 0.001510 0.157567 0.987507 0.000000 0.000000 0.000000 0.000000 1.000000
0.999794 -0.020206 0.001701 0.000000 0.020206 0.985715 -0.167205 3.377000 0.001701 0.167205 0.985921 0.000000 0.000000 0.000000 0.000000 1.000000
0.999771 -0.021331 0.001898 0.000000 0.021331 0.984067 -0.176514 3.377000 0.001898 0.176514 0.984296 0.000000 0.000000 0.000000 0.000000 1.000000
0.999752 -0.022173 0.002052 0.000000 0.022173 0.982773 -0.183483 3.377000 0.002051 0.183483 0.983021 0.000000 0.000000 0.000000 0.000000 1.000000
0.999748 -0.022357 0.002087 0.000000 0.022357 0.982483 -0.185008 3.377000 0.002086 0.185008 0.982735 0.000000 0.000000 0.000000 0.000000 1.000000
0.999771 -0.021310 0.001894 0.000000 0.021310 0.984098 -0.176344 3.377000 0.001894 0.176344 0.984327 -0.000000 0.000000 0.000000 0.000000 1.000000
0.999810 -0.019430 0.001573 -0.000000 0.019430 0.986798 -0.160789 3.377000 0.001572 0.160789 0.986988 -0.000000 0.000000 0.000000 0.000000 1.000000
0.999838 -0.017976 0.001345 0.000000 0.017976 0.988711 -0.148754 3.377000 0.001344 0.148754 0.988873 0.000000 0.000000 0.000000 0.000000 1.000000
0.999811 -0.019390 0.001566 0.000000 0.019390 0.986852 -0.160456 3.377000 0.001566 0.160456 0.987042 0.000000 0.000000 0.000000 0.000000 1.000000
0.999757 -0.021940 0.002009 -0.000000 0.021940 0.983135 -0.181560 3.377000 0.002008 0.181560 0.983378 0.000000 0.000000 0.000000 0.000000 1.000000
0.999628 -0.027110 0.003081 0.000000 0.027111 0.974134 -0.224341 3.377000 0.003081 0.224341 0.974506 0.000000 0.000000 0.000000 0.000000 1.000000
0.999520 -0.030710 0.003968 0.000000 0.030710 0.966683 -0.254126 3.377000 0.003968 0.254126 0.967163 -0.000000 0.000000 0.000000 0.000000 1.000000
0.999514 -0.030913 0.004022 0.000000 0.030913 0.966233 -0.255807 3.377000 0.004022 0.255807 0.966719 0.000000 0.000000 0.000000 0.000000 1.000000
0.999446 -0.032955 0.004582 0.000000 0.032955 0.961532 -0.272709 3.377000 0.004581 0.272709 0.962086 0.000000 0.000000 0.000000 0.000000 1.000000
0.999407 -0.034068 0.004903 0.000000 0.034068 0.958833 -0.281919 3.377000 0.004903 0.281919 0.959426 -0.000000 0.000000 0.000000 0.000000 1.000000
0.999440 -0.033152 0.004638 -0.000000 0.033152 0.961062 -0.274337 3.377000 0.004638 0.274337 0.961622 0.000000 0.000000 0.000000 0.000000 1.000000
0.999558 -0.029488 0.003654 0.000000 0.029488 0.969323 -0.244016 3.377000 0.003654 0.244016 0.969764 -0.000000 0.000000 0.000000 0.000000 1.000000
0.999701 -0.024319 0.002473 0.000000 0.024319 0.979239 -0.201246 3.377000 0.002473 0.201246 0.979538 0.000000 0.000000 0.000000 0.000000 1.000000
0.999805 -0.019695 0.001616 -0.000000 0.019695 0.986432 -0.162984 3.377000 0.001616 0.162984 0.986627 -0.000000 0.000000 0.000000 0.000000 1.000000
0.999841 -0.017797 0.001318 0.000000 0.017797 0.988936 -0.147270 3.377000 0.001318 0.147270 0.989095 0.000000 0.000000 0.000000 0.000000 1.000000
0.999839 -0.017897 0.001333 0.000000 0.017897 0.988811 -0.148097 3.377000 0.001332 0.148097 0.988972 0.000000 0.000000 0.000000 0.000000 1.000000
0.999801 -0.019898 0.001650 0.000000 0.019898 0.986151 -0.164655 3.377000 0.001650 0.164655 0.986350 0.000000 0.000000 0.000000 0.000000 1.000000</float_array>
        <technique_common>
          <accessor source="#mixamorig_RightHandPinky2-Matrix-animation-output-transform-array" count="22" stride="16">
            <param type="float4x4"/>
          </accessor>
        </technique_common>
      </source>
      <source id="mixamorig_RightHandPinky2-Interpolations">
        <Name_array id="mixamorig_RightHandPinky2-Interpolations-array" count="22">
 LINEAR LINEAR LINEAR LINEAR LINEAR LINEAR LINEAR LINEAR LINEAR LINEAR LINEAR
LINEAR LINEAR LINEAR LINEAR LINEAR LINEAR LINEAR LINEAR LINEAR LINEAR LINEAR</Name_array>
        <technique_common>
          <accessor source="#mixamorig_RightHandPinky2-Interpolations-array" count="22">
            <param type="name"/>
          </accessor>
        </technique_common>
      </source>
      <sampler id="mixamorig_RightHandPinky2-Matrix-animation-transform">
        <input semantic="INPUT" source="#mixamorig_RightHandPinky2-Matrix-animation-input"/>
        <input semantic="OUTPUT" source="#mixamorig_RightHandPinky2-Matrix-animation-output-transform"/>
        <input semantic="INTERPOLATION" source="#mixamorig_RightHandPinky2-Interpolations"/>
      </sampler>
      <channel source="#mixamorig_RightHandPinky2-Matrix-animation-transform" target="mixamorig_RightHandPinky2/matrix"/>
    </animation>
    <animation id="mixamorig_RightHandPinky3-anim" name="mixamorig_RightHandPinky3">
      <source id="mixamorig_RightHandPinky3-Matrix-animation-input">
        <float_array id="mixamorig_RightHandPinky3-Matrix-animation-input-array" count="22">

0.000000 0.033333 0.066667 0.100000 0.133333 0.166667 0.200000 0.233333 0.266667 0.300000 0.333333 0.366667 0.400000 0.433333 0.466667 0.500000
0.533333 0.566667 0.600000 0.633333 0.666667 0.700000</float_array>
        <technique_common>
          <accessor source="#mixamorig_RightHandPinky3-Matrix-animation-input-array" count="22">
            <param name="TIME" type="float"/>
          </accessor>
        </technique_common>
      </source>
      <source id="mixamorig_RightHandPinky3-Matrix-animation-output-transform">
        <float_array id="mixamorig_RightHandPinky3-Matrix-animation-output-transform-array" count="352">

0.999994 -0.003354 0.000046 0.000000 0.003354 0.999609 -0.027752 2.998000 0.000047 0.027752 0.999615 0.000000 0.000000 0.000000 0.000000 1.000000
0.999992 -0.004075 0.000069 0.000000 0.004075 0.999423 -0.033722 2.998000 0.000069 0.033722 0.999431 -0.000000 0.000000 0.000000 0.000000 1.000000
0.999989 -0.004771 0.000094 -0.000000 0.004771 0.999209 -0.039484 2.998000 0.000094 0.039484 0.999220 0.000000 0.000000 0.000000 0.000000 1.000000
0.999986 -0.005293 0.000116 -0.000000 0.005293 0.999026 -0.043798 2.998000 0.000116 0.043798 0.999040 0.000000 0.000000 0.000000 0.000000 1.000000
0.999985 -0.005398 0.000120 0.000000 0.005398 0.998987 -0.044670 2.998000 0.000121 0.044669 0.999002 0.000000 0.000000 0.000000 0.000000 1.000000
0.999989 -0.004733 0.000092 0.000000 0.004733 0.999222 -0.039164 2.998000 0.000093 0.039164 0.999233 0.000000 0.000000 0.000000 0.000000 1.000000
0.999994 -0.003561 0.000052 0.000000 0.003561 0.999559 -0.029471 2.998000 0.000053 0.029471 0.999566 0.000000 0.000000 0.000000 0.000000 1.000000
0.999996 -0.002651 0.000029 0.000000 0.002651 0.999756 -0.021935 2.998000 0.000029 0.021935 0.999759 0.000000 0.000000 0.000000 0.000000 1.000000
0.999995 -0.003087 0.000039 -0.000000 0.003087 0.999669 -0.025544 2.998000 0.000039 0.025544 0.999674 0.000000 0.000000 0.000000 0.000000 1.000000
0.999990 -0.004555 0.000086 0.000000 0.004555 0.999279 -0.037692 2.998000 0.000086 0.037692 0.999289 0.000000 0.000000 0.000000 0.000000 1.000000
0.999969 -0.007835 0.000254 -0.000000 0.007835 0.997865 -0.064840 2.998000 0.000254 0.064840 0.997896 -0.000000 0.000000 0.000000 0.000000 1.000000
0.999946 -0.010399 0.000448 0.000000 0.010399 0.996236 -0.086052 2.998000 0.000448 0.086052 0.996291 -0.000000 0.000000 0.000000 0.000000 1.000000
0.999940 -0.010935 0.000496 -0.000000 0.010935 0.995838 -0.090487 2.998000 0.000496 0.090487 0.995898 0.000000 0.000000 0.000000 0.000000 1.000000
0.999922 -0.012504 0.000649 -0.000000 0.012504 0.994554 -0.103474 2.998000 0.000649 0.103474 0.994632 0.000000 0.000000 0.000000 0.000000 1.000000
0.999914 -0.013062 0.000708 0.000000 0.013062 0.994055 -0.108089 2.998000 0.000708 0.108089 0.994141 0.000000 0.000000 0.000000 0.000000 1.000000
0.999930 -0.011857 0.000583 0.000000 0.011857 0.995104 -0.098122 2.998000 0.000583 0.098122 0.995174 -0.000000 0.000000 0.000000 0.000000 1.000000
0.999959 -0.009004 0.000336 0.000000 0.009004 0.997180 -0.074508 2.998000 0.000336 0.074508 0.997220 0.000000 0.000000 0.000000 0.000000 1.000000
0.999985 -0.005552 0.000128 0.000000 0.005552 0.998929 -0.045945 2.998000 0.000127 0.045945 0.998944 0.000000 0.000000 0.000000 0.000000 1.000000
0.999996 -0.002931 0.000036 0.000000 0.002931 0.999702 -0.024254 2.998000 0.000035 0.024254 0.999706 -0.000000 0.000000 0.000000 0.000000 1.000000
0.999997 -0.002596 0.000028 0.000000 0.002596 0.999766 -0.021487 2.998000 0.000028 0.021487 0.999769 0.000000 0.000000 0.000000 0.000000 1.000000
0.999996 -0.002647 0.000029 0.000000 0.002647 0.999757 -0.021905 2.998000 0.000029 0.021905 0.999760 0.000000 0.000000 0.000000 0.000000 1.000000
0.999992 -0.003883 0.000062 0.000000 0.003883 0.999476 -0.032133 2.998000 0.000063 0.032133 0.999484 -0.000000 0.000000 0.000000 0.000000 1.000000</float_array>
        <technique_common>
          <accessor source="#mixamorig_RightHandPinky3-Matrix-animation-output-transform-array" count="22" stride="16">
            <param type="float4x4"/>
          </accessor>
        </technique_common>
      </source>
      <source id="mixamorig_RightHandPinky3-Interpolations">
        <Name_array id="mixamorig_RightHandPinky3-Interpolations-array" count="22">
 LINEAR LINEAR LINEAR LINEAR LINEAR LINEAR LINEAR LINEAR LINEAR LINEAR LINEAR
LINEAR LINEAR LINEAR LINEAR LINEAR LINEAR LINEAR LINEAR LINEAR LINEAR LINEAR</Name_array>
        <technique_common>
          <accessor source="#mixamorig_RightHandPinky3-Interpolations-array" count="22">
            <param type="name"/>
          </accessor>
        </technique_common>
      </source>
      <sampler id="mixamorig_RightHandPinky3-Matrix-animation-transform">
        <input semantic="INPUT" source="#mixamorig_RightHandPinky3-Matrix-animation-input"/>
        <input semantic="OUTPUT" source="#mixamorig_RightHandPinky3-Matrix-animation-output-transform"/>
        <input semantic="INTERPOLATION" source="#mixamorig_RightHandPinky3-Interpolations"/>
      </sampler>
      <channel source="#mixamorig_RightHandPinky3-Matrix-animation-transform" target="mixamorig_RightHandPinky3/matrix"/>
    </animation>
    <animation id="mixamorig_L_horn1-anim" name="mixamorig_L_horn1">
      <source id="mixamorig_L_horn1-Matrix-animation-input">
        <float_array id="mixamorig_L_horn1-Matrix-animation-input-array" count="22">

0.000000 0.033333 0.066667 0.100000 0.133333 0.166667 0.200000 0.233333 0.266667 0.300000 0.333333 0.366667 0.400000 0.433333 0.466667 0.500000
0.533333 0.566667 0.600000 0.633333 0.666667 0.700000</float_array>
        <technique_common>
          <accessor source="#mixamorig_L_horn1-Matrix-animation-input-array" count="22">
            <param name="TIME" type="float"/>
          </accessor>
        </technique_common>
      </source>
      <source id="mixamorig_L_horn1-Matrix-animation-output-transform">
        <float_array id="mixamorig_L_horn1-Matrix-animation-output-transform-array" count="352">

0.602488 0.000515 0.798128 1.847600 -0.698753 0.483576 0.527160 4.379700 -0.385684 -0.875302 0.291709 -10.115900 0.000000 0.000000 0.000000 1.000000
0.602488 0.000515 0.798128 1.847600 -0.698753 0.483576 0.527160 4.379700 -0.385684 -0.875302 0.291709 -10.115900 0.000000 0.000000 0.000000 1.000000
0.602488 0.000515 0.798128 1.847600 -0.698753 0.483576 0.527160 4.379700 -0.385684 -0.875302 0.291709 -10.115900 0.000000 0.000000 0.000000 1.000000
0.602488 0.000515 0.798128 1.847600 -0.698753 0.483576 0.527160 4.379700 -0.385684 -0.875302 0.291709 -10.115900 0.000000 0.000000 0.000000 1.000000
0.602488 0.000515 0.798128 1.847600 -0.698753 0.483576 0.527160 4.379700 -0.385684 -0.875302 0.291709 -10.115900 0.000000 0.000000 0.000000 1.000000
0.602488 0.000515 0.798128 1.847600 -0.698753 0.483576 0.527160 4.379700 -0.385684 -0.875302 0.291709 -10.115900 0.000000 0.000000 0.000000 1.000000
0.602488 0.000515 0.798128 1.847600 -0.698753 0.483576 0.527160 4.379700 -0.385684 -0.875302 0.291709 -10.115900 0.000000 0.000000 0.000000 1.000000
0.602488 0.000515 0.798128 1.847600 -0.698753 0.483576 0.527160 4.379700 -0.385684 -0.875302 0.291709 -10.115900 0.000000 0.000000 0.000000 1.000000
0.602488 0.000515 0.798128 1.847600 -0.698753 0.483576 0.527160 4.379700 -0.385684 -0.875302 0.291709 -10.115900 0.000000 0.000000 0.000000 1.000000
0.602488 0.000515 0.798128 1.847600 -0.698753 0.483576 0.527160 4.379700 -0.385684 -0.875302 0.291709 -10.115900 0.000000 0.000000 0.000000 1.000000
0.602488 0.000515 0.798128 1.847600 -0.698753 0.483576 0.527160 4.379700 -0.385684 -0.875302 0.291709 -10.115900 0.000000 0.000000 0.000000 1.000000
0.602488 0.000515 0.798128 1.847600 -0.698753 0.483576 0.527160 4.379700 -0.385684 -0.875302 0.291709 -10.115900 0.000000 0.000000 0.000000 1.000000
0.602488 0.000515 0.798128 1.847600 -0.698753 0.483576 0.527160 4.379700 -0.385684 -0.875302 0.291709 -10.115900 0.000000 0.000000 0.000000 1.000000
0.602488 0.000515 0.798128 1.847600 -0.698753 0.483576 0.527160 4.379700 -0.385684 -0.875302 0.291709 -10.115900 0.000000 0.000000 0.000000 1.000000
0.602488 0.000515 0.798128 1.847600 -0.698753 0.483576 0.527160 4.379700 -0.385684 -0.875302 0.291709 -10.115900 0.000000 0.000000 0.000000 1.000000
0.602488 0.000515 0.798128 1.847600 -0.698753 0.483576 0.527160 4.379700 -0.385684 -0.875302 0.291709 -10.115900 0.000000 0.000000 0.000000 1.000000
0.602488 0.000515 0.798128 1.847600 -0.698753 0.483576 0.527160 4.379700 -0.385684 -0.875302 0.291709 -10.115900 0.000000 0.000000 0.000000 1.000000
0.602488 0.000515 0.798128 1.847600 -0.698753 0.483576 0.527160 4.379700 -0.385684 -0.875302 0.291709 -10.115900 0.000000 0.000000 0.000000 1.000000
0.602488 0.000515 0.798128 1.847600 -0.698753 0.483576 0.527160 4.379700 -0.385684 -0.875302 0.291709 -10.115900 0.000000 0.000000 0.000000 1.000000
0.602488 0.000515 0.798128 1.847600 -0.698753 0.483576 0.527160 4.379700 -0.385684 -0.875302 0.291709 -10.115900 0.000000 0.000000 0.000000 1.000000
0.602488 0.000515 0.798128 1.847600 -0.698753 0.483576 0.527160 4.379700 -0.385684 -0.875302 0.291709 -10.115900 0.000000 0.000000 0.000000 1.000000
0.602488 0.000515 0.798128 1.847600 -0.698753 0.483576 0.527160 4.379700 -0.385684 -0.875302 0.291709 -10.115900 0.000000 0.000000 0.000000 1.000000</float_array>
        <technique_common>
          <accessor source="#mixamorig_L_horn1-Matrix-animation-output-transform-array" count="22" stride="16">
            <param type="float4x4"/>
          </accessor>
        </technique_common>
      </source>
      <source id="mixamorig_L_horn1-Interpolations">
        <Name_array id="mixamorig_L_horn1-Interpolations-array" count="22">
 LINEAR LINEAR LINEAR LINEAR LINEAR LINEAR LINEAR LINEAR LINEAR LINEAR LINEAR
LINEAR LINEAR LINEAR LINEAR LINEAR LINEAR LINEAR LINEAR LINEAR LINEAR LINEAR</Name_array>
        <technique_common>
          <accessor source="#mixamorig_L_horn1-Interpolations-array" count="22">
            <param type="name"/>
          </accessor>
        </technique_common>
      </source>
      <sampler id="mixamorig_L_horn1-Matrix-animation-transform">
        <input semantic="INPUT" source="#mixamorig_L_horn1-Matrix-animation-input"/>
        <input semantic="OUTPUT" source="#mixamorig_L_horn1-Matrix-animation-output-transform"/>
        <input semantic="INTERPOLATION" source="#mixamorig_L_horn1-Interpolations"/>
      </sampler>
      <channel source="#mixamorig_L_horn1-Matrix-animation-transform" target="mixamorig_L_horn1/matrix"/>
    </animation>
    <animation id="mixamorig_R_horn1-anim" name="mixamorig_R_horn1">
      <source id="mixamorig_R_horn1-Matrix-animation-input">
        <float_array id="mixamorig_R_horn1-Matrix-animation-input-array" count="22">

0.000000 0.033333 0.066667 0.100000 0.133333 0.166667 0.200000 0.233333 0.266667 0.300000 0.333333 0.366667 0.400000 0.433333 0.466667 0.500000
0.533333 0.566667 0.600000 0.633333 0.666667 0.700000</float_array>
        <technique_common>
          <accessor source="#mixamorig_R_horn1-Matrix-animation-input-array" count="22">
            <param name="TIME" type="float"/>
          </accessor>
        </technique_common>
      </source>
      <source id="mixamorig_R_horn1-Matrix-animation-output-transform">
        <float_array id="mixamorig_R_horn1-Matrix-animation-output-transform-array" count="352">

-0.591028 -0.129171 0.796242 -3.147700 -0.778219 0.351067 -0.520699 4.536700 -0.212275 -0.927398 -0.308014 -10.290500 0.000000 0.000000 0.000000 1.000000
-0.591028 -0.129171 0.796242 -3.147700 -0.778219 0.351067 -0.520699 4.536700 -0.212275 -0.927398 -0.308014 -10.290500 0.000000 0.000000 0.000000 1.000000
-0.591028 -0.129171 0.796242 -3.147700 -0.778219 0.351067 -0.520699 4.536700 -0.212275 -0.927398 -0.308014 -10.290500 0.000000 0.000000 0.000000 1.000000
-0.591028 -0.129171 0.796242 -3.147700 -0.778219 0.351067 -0.520699 4.536700 -0.212275 -0.927398 -0.308014 -10.290500 0.000000 0.000000 0.000000 1.000000
-0.591028 -0.129171 0.796242 -3.147700 -0.778219 0.351067 -0.520699 4.536700 -0.212275 -0.927398 -0.308014 -10.290500 0.000000 0.000000 0.000000 1.000000
-0.591028 -0.129171 0.796242 -3.147700 -0.778219 0.351067 -0.520699 4.536700 -0.212275 -0.927398 -0.308014 -10.290500 0.000000 0.000000 0.000000 1.000000
-0.591028 -0.129171 0.796242 -3.147700 -0.778219 0.351067 -0.520699 4.536700 -0.212275 -0.927398 -0.308014 -10.290500 0.000000 0.000000 0.000000 1.000000
-0.591028 -0.129171 0.796242 -3.147700 -0.778219 0.351067 -0.520699 4.536700 -0.212275 -0.927398 -0.308014 -10.290500 0.000000 0.000000 0.000000 1.000000
-0.591028 -0.129171 0.796242 -3.147700 -0.778219 0.351067 -0.520699 4.536700 -0.212275 -0.927398 -0.308014 -10.290500 0.000000 0.000000 0.000000 1.000000
-0.591028 -0.129171 0.796242 -3.147700 -0.778219 0.351067 -0.520699 4.536700 -0.212275 -0.927398 -0.308014 -10.290500 0.000000 0.000000 0.000000 1.000000
-0.591028 -0.129171 0.796242 -3.147700 -0.778219 0.351067 -0.520699 4.536700 -0.212275 -0.927398 -0.308014 -10.290500 0.000000 0.000000 0.000000 1.000000
-0.591028 -0.129171 0.796242 -3.147700 -0.778219 0.351067 -0.520699 4.536700 -0.212275 -0.927398 -0.308014 -10.290500 0.000000 0.000000 0.000000 1.000000
-0.591028 -0.129171 0.796242 -3.147700 -0.778219 0.351067 -0.520699 4.536700 -0.212275 -0.927398 -0.308014 -10.290500 0.000000 0.000000 0.000000 1.000000
-0.591028 -0.129171 0.796242 -3.147700 -0.778219 0.351067 -0.520699 4.536700 -0.212275 -0.927398 -0.308014 -10.290500 0.000000 0.000000 0.000000 1.000000
-0.591028 -0.129171 0.796242 -3.147700 -0.778219 0.351067 -0.520699 4.536700 -0.212275 -0.927398 -0.308014 -10.290500 0.000000 0.000000 0.000000 1.000000
-0.591028 -0.129171 0.796242 -3.147700 -0.778219 0.351067 -0.520699 4.536700 -0.212275 -0.927398 -0.308014 -10.290500 0.000000 0.000000 0.000000 1.000000
-0.591028 -0.129171 0.796242 -3.147700 -0.778219 0.351067 -0.520699 4.536700 -0.212275 -0.927398 -0.308014 -10.290500 0.000000 0.000000 0.000000 1.000000
-0.591028 -0.129171 0.796242 -3.147700 -0.778219 0.351067 -0.520699 4.536700 -0.212275 -0.927398 -0.308014 -10.290500 0.000000 0.000000 0.000000 1.000000
-0.591028 -0.129171 0.796242 -3.147700 -0.778219 0.351067 -0.520699 4.536700 -0.212275 -0.927398 -0.308014 -10.290500 0.000000 0.000000 0.000000 1.000000
-0.591028 -0.129171 0.796242 -3.147700 -0.778219 0.351067 -0.520699 4.536700 -0.212275 -0.927398 -0.308014 -10.290500 0.000000 0.000000 0.000000 1.000000
-0.591028 -0.129171 0.796242 -3.147700 -0.778219 0.351067 -0.520699 4.536700 -0.212275 -0.927398 -0.308014 -10.290500 0.000000 0.000000 0.000000 1.000000
-0.591028 -0.129171 0.796242 -3.147700 -0.778219 0.351067 -0.520699 4.536700 -0.212275 -0.927398 -0.308014 -10.290500 0.000000 0.000000 0.000000 1.000000</float_array>
        <technique_common>
          <accessor source="#mixamorig_R_horn1-Matrix-animation-output-transform-array" count="22" stride="16">
            <param type="float4x4"/>
          </accessor>
        </technique_common>
      </source>
      <source id="mixamorig_R_horn1-Interpolations">
        <Name_array id="mixamorig_R_horn1-Interpolations-array" count="22">
 LINEAR LINEAR LINEAR LINEAR LINEAR LINEAR LINEAR LINEAR LINEAR LINEAR LINEAR
LINEAR LINEAR LINEAR LINEAR LINEAR LINEAR LINEAR LINEAR LINEAR LINEAR LINEAR</Name_array>
        <technique_common>
          <accessor source="#mixamorig_R_horn1-Interpolations-array" count="22">
            <param type="name"/>
          </accessor>
        </technique_common>
      </source>
      <sampler id="mixamorig_R_horn1-Matrix-animation-transform">
        <input semantic="INPUT" source="#mixamorig_R_horn1-Matrix-animation-input"/>
        <input semantic="OUTPUT" source="#mixamorig_R_horn1-Matrix-animation-output-transform"/>
        <input semantic="INTERPOLATION" source="#mixamorig_R_horn1-Interpolations"/>
      </sampler>
      <channel source="#mixamorig_R_horn1-Matrix-animation-transform" target="mixamorig_R_horn1/matrix"/>
    </animation>
    <animation id="mixamorig_LeftUpLeg-anim" name="mixamorig_LeftUpLeg">
      <source id="mixamorig_LeftUpLeg-Matrix-animation-input">
        <float_array id="mixamorig_LeftUpLeg-Matrix-animation-input-array" count="22">

0.000000 0.033333 0.066667 0.100000 0.133333 0.166667 0.200000 0.233333 0.266667 0.300000 0.333333 0.366667 0.400000 0.433333 0.466667 0.500000
0.533333 0.566667 0.600000 0.633333 0.666667 0.700000</float_array>
        <technique_common>
          <accessor source="#mixamorig_LeftUpLeg-Matrix-animation-input-array" count="22">
            <param name="TIME" type="float"/>
          </accessor>
        </technique_common>
      </source>
      <source id="mixamorig_LeftUpLeg-Matrix-animation-output-transform">
        <float_array id="mixamorig_LeftUpLeg-Matrix-animation-output-transform-array" count="352">

-0.964779 0.200032 -0.170847 13.026900 -0.219876 -0.256644 0.941163 -6.336300 0.144416 0.945580 0.291587 -1.092800 0.000000 0.000000 0.000000 1.000000
-0.969547 0.191753 -0.152348 13.026900 -0.198761 -0.252650 0.946922 -6.336300 0.143084 0.948366 0.283069 -1.092800 0.000000 0.000000 0.000000 1.000000
-0.977843 0.158995 -0.136176 13.026900 -0.177394 -0.283950 0.942287 -6.336300 0.111152 0.945565 0.305863 -1.092800 0.000000 0.000000 0.000000 1.000000
-0.989355 0.128517 -0.068258 13.026900 -0.110155 -0.354917 0.928386 -6.336300 0.095087 0.926022 0.365296 -1.092800 0.000000 0.000000 0.000000 1.000000
-0.995022 0.099044 -0.011013 13.026900 -0.056601 -0.470726 0.880462 -6.336300 0.082021 0.876703 0.473988 -1.092800 0.000000 0.000000 0.000000 1.000000
-0.997358 0.063577 0.035141 13.026900 -0.007142 -0.567236 0.823524 -6.336300 0.072291 0.821097 0.566192 -1.092800 0.000000 0.000000 0.000000 1.000000
-0.997017 0.029724 0.071234 13.026900 0.040175 -0.588180 0.807731 -6.336300 0.065907 0.808183 0.585232 -1.092800 0.000000 0.000000 0.000000 1.000000
-0.989279 0.012816 0.145476 13.026900 0.107108 -0.613478 0.782414 -6.336300 0.099274 0.789608 0.605528 -1.092800 0.000000 0.000000 0.000000 1.000000
-0.989074 -0.057817 0.135608 13.026900 0.138459 -0.680145 0.719883 -6.336300 0.050612 0.730794 0.680719 -1.092800 0.000000 0.000000 0.000000 1.000000
-0.988951 -0.065803 0.132838 13.026900 0.130898 -0.808219 0.574150 -6.336300 0.069581 0.585195 0.807902 -1.092800 0.000000 0.000000 0.000000 1.000000
-0.990404 -0.069961 0.119186 13.026900 0.111176 -0.915613 0.386385 -6.336300 0.082097 0.395928 0.914604 -1.092800 0.000000 0.000000 0.000000 1.000000
-0.992603 -0.031506 0.117243 13.026900 0.055002 -0.977644 0.202944 -6.336300 0.108228 0.207891 0.972146 -1.092800 0.000000 0.000000 0.000000 1.000000
-0.989698 -0.000994 0.143168 13.026900 0.011059 -0.997519 0.069527 -6.336300 0.142744 0.070394 0.987253 -1.092800 0.000000 0.000000 0.000000 1.000000
-0.991113 0.010936 0.132571 13.026900 -0.013532 -0.999734 -0.018698 -6.336300 0.132331 -0.020326 0.990997 -1.092800 0.000000 0.000000 0.000000 1.000000
-0.996971 0.021099 0.074854 13.026900 -0.020012 -0.999683 0.015251 -6.336300 0.075152 0.013707 0.997078 -1.092800 0.000000 0.000000 0.000000 1.000000
-0.998613 0.034516 0.039757 13.026900 -0.031052 -0.995923 0.084690 -6.336300 0.042518 0.083338 0.995614 -1.092800 0.000000 0.000000 0.000000 1.000000
-0.998953 0.038111 0.025325 13.026900 -0.033524 -0.986251 0.161817 -6.336300 0.031144 0.160799 0.986496 -1.092800 0.000000 0.000000 0.000000 1.000000
-0.998292 0.055748 0.017470 13.026900 -0.048169 -0.954645 0.293825 -6.336300 0.033058 0.292481 0.955700 -1.092800 0.000000 0.000000 0.000000 1.000000
-0.990873 0.134786 -0.001831 13.026900 -0.117460 -0.856675 0.502305 -6.336300 0.066135 0.497936 0.864689 -1.092800 0.000000 0.000000 0.000000 1.000000
-0.983738 0.169517 -0.059360 13.026900 -0.153655 -0.623157 0.766854 -6.336300 0.093004 0.763505 0.639070 -1.092800 0.000000 0.000000 0.000000 1.000000
-0.970434 0.182588 -0.157860 13.026900 -0.212744 -0.338127 0.916739 -6.336300 0.114008 0.923218 0.366974 -1.092800 0.000000 0.000000 0.000000 1.000000
-0.964775 0.200030 -0.170871 13.026900 -0.219902 -0.256661 0.941153 -6.336300 0.144403 0.945576 0.291607 -1.092800 0.000000 0.000000 0.000000 1.000000</float_array>
        <technique_common>
          <accessor source="#mixamorig_LeftUpLeg-Matrix-animation-output-transform-array" count="22" stride="16">
            <param type="float4x4"/>
          </accessor>
        </technique_common>
      </source>
      <source id="mixamorig_LeftUpLeg-Interpolations">
        <Name_array id="mixamorig_LeftUpLeg-Interpolations-array" count="22">
 LINEAR LINEAR LINEAR LINEAR LINEAR LINEAR LINEAR LINEAR LINEAR LINEAR LINEAR
LINEAR LINEAR LINEAR LINEAR LINEAR LINEAR LINEAR LINEAR LINEAR LINEAR LINEAR</Name_array>
        <technique_common>
          <accessor source="#mixamorig_LeftUpLeg-Interpolations-array" count="22">
            <param type="name"/>
          </accessor>
        </technique_common>
      </source>
      <sampler id="mixamorig_LeftUpLeg-Matrix-animation-transform">
        <input semantic="INPUT" source="#mixamorig_LeftUpLeg-Matrix-animation-input"/>
        <input semantic="OUTPUT" source="#mixamorig_LeftUpLeg-Matrix-animation-output-transform"/>
        <input semantic="INTERPOLATION" source="#mixamorig_LeftUpLeg-Interpolations"/>
      </sampler>
      <channel source="#mixamorig_LeftUpLeg-Matrix-animation-transform" target="mixamorig_LeftUpLeg/matrix"/>
    </animation>
    <animation id="mixamorig_LeftLeg-anim" name="mixamorig_LeftLeg">
      <source id="mixamorig_LeftLeg-Matrix-animation-input">
        <float_array id="mixamorig_LeftLeg-Matrix-animation-input-array" count="22">

0.000000 0.033333 0.066667 0.100000 0.133333 0.166667 0.200000 0.233333 0.266667 0.300000 0.333333 0.366667 0.400000 0.433333 0.466667 0.500000
0.533333 0.566667 0.600000 0.633333 0.666667 0.700000</float_array>
        <technique_common>
          <accessor source="#mixamorig_LeftLeg-Matrix-animation-input-array" count="22">
            <param name="TIME" type="float"/>
          </accessor>
        </technique_common>
      </source>
      <source id="mixamorig_LeftLeg-Matrix-animation-output-transform">
        <float_array id="mixamorig_LeftLeg-Matrix-animation-output-transform-array" count="352">

0.995398 0.084406 0.045376 0.000000 0.029505 -0.720445 0.692885 46.951000 0.091175 -0.688357 -0.719619 0.000000 0.000000 0.000000 0.000000 1.000000
0.991336 0.127943 0.029733 0.000000 0.044369 -0.539226 0.840992 46.951000 0.123632 -0.832386 -0.540230 -0.000000 0.000000 0.000000 0.000000 1.000000
0.985268 0.170961 0.004344 0.000000 0.043326 -0.274104 0.960723 46.951000 0.165437 -0.946382 -0.277473 -0.000000 0.000000 0.000000 0.000000 1.000000
0.985969 0.164671 -0.027347 0.000000 0.016406 0.067439 0.997589 46.951000 0.166118 -0.984040 0.063791 0.000000 0.000000 0.000000 0.000000 1.000000
0.986343 0.159244 -0.042054 0.000000 -0.025341 0.399016 0.916594 46.951000 0.162742 -0.903010 0.397602 0.000000 0.000000 0.000000 0.000000 1.000000
0.990357 0.135600 -0.028385 0.000000 -0.051261 0.549012 0.834241 46.951000 0.128707 -0.824741 0.550669 0.000000 0.000000 0.000000 0.000000 1.000000
0.991723 0.120288 -0.044900 -0.000000 -0.017257 0.471407 0.881747 46.951000 0.127230 -0.873674 0.469581 -0.000000 0.000000 0.000000 0.000000 1.000000
0.995736 0.092186 0.003362 0.000000 -0.035185 0.345852 0.937629 46.951000 0.085274 -0.933749 0.347621 0.000000 0.000000 0.000000 0.000000 1.000000
0.990317 0.137747 -0.017236 0.000000 -0.018525 0.254179 0.966980 46.951000 0.137580 -0.957298 0.254269 0.000000 0.000000 0.000000 0.000000 1.000000
0.987783 0.140114 0.068212 0.000000 -0.097421 0.213577 0.972056 46.951000 0.121630 -0.966826 0.224618 0.000000 0.000000 0.000000 0.000000 1.000000
0.990719 0.096341 0.095885 -0.000000 -0.118405 0.265270 0.956876 46.951000 0.066751 -0.959349 0.274215 0.000000 0.000000 0.000000 0.000000 1.000000
0.992769 0.075650 0.093202 0.000000 -0.114725 0.369484 0.922128 46.951000 0.035322 -0.926153 0.375491 -0.000000 0.000000 0.000000 0.000000 1.000000
0.995583 0.019344 0.091869 -0.000000 -0.089342 0.495898 0.863773 46.951000 -0.028849 -0.868166 0.495435 0.000000 0.000000 0.000000 0.000000 1.000000
0.998279 -0.005080 0.058418 0.000000 -0.047389 0.516864 0.854755 46.951000 -0.034536 -0.856052 0.515734 0.000000 0.000000 0.000000 0.000000 1.000000
0.999652 0.009863 0.024476 0.000000 -0.026339 0.429501 0.902682 46.951000 -0.001609 -0.903012 0.429611 0.000000 0.000000 0.000000 0.000000 1.000000
0.999907 0.005705 -0.012384 0.000000 0.010715 0.232907 0.972440 46.951000 0.008432 -0.972482 0.232824 -0.000000 0.000000 0.000000 0.000000 1.000000
0.999489 0.015533 -0.027954 0.000000 0.028733 -0.052376 0.998214 46.951000 0.014041 -0.998507 -0.052795 0.000000 0.000000 0.000000 0.000000 1.000000
0.998099 0.048756 -0.037705 0.000000 0.053002 -0.366739 0.928813 46.951000 0.031457 -0.929045 -0.368626 0.000000 0.000000 0.000000 0.000000 1.000000
0.997659 0.043260 0.052967 -0.000000 -0.013913 -0.629914 0.776541 46.951000 0.066958 -0.775459 -0.627837 0.000000 0.000000 0.000000 0.000000 1.000000
0.994980 0.036157 0.093309 0.000000 -0.030510 -0.778437 0.626980 46.951000 0.095305 -0.626680 -0.773427 0.000000 0.000000 0.000000 0.000000 1.000000
0.997200 0.049219 0.056306 0.000000 0.006736 -0.808945 0.587846 46.951000 0.074482 -0.585821 -0.807011 0.000000 0.000000 0.000000 0.000000 1.000000
0.995396 0.084407 0.045405 0.000000 0.029485 -0.720440 0.692891 46.951000 0.091197 -0.688362 -0.719612 0.000000 0.000000 0.000000 0.000000 1.000000</float_array>
        <technique_common>
          <accessor source="#mixamorig_LeftLeg-Matrix-animation-output-transform-array" count="22" stride="16">
            <param type="float4x4"/>
          </accessor>
        </technique_common>
      </source>
      <source id="mixamorig_LeftLeg-Interpolations">
        <Name_array id="mixamorig_LeftLeg-Interpolations-array" count="22">
 LINEAR LINEAR LINEAR LINEAR LINEAR LINEAR LINEAR LINEAR LINEAR LINEAR LINEAR
LINEAR LINEAR LINEAR LINEAR LINEAR LINEAR LINEAR LINEAR LINEAR LINEAR LINEAR</Name_array>
        <technique_common>
          <accessor source="#mixamorig_LeftLeg-Interpolations-array" count="22">
            <param type="name"/>
          </accessor>
        </technique_common>
      </source>
      <sampler id="mixamorig_LeftLeg-Matrix-animation-transform">
        <input semantic="INPUT" source="#mixamorig_LeftLeg-Matrix-animation-input"/>
        <input semantic="OUTPUT" source="#mixamorig_LeftLeg-Matrix-animation-output-transform"/>
        <input semantic="INTERPOLATION" source="#mixamorig_LeftLeg-Interpolations"/>
      </sampler>
      <channel source="#mixamorig_LeftLeg-Matrix-animation-transform" target="mixamorig_LeftLeg/matrix"/>
    </animation>
    <animation id="mixamorig_LeftFoot-anim" name="mixamorig_LeftFoot">
      <source id="mixamorig_LeftFoot-Matrix-animation-input">
        <float_array id="mixamorig_LeftFoot-Matrix-animation-input-array" count="22">

0.000000 0.033333 0.066667 0.100000 0.133333 0.166667 0.200000 0.233333 0.266667 0.300000 0.333333 0.366667 0.400000 0.433333 0.466667 0.500000
0.533333 0.566667 0.600000 0.633333 0.666667 0.700000</float_array>
        <technique_common>
          <accessor source="#mixamorig_LeftFoot-Matrix-animation-input-array" count="22">
            <param name="TIME" type="float"/>
          </accessor>
        </technique_common>
      </source>
      <source id="mixamorig_LeftFoot-Matrix-animation-output-transform">
        <float_array id="mixamorig_LeftFoot-Matrix-animation-output-transform-array" count="352">

0.993538 -0.047391 0.103130 0.000000 0.094397 0.849529 -0.519027 55.112000 -0.063015 0.525409 0.848513 0.000000 0.000000 0.000000 0.000000 1.000000
0.990393 -0.019599 0.136884 0.000000 0.101619 0.774506 -0.624351 55.112000 -0.093780 0.632263 0.769057 -0.000000 0.000000 0.000000 0.000000 1.000000
0.988944 -0.025002 0.146169 -0.000000 0.125407 0.667061 -0.734373 55.112000 -0.079142 0.744584 0.662821 0.000000 0.000000 0.000000 0.000000 1.000000
0.993590 -0.081317 0.078529 -0.000000 0.110699 0.559082 -0.821690 55.112000 0.022913 0.825115 0.564499 0.000000 0.000000 0.000000 0.000000 1.000000
0.998893 -0.032441 0.034064 0.000000 0.046190 0.539355 -0.840811 55.112000 0.008904 0.841453 0.540256 0.000000 0.000000 0.000000 0.000000 1.000000
0.999724 0.010768 -0.020890 0.000000 -0.023390 0.542695 -0.839604 55.112000 0.002296 0.839861 0.542797 0.000000 0.000000 0.000000 0.000000 1.000000
0.998254 -0.045070 0.038171 0.000000 0.057009 0.566327 -0.822207 55.112000 0.015440 0.822948 0.567907 0.000000 0.000000 0.000000 0.000000 1.000000
0.996875 -0.057881 0.053767 -0.000000 0.077318 0.575092 -0.814427 55.112000 0.016219 0.816039 0.577770 0.000000 0.000000 0.000000 0.000000 1.000000
0.992597 -0.077855 0.093221 -0.000000 0.115973 0.379536 -0.917880 55.112000 0.036081 0.921895 0.385755 -0.000000 0.000000 0.000000 0.000000 1.000000
0.989570 -0.079848 0.119899 0.000000 0.127249 0.094397 -0.987369 55.112000 0.067522 0.992327 0.103573 -0.000000 0.000000 0.000000 0.000000 1.000000
0.984806 -0.060013 0.162956 -0.000000 0.162765 -0.008087 -0.986632 55.112000 0.060529 0.998165 0.001804 -0.000000 0.000000 0.000000 0.000000 1.000000
0.992279 -0.058063 0.109597 0.000000 0.116886 0.142254 -0.982905 55.112000 0.041480 0.988126 0.147943 -0.000000 0.000000 0.000000 0.000000 1.000000
0.994903 -0.062461 0.079165 -0.000000 0.099872 0.501898 -0.859141 55.112000 0.013930 0.862669 0.505578 0.000000 0.000000 0.000000 0.000000 1.000000
0.995736 -0.066554 0.063871 0.000000 0.090954 0.592960 -0.800079 55.112000 0.015376 0.802477 0.596485 0.000000 0.000000 0.000000 0.000000 1.000000
0.996490 -0.074063 0.039020 0.000000 0.081749 0.760529 -0.644137 55.112000 0.018031 0.645066 0.763914 -0.000000 0.000000 0.000000 0.000000 1.000000
0.998259 -0.047314 0.035227 0.000000 0.058497 0.870919 -0.487933 55.112000 -0.007594 0.489144 0.872170 -0.000000 0.000000 0.000000 0.000000 1.000000
0.997388 -0.059343 0.041171 -0.000000 0.072033 0.858953 -0.506962 55.112000 -0.005279 0.508604 0.860984 0.000000 0.000000 0.000000 0.000000 1.000000
0.987273 -0.127243 0.095396 -0.000000 0.158647 0.829739 -0.535130 55.112000 -0.011062 0.543454 0.839366 -0.000000 0.000000 0.000000 0.000000 1.000000
0.977683 -0.172241 0.120290 -0.000000 0.209942 0.822285 -0.528935 55.112000 -0.007808 0.542384 0.840094 0.000000 0.000000 0.000000 0.000000 1.000000
0.987268 -0.130323 0.091203 -0.000000 0.158137 0.866029 -0.474328 55.112000 -0.017168 0.482711 0.875611 0.000000 0.000000 0.000000 0.000000 1.000000
0.998109 -0.032551 0.052140 -0.000000 0.053180 0.882685 -0.466947 55.112000 -0.030823 0.468837 0.882747 -0.000000 0.000000 0.000000 0.000000 1.000000
0.993540 -0.047383 0.103116 0.000000 0.094384 0.849524 -0.519039 55.112000 -0.063006 0.525418 0.848508 0.000000 0.000000 0.000000 0.000000 1.000000</float_array>
        <technique_common>
          <accessor source="#mixamorig_LeftFoot-Matrix-animation-output-transform-array" count="22" stride="16">
            <param type="float4x4"/>
          </accessor>
        </technique_common>
      </source>
      <source id="mixamorig_LeftFoot-Interpolations">
        <Name_array id="mixamorig_LeftFoot-Interpolations-array" count="22">
 LINEAR LINEAR LINEAR LINEAR LINEAR LINEAR LINEAR LINEAR LINEAR LINEAR LINEAR
LINEAR LINEAR LINEAR LINEAR LINEAR LINEAR LINEAR LINEAR LINEAR LINEAR LINEAR</Name_array>
        <technique_common>
          <accessor source="#mixamorig_LeftFoot-Interpolations-array" count="22">
            <param type="name"/>
          </accessor>
        </technique_common>
      </source>
      <sampler id="mixamorig_LeftFoot-Matrix-animation-transform">
        <input semantic="INPUT" source="#mixamorig_LeftFoot-Matrix-animation-input"/>
        <input semantic="OUTPUT" source="#mixamorig_LeftFoot-Matrix-animation-output-transform"/>
        <input semantic="INTERPOLATION" source="#mixamorig_LeftFoot-Interpolations"/>
      </sampler>
      <channel source="#mixamorig_LeftFoot-Matrix-animation-transform" target="mixamorig_LeftFoot/matrix"/>
    </animation>
    <animation id="mixamorig_LeftToeBase-anim" name="mixamorig_LeftToeBase">
      <source id="mixamorig_LeftToeBase-Matrix-animation-input">
        <float_array id="mixamorig_LeftToeBase-Matrix-animation-input-array" count="22">

0.000000 0.033333 0.066667 0.100000 0.133333 0.166667 0.200000 0.233333 0.266667 0.300000 0.333333 0.366667 0.400000 0.433333 0.466667 0.500000
0.533333 0.566667 0.600000 0.633333 0.666667 0.700000</float_array>
        <technique_common>
          <accessor source="#mixamorig_LeftToeBase-Matrix-animation-input-array" count="22">
            <param name="TIME" type="float"/>
          </accessor>
        </technique_common>
      </source>
      <source id="mixamorig_LeftToeBase-Matrix-animation-output-transform">
        <float_array id="mixamorig_LeftToeBase-Matrix-animation-output-transform-array" count="352">

1.000000 -0.000000 0.000002 0.000000 0.000001 0.714204 -0.699937 22.799999 -0.000001 0.699937 0.714204 0.000000 0.000000 0.000000 0.000000 1.000000
1.000000 0.000000 0.000002 0.000000 0.000001 0.714751 -0.699379 22.799999 -0.000001 0.699379 0.714751 0.000000 0.000000 0.000000 0.000000 1.000000
1.000000 0.000000 0.000002 0.000000 0.000001 0.713937 -0.700209 22.799999 -0.000001 0.700209 0.713937 0.000000 0.000000 0.000000 0.000000 1.000000
1.000000 0.000000 0.000002 0.000000 0.000001 0.713343 -0.700815 22.799999 -0.000001 0.700815 0.713343 0.000000 0.000000 0.000000 0.000000 1.000000
1.000000 -0.000000 0.000002 0.000000 0.000001 0.713293 -0.700866 22.799999 -0.000001 0.700866 0.713293 0.000000 0.000000 0.000000 0.000000 1.000000
1.000000 0.000000 0.000002 -0.000000 0.000001 0.709685 -0.704519 22.799999 -0.000001 0.704519 0.709685 0.000000 0.000000 0.000000 0.000000 1.000000
1.000000 0.000000 0.000002 0.000000 0.000001 0.705127 -0.709081 22.799999 -0.000001 0.709081 0.705127 0.000000 0.000000 0.000000 0.000000 1.000000
1.000000 -0.000000 0.000002 -0.000000 0.000001 0.703170 -0.711021 22.799999 -0.000001 0.711021 0.703170 0.000000 0.000000 0.000000 0.000000 1.000000
1.000000 0.000003 0.000079 0.000000 0.000057 0.665011 -0.746833 22.799999 -0.000055 0.746833 0.665011 0.000000 0.000000 0.000000 0.000000 1.000000
1.000000 -0.000000 0.000002 0.000000 0.000001 0.636271 -0.771466 22.799999 -0.000001 0.771466 0.636271 0.000000 0.000000 0.000000 0.000000 1.000000
1.000000 -0.000000 0.000001 0.000000 0.000001 0.570185 -0.821516 22.799999 -0.000001 0.821516 0.570185 -0.000000 0.000000 0.000000 0.000000 1.000000
0.999282 -0.001222 -0.037872 -0.000000 -0.032564 0.483314 -0.874841 22.799999 0.019373 0.875446 0.482927 -0.000000 0.000000 0.000000 0.000000 1.000000
0.998270 -0.029405 -0.050920 0.000000 -0.044770 0.181300 -0.982408 22.799999 0.038119 0.982988 0.179670 -0.000000 0.000000 0.000000 0.000000 1.000000
1.000000 -0.000000 0.000002 0.000000 0.000001 0.667360 -0.744736 22.799999 -0.000001 0.744736 0.667360 0.000000 0.000000 0.000000 0.000000 1.000000
1.000000 -0.000000 0.000001 0.000000 0.000001 0.561599 -0.827410 22.799999 -0.000001 0.827410 0.561599 0.000000 0.000000 0.000000 0.000000 1.000000
1.000000 -0.000000 0.000001 0.000000 0.000001 0.589701 -0.807622 22.799999 -0.000001 0.807622 0.589701 0.000000 0.000000 0.000000 0.000000 1.000000
1.000000 0.000000 0.000002 0.000000 0.000001 0.723446 -0.690381 22.799999 -0.000001 0.690381 0.723446 0.000000 0.000000 0.000000 0.000000 1.000000
1.000000 -0.000000 0.000002 0.000000 0.000001 0.711255 -0.702934 22.799999 -0.000001 0.702934 0.711255 0.000000 0.000000 0.000000 0.000000 1.000000
1.000000 -0.000000 0.000002 -0.000000 0.000001 0.714733 -0.699398 22.799999 -0.000001 0.699398 0.714733 -0.000000 0.000000 0.000000 0.000000 1.000000
1.000000 -0.000000 0.000002 -0.000000 0.000001 0.714285 -0.699855 22.799999 -0.000001 0.699855 0.714285 0.000000 0.000000 0.000000 0.000000 1.000000
1.000000 -0.000000 0.000002 0.000000 0.000001 0.714240 -0.699900 22.799999 -0.000001 0.699900 0.714240 -0.000000 0.000000 0.000000 0.000000 1.000000
1.000000 -0.000000 0.000002 0.000000 0.000001 0.714205 -0.699936 22.799999 -0.000001 0.699936 0.714205 0.000000 0.000000 0.000000 0.000000 1.000000</float_array>
        <technique_common>
          <accessor source="#mixamorig_LeftToeBase-Matrix-animation-output-transform-array" count="22" stride="16">
            <param type="float4x4"/>
          </accessor>
        </technique_common>
      </source>
      <source id="mixamorig_LeftToeBase-Interpolations">
        <Name_array id="mixamorig_LeftToeBase-Interpolations-array" count="22">
 LINEAR LINEAR LINEAR LINEAR LINEAR LINEAR LINEAR LINEAR LINEAR LINEAR LINEAR
LINEAR LINEAR LINEAR LINEAR LINEAR LINEAR LINEAR LINEAR LINEAR LINEAR LINEAR</Name_array>
        <technique_common>
          <accessor source="#mixamorig_LeftToeBase-Interpolations-array" count="22">
            <param type="name"/>
          </accessor>
        </technique_common>
      </source>
      <sampler id="mixamorig_LeftToeBase-Matrix-animation-transform">
        <input semantic="INPUT" source="#mixamorig_LeftToeBase-Matrix-animation-input"/>
        <input semantic="OUTPUT" source="#mixamorig_LeftToeBase-Matrix-animation-output-transform"/>
        <input semantic="INTERPOLATION" source="#mixamorig_LeftToeBase-Interpolations"/>
      </sampler>
      <channel source="#mixamorig_LeftToeBase-Matrix-animation-transform" target="mixamorig_LeftToeBase/matrix"/>
    </animation>
    <animation id="mixamorig_RightUpLeg-anim" name="mixamorig_RightUpLeg">
      <source id="mixamorig_RightUpLeg-Matrix-animation-input">
        <float_array id="mixamorig_RightUpLeg-Matrix-animation-input-array" count="22">

0.000000 0.033333 0.066667 0.100000 0.133333 0.166667 0.200000 0.233333 0.266667 0.300000 0.333333 0.366667 0.400000 0.433333 0.466667 0.500000
0.533333 0.566667 0.600000 0.633333 0.666667 0.700000</float_array>
        <technique_common>
          <accessor source="#mixamorig_RightUpLeg-Matrix-animation-input-array" count="22">
            <param name="TIME" type="float"/>
          </accessor>
        </technique_common>
      </source>
      <source id="mixamorig_RightUpLeg-Matrix-animation-output-transform">
        <float_array id="mixamorig_RightUpLeg-Matrix-animation-output-transform-array" count="352">

-0.987137 0.107533 -0.118309 -12.883000 -0.138497 -0.944842 0.296805 -6.336200 -0.079867 0.309372 0.947581 -1.092800 0.000000 0.000000 0.000000 1.000000
-0.989614 0.056865 -0.132025 -12.883000 -0.066134 -0.995564 0.066916 -6.336200 -0.127634 0.074952 0.988985 -1.092800 0.000000 0.000000 0.000000 1.000000
-0.989901 0.003703 -0.141714 -12.883000 -0.000422 -0.999731 -0.023171 -6.336200 -0.141762 -0.022877 0.989636 -1.092800 0.000000 0.000000 0.000000 1.000000
-0.996697 0.029791 -0.075548 -12.883000 -0.026242 -0.998524 -0.047549 -6.336200 -0.076853 -0.045409 0.996008 -1.092800 0.000000 0.000000 0.000000 1.000000
-0.999116 0.025349 -0.033535 -12.883000 -0.025505 -0.999666 0.004237 -6.336200 -0.033416 0.005088 0.999429 -1.092800 0.000000 0.000000 0.000000 1.000000
-0.999883 0.005454 -0.014314 -12.883000 -0.006782 -0.995507 0.094443 -6.336200 -0.013735 0.094529 0.995427 -1.092800 0.000000 0.000000 0.000000 1.000000
-0.999449 -0.023082 0.023852 -12.883000 0.027989 -0.972349 0.231849 -6.336200 0.017841 0.232388 0.972459 -1.092800 0.000000 0.000000 0.000000 1.000000
-0.993451 -0.050032 0.102726 -12.883000 0.091551 -0.886475 0.453630 -6.336200 0.068368 0.460064 0.885250 -1.092800 0.000000 0.000000 0.000000 1.000000
-0.974594 -0.107789 0.196337 -12.883000 0.218053 -0.656918 0.721742 -6.336200 0.051182 0.746217 0.663732 -1.092800 0.000000 0.000000 0.000000 1.000000
-0.956848 -0.092746 0.275392 -12.883000 0.289779 -0.375327 0.880431 -6.336200 0.021706 0.922241 0.386006 -1.092800 0.000000 0.000000 0.000000 1.000000
-0.957445 -0.116082 0.264244 -12.883000 0.283803 -0.212147 0.935120 -6.336200 -0.052492 0.970319 0.236063 -1.092800 0.000000 0.000000 0.000000 1.000000
-0.956051 -0.129307 0.263148 -12.883000 0.280701 -0.144393 0.948872 -6.336200 -0.084699 0.981035 0.174343 -1.092800 0.000000 0.000000 0.000000 1.000000
-0.964679 -0.109675 0.239512 -12.883000 0.256140 -0.178121 0.950087 -6.336200 -0.061539 0.977878 0.199921 -1.092800 0.000000 0.000000 0.000000 1.000000
-0.975950 -0.070812 0.206174 -12.883000 0.217496 -0.252259 0.942900 -6.336200 -0.014759 0.965065 0.261593 -1.092800 0.000000 0.000000 0.000000 1.000000
-0.983902 -0.037503 0.174729 -12.883000 0.176045 -0.371560 0.911565 -6.336200 0.030736 0.927651 0.372181 -1.092800 0.000000 0.000000 0.000000 1.000000
-0.989880 -0.038912 0.136466 -12.883000 0.138452 -0.475685 0.868651 -6.336200 0.031113 0.878755 0.476259 -1.092800 0.000000 0.000000 0.000000 1.000000
-0.995239 -0.035010 0.090958 -12.883000 0.095178 -0.550015 0.829713 -6.336200 0.020980 0.834420 0.550729 -1.092800 0.000000 0.000000 0.000000 1.000000
-0.999651 0.012251 0.023403 -12.883000 0.012126 -0.574240 0.818597 -6.336200 0.023468 0.818595 0.573891 -1.092800 0.000000 0.000000 0.000000 1.000000
-0.993864 0.086927 -0.068394 -12.883000 -0.107513 -0.613986 0.781961 -6.336200 0.025981 0.784516 0.619564 -1.092800 0.000000 0.000000 0.000000 1.000000
-0.983825 0.138859 -0.113168 -12.883000 -0.178191 -0.693888 0.697688 -6.336200 0.018354 0.706568 0.707407 -1.092800 0.000000 0.000000 0.000000 1.000000
-0.980849 0.141374 -0.133972 -12.883000 -0.191180 -0.830271 0.523545 -6.336200 -0.037218 0.539132 0.841399 -1.092800 0.000000 0.000000 0.000000 1.000000
-0.987067 0.107918 -0.118545 -12.883000 -0.138907 -0.944905 0.296412 -6.336200 -0.080026 0.309045 0.947675 -1.092800 0.000000 0.000000 0.000000 1.000000</float_array>
        <technique_common>
          <accessor source="#mixamorig_RightUpLeg-Matrix-animation-output-transform-array" count="22" stride="16">
            <param type="float4x4"/>
          </accessor>
        </technique_common>
      </source>
      <source id="mixamorig_RightUpLeg-Interpolations">
        <Name_array id="mixamorig_RightUpLeg-Interpolations-array" count="22">
 LINEAR LINEAR LINEAR LINEAR LINEAR LINEAR LINEAR LINEAR LINEAR LINEAR LINEAR
LINEAR LINEAR LINEAR LINEAR LINEAR LINEAR LINEAR LINEAR LINEAR LINEAR LINEAR</Name_array>
        <technique_common>
          <accessor source="#mixamorig_RightUpLeg-Interpolations-array" count="22">
            <param type="name"/>
          </accessor>
        </technique_common>
      </source>
      <sampler id="mixamorig_RightUpLeg-Matrix-animation-transform">
        <input semantic="INPUT" source="#mixamorig_RightUpLeg-Matrix-animation-input"/>
        <input semantic="OUTPUT" source="#mixamorig_RightUpLeg-Matrix-animation-output-transform"/>
        <input semantic="INTERPOLATION" source="#mixamorig_RightUpLeg-Interpolations"/>
      </sampler>
      <channel source="#mixamorig_RightUpLeg-Matrix-animation-transform" target="mixamorig_RightUpLeg/matrix"/>
    </animation>
    <animation id="mixamorig_RightLeg-anim" name="mixamorig_RightLeg">
      <source id="mixamorig_RightLeg-Matrix-animation-input">
        <float_array id="mixamorig_RightLeg-Matrix-animation-input-array" count="22">

0.000000 0.033333 0.066667 0.100000 0.133333 0.166667 0.200000 0.233333 0.266667 0.300000 0.333333 0.366667 0.400000 0.433333 0.466667 0.500000
0.533333 0.566667 0.600000 0.633333 0.666667 0.700000</float_array>
        <technique_common>
          <accessor source="#mixamorig_RightLeg-Matrix-animation-input-array" count="22">
            <param name="TIME" type="float"/>
          </accessor>
        </technique_common>
      </source>
      <source id="mixamorig_RightLeg-Matrix-animation-output-transform">
        <float_array id="mixamorig_RightLeg-Matrix-animation-output-transform-array" count="352">

0.997612 0.040478 -0.055967 0.000000 0.041180 0.301971 0.952427 46.951099 0.055453 -0.952457 0.299583 0.000000 0.000000 0.000000 0.000000 1.000000
0.995105 0.075034 -0.064319 0.000000 0.021792 0.468199 0.883354 46.951099 0.096395 -0.880431 0.464272 0.000000 0.000000 0.000000 0.000000 1.000000
0.985956 0.102741 -0.131666 0.000000 0.051243 0.564247 0.824014 46.951099 0.158952 -0.819188 0.551058 0.000000 0.000000 0.000000 0.000000 1.000000
0.989065 0.112609 -0.095238 0.000000 0.023944 0.514586 0.857104 46.951099 0.145526 -0.850012 0.506262 -0.000000 0.000000 0.000000 0.000000 1.000000
0.993421 0.112801 -0.019789 0.000000 -0.021304 0.351802 0.935832 46.951099 0.112525 -0.929253 0.351890 0.000000 0.000000 0.000000 0.000000 1.000000
0.995001 0.095371 0.029619 0.000000 -0.037785 0.084985 0.995666 46.951099 0.092440 -0.991807 0.088163 0.000000 0.000000 0.000000 0.000000 1.000000
0.998607 0.036922 0.037682 0.000000 -0.027570 -0.243732 0.969451 46.951099 0.044978 -0.969139 -0.242375 0.000000 0.000000 0.000000 0.000000 1.000000
0.999027 -0.024833 0.036448 0.000000 -0.044103 -0.556136 0.829921 46.951099 -0.000339 -0.830720 -0.556690 -0.000000 0.000000 0.000000 0.000000 1.000000
0.998617 -0.051951 -0.008015 0.000000 -0.034178 -0.757563 0.651867 46.951099 -0.039937 -0.650691 -0.758291 -0.000000 0.000000 0.000000 0.000000 1.000000
0.996942 -0.071501 -0.031528 0.000000 -0.040392 -0.816891 0.575377 46.951099 -0.066895 -0.572344 -0.817281 0.000000 0.000000 0.000000 0.000000 1.000000
0.995981 -0.073486 -0.051207 0.000000 -0.024485 -0.773319 0.633545 46.951099 -0.086156 -0.629745 -0.772010 -0.000000 0.000000 0.000000 0.000000 1.000000
0.995199 -0.097702 0.005789 -0.000000 -0.066978 -0.636729 0.768173 46.951099 -0.071366 -0.764873 -0.640216 0.000000 0.000000 0.000000 0.000000 1.000000
0.988582 -0.123598 0.086194 0.000000 -0.128244 -0.389784 0.911933 46.951099 -0.079116 -0.912574 -0.401184 -0.000000 0.000000 0.000000 0.000000 1.000000
0.985181 -0.123017 0.119520 0.000000 -0.127496 -0.059118 0.990076 46.951099 -0.114730 -0.990642 -0.073926 0.000000 0.000000 0.000000 0.000000 1.000000
0.986678 -0.084150 0.139232 0.000000 -0.106067 0.316187 0.942749 46.951099 -0.123356 -0.944958 0.303049 0.000000 0.000000 0.000000 0.000000 1.000000
0.982529 -0.074562 0.170524 0.000000 -0.105722 0.530456 0.841094 46.951099 -0.153169 -0.844427 0.513306 0.000000 0.000000 0.000000 0.000000 1.000000
0.987340 -0.063820 0.145210 0.000000 -0.084853 0.560949 0.823491 46.951099 -0.134011 -0.825387 0.548432 0.000000 0.000000 0.000000 0.000000 1.000000
0.995057 -0.019704 0.097332 0.000000 -0.079642 0.427126 0.900678 46.951099 -0.059320 -0.903978 0.423445 0.000000 0.000000 0.000000 0.000000 1.000000
0.998591 0.016768 0.050344 0.000000 -0.053005 0.270766 0.961185 46.951099 0.002486 -0.962499 0.271273 0.000000 0.000000 0.000000 0.000000 1.000000
0.999716 0.023813 -0.000311 0.000000 -0.003933 0.177976 0.984027 46.951099 0.023488 -0.983747 0.178019 0.000000 0.000000 0.000000 0.000000 1.000000
0.996787 0.028650 -0.074805 -0.000000 0.067701 0.197829 0.977896 46.951099 0.042815 -0.979818 0.195254 0.000000 0.000000 0.000000 0.000000 1.000000
0.997612 0.040485 -0.055953 0.000000 0.041153 0.302165 0.952367 46.951099 0.055464 -0.952395 0.299778 -0.000000 0.000000 0.000000 0.000000 1.000000</float_array>
        <technique_common>
          <accessor source="#mixamorig_RightLeg-Matrix-animation-output-transform-array" count="22" stride="16">
            <param type="float4x4"/>
          </accessor>
        </technique_common>
      </source>
      <source id="mixamorig_RightLeg-Interpolations">
        <Name_array id="mixamorig_RightLeg-Interpolations-array" count="22">
 LINEAR LINEAR LINEAR LINEAR LINEAR LINEAR LINEAR LINEAR LINEAR LINEAR LINEAR
LINEAR LINEAR LINEAR LINEAR LINEAR LINEAR LINEAR LINEAR LINEAR LINEAR LINEAR</Name_array>
        <technique_common>
          <accessor source="#mixamorig_RightLeg-Interpolations-array" count="22">
            <param type="name"/>
          </accessor>
        </technique_common>
      </source>
      <sampler id="mixamorig_RightLeg-Matrix-animation-transform">
        <input semantic="INPUT" source="#mixamorig_RightLeg-Matrix-animation-input"/>
        <input semantic="OUTPUT" source="#mixamorig_RightLeg-Matrix-animation-output-transform"/>
        <input semantic="INTERPOLATION" source="#mixamorig_RightLeg-Interpolations"/>
      </sampler>
      <channel source="#mixamorig_RightLeg-Matrix-animation-transform" target="mixamorig_RightLeg/matrix"/>
    </animation>
    <animation id="mixamorig_RightFoot-anim" name="mixamorig_RightFoot">
      <source id="mixamorig_RightFoot-Matrix-animation-input">
        <float_array id="mixamorig_RightFoot-Matrix-animation-input-array" count="22">

0.000000 0.033333 0.066667 0.100000 0.133333 0.166667 0.200000 0.233333 0.266667 0.300000 0.333333 0.366667 0.400000 0.433333 0.466667 0.500000
0.533333 0.566667 0.600000 0.633333 0.666667 0.700000</float_array>
        <technique_common>
          <accessor source="#mixamorig_RightFoot-Matrix-animation-input-array" count="22">
            <param name="TIME" type="float"/>
          </accessor>
        </technique_common>
      </source>
      <source id="mixamorig_RightFoot-Matrix-animation-output-transform">
        <float_array id="mixamorig_RightFoot-Matrix-animation-output-transform-array" count="352">

0.991565 0.000159 -0.129607 -0.000000 -0.129306 0.069276 -0.989182 55.112000 0.008821 0.997598 0.068712 0.000000 0.000000 0.000000 0.000000 1.000000
0.993496 -0.012897 -0.113134 -0.000000 -0.106179 0.253944 -0.961373 55.112000 0.041128 0.967133 0.250923 0.000000 0.000000 0.000000 0.000000 1.000000
0.991565 -0.118092 0.053413 0.000000 0.116651 0.633511 -0.764889 55.112000 0.056490 0.764668 0.641943 0.000000 0.000000 0.000000 0.000000 1.000000
0.988980 -0.121950 0.083940 0.000000 0.146672 0.729993 -0.667531 55.112000 0.020130 0.672486 0.739836 -0.000000 0.000000 0.000000 0.000000 1.000000
0.983833 -0.145170 0.104872 -0.000000 0.179028 0.812445 -0.554872 55.112000 -0.004652 0.564676 0.825300 -0.000000 0.000000 0.000000 0.000000 1.000000
0.985513 -0.138943 0.097260 0.000000 0.169167 0.846324 -0.505092 55.112000 -0.012135 0.514228 0.857568 0.000000 0.000000 0.000000 0.000000 1.000000
0.989131 -0.118076 0.087625 0.000000 0.146755 0.829716 -0.538548 55.112000 -0.009115 0.545554 0.838026 0.000000 0.000000 0.000000 0.000000 1.000000
0.994580 -0.083410 0.062083 0.000000 0.103665 0.841703 -0.529895 55.112000 -0.008057 0.533459 0.845788 0.000000 0.000000 0.000000 0.000000 1.000000
0.998691 -0.040175 0.031656 0.000000 0.050432 0.876676 -0.478431 55.112000 -0.008531 0.479401 0.877554 0.000000 0.000000 0.000000 0.000000 1.000000
0.997914 -0.055462 0.033032 0.000000 0.064290 0.900085 -0.430944 55.112000 -0.005831 0.432169 0.901774 0.000000 0.000000 0.000000 0.000000 1.000000
0.998251 -0.052804 0.026583 0.000000 0.058941 0.854231 -0.516541 55.112000 0.004568 0.517205 0.855850 0.000000 0.000000 0.000000 0.000000 1.000000
0.990849 -0.105710 0.083928 0.000000 0.134888 0.797995 -0.587375 55.112000 -0.004883 0.593321 0.804951 0.000000 0.000000 0.000000 0.000000 1.000000
0.993641 -0.083073 0.076000 0.000000 0.112537 0.711613 -0.693500 55.112000 0.003528 0.697643 0.716436 0.000000 0.000000 0.000000 0.000000 1.000000
0.994252 -0.038885 0.099753 0.000000 0.101847 0.630810 -0.769225 55.112000 -0.033014 0.774963 0.631144 0.000000 0.000000 0.000000 0.000000 1.000000
0.989402 -0.037189 0.140359 -0.000000 0.135700 0.580752 -0.802691 55.112000 -0.051663 0.813230 0.579644 0.000000 0.000000 0.000000 0.000000 1.000000
0.988615 -0.077259 0.129115 -0.000000 0.150296 0.547685 -0.823075 55.112000 -0.007124 0.833110 0.553062 0.000000 0.000000 0.000000 0.000000 1.000000
0.991570 -0.074921 0.105716 0.000000 0.129563 0.583269 -0.801879 55.112000 -0.001583 0.808816 0.588059 0.000000 0.000000 0.000000 0.000000 1.000000
0.998623 -0.025786 0.045695 0.000000 0.051897 0.613613 -0.787900 55.112000 -0.007723 0.789186 0.614106 0.000000 0.000000 0.000000 0.000000 1.000000
0.999907 0.012324 -0.005767 0.000000 -0.011446 0.532668 -0.846247 55.112000 -0.007357 0.846235 0.532760 -0.000000 0.000000 0.000000 0.000000 1.000000
0.997681 0.039799 -0.055222 0.000000 -0.065513 0.341175 -0.937714 55.112000 -0.018480 0.939157 0.342991 0.000000 0.000000 0.000000 0.000000 1.000000
0.991050 0.040172 -0.127303 0.000000 -0.131030 0.110495 -0.985201 55.112000 -0.025512 0.993064 0.114770 0.000000 0.000000 0.000000 0.000000 1.000000
0.991508 0.000386 -0.130042 -0.000000 -0.129756 0.069344 -0.989118 55.112000 0.008636 0.997593 0.068805 0.000000 0.000000 0.000000 0.000000 1.000000</float_array>
        <technique_common>
          <accessor source="#mixamorig_RightFoot-Matrix-animation-output-transform-array" count="22" stride="16">
            <param type="float4x4"/>
          </accessor>
        </technique_common>
      </source>
      <source id="mixamorig_RightFoot-Interpolations">
        <Name_array id="mixamorig_RightFoot-Interpolations-array" count="22">
 LINEAR LINEAR LINEAR LINEAR LINEAR LINEAR LINEAR LINEAR LINEAR LINEAR LINEAR
LINEAR LINEAR LINEAR LINEAR LINEAR LINEAR LINEAR LINEAR LINEAR LINEAR LINEAR</Name_array>
        <technique_common>
          <accessor source="#mixamorig_RightFoot-Interpolations-array" count="22">
            <param type="name"/>
          </accessor>
        </technique_common>
      </source>
      <sampler id="mixamorig_RightFoot-Matrix-animation-transform">
        <input semantic="INPUT" source="#mixamorig_RightFoot-Matrix-animation-input"/>
        <input semantic="OUTPUT" source="#mixamorig_RightFoot-Matrix-animation-output-transform"/>
        <input semantic="INTERPOLATION" source="#mixamorig_RightFoot-Interpolations"/>
      </sampler>
      <channel source="#mixamorig_RightFoot-Matrix-animation-transform" target="mixamorig_RightFoot/matrix"/>
    </animation>
    <animation id="mixamorig_RightToeBase-anim" name="mixamorig_RightToeBase">
      <source id="mixamorig_RightToeBase-Matrix-animation-input">
        <float_array id="mixamorig_RightToeBase-Matrix-animation-input-array" count="22">

0.000000 0.033333 0.066667 0.100000 0.133333 0.166667 0.200000 0.233333 0.266667 0.300000 0.333333 0.366667 0.400000 0.433333 0.466667 0.500000
0.533333 0.566667 0.600000 0.633333 0.666667 0.700000</float_array>
        <technique_common>
          <accessor source="#mixamorig_RightToeBase-Matrix-animation-input-array" count="22">
            <param name="TIME" type="float"/>
          </accessor>
        </technique_common>
      </source>
      <source id="mixamorig_RightToeBase-Matrix-animation-output-transform">
        <float_array id="mixamorig_RightToeBase-Matrix-animation-output-transform-array" count="352">

1.000000 -0.000002 0.000001 0.000000 0.000002 0.382395 -0.923999 22.799999 0.000001 0.923999 0.382395 -0.000000 0.000000 0.000000 0.000000 1.000000
0.999955 -0.000073 -0.009524 -0.000000 -0.008865 0.358430 -0.933514 22.799999 0.003482 0.933556 0.358413 0.000000 0.000000 0.000000 0.000000 1.000000
0.980738 -0.089790 -0.173470 0.000000 -0.159843 0.141513 -0.976946 22.799999 0.112268 0.985856 0.124435 0.000000 0.000000 0.000000 0.000000 1.000000
1.000000 -0.000002 0.000001 0.000000 0.000002 0.573258 -0.819375 22.799999 0.000000 0.819375 0.573258 0.000000 0.000000 0.000000 0.000000 1.000000
1.000000 -0.000001 0.000001 -0.000000 0.000002 0.623581 -0.781759 22.799999 0.000000 0.781759 0.623581 0.000000 0.000000 0.000000 0.000000 1.000000
1.000000 -0.000001 0.000001 0.000000 0.000002 0.713050 -0.701113 22.799999 0.000000 0.701113 0.713050 0.000000 0.000000 0.000000 0.000000 1.000000
1.000000 -0.000001 0.000001 0.000000 0.000002 0.713481 -0.700674 22.799999 -0.000000 0.700674 0.713481 0.000000 0.000000 0.000000 0.000000 1.000000
1.000000 -0.000001 0.000001 -0.000000 0.000002 0.712734 -0.701435 22.799999 -0.000000 0.701435 0.712734 0.000000 0.000000 0.000000 0.000000 1.000000
1.000000 -0.000001 0.000001 0.000000 0.000002 0.714630 -0.699503 22.799999 0.000000 0.699503 0.714630 -0.000000 0.000000 0.000000 0.000000 1.000000
1.000000 -0.000001 0.000001 0.000000 0.000002 0.714285 -0.699854 22.799999 0.000000 0.699854 0.714285 0.000000 0.000000 0.000000 0.000000 1.000000
1.000000 -0.000001 0.000001 0.000000 0.000002 0.714020 -0.700125 22.799999 0.000000 0.700125 0.714020 0.000000 0.000000 0.000000 0.000000 1.000000
1.000000 -0.000001 0.000001 0.000000 0.000002 0.714103 -0.700040 22.799999 -0.000000 0.700040 0.714103 -0.000000 0.000000 0.000000 0.000000 1.000000
1.000000 -0.000001 0.000001 -0.000000 0.000002 0.714472 -0.699664 22.799999 -0.000000 0.699664 0.714472 -0.000000 0.000000 0.000000 0.000000 1.000000
1.000000 -0.000001 0.000001 0.000000 0.000002 0.708354 -0.705857 22.799999 -0.000000 0.705857 0.708354 -0.000000 0.000000 0.000000 0.000000 1.000000
1.000000 -0.000001 0.000001 -0.000000 0.000002 0.696180 -0.717867 22.799999 0.000000 0.717867 0.696180 0.000000 0.000000 0.000000 0.000000 1.000000
1.000000 -0.000001 0.000001 0.000000 0.000002 0.682094 -0.731265 22.799999 0.000000 0.731265 0.682094 0.000000 0.000000 0.000000 0.000000 1.000000
1.000000 -0.000001 0.000001 0.000000 0.000002 0.658890 -0.752239 22.799999 0.000000 0.752239 0.658890 0.000000 0.000000 0.000000 0.000000 1.000000
1.000000 -0.000001 0.000001 0.000000 0.000002 0.669309 -0.742984 22.799999 0.000000 0.742984 0.669309 -0.000000 0.000000 0.000000 0.000000 1.000000
1.000000 -0.000001 0.000001 0.000000 0.000002 0.683945 -0.729533 22.799999 0.000000 0.729533 0.683945 -0.000000 0.000000 0.000000 0.000000 1.000000
1.000000 -0.000002 -0.000091 -0.000000 -0.000070 0.625937 -0.779874 22.799999 0.000059 0.779874 0.625937 -0.000000 0.000000 0.000000 0.000000 1.000000
1.000000 -0.000002 0.000001 -0.000000 0.000002 0.530368 -0.847767 22.799999 0.000001 0.847767 0.530368 -0.000000 0.000000 0.000000 0.000000 1.000000
1.000000 -0.000002 0.000002 -0.000000 0.000002 0.382342 -0.924021 22.799999 0.000001 0.924021 0.382342 0.000000 0.000000 0.000000 0.000000 1.000000</float_array>
        <technique_common>
          <accessor source="#mixamorig_RightToeBase-Matrix-animation-output-transform-array" count="22" stride="16">
            <param type="float4x4"/>
          </accessor>
        </technique_common>
      </source>
      <source id="mixamorig_RightToeBase-Interpolations">
        <Name_array id="mixamorig_RightToeBase-Interpolations-array" count="22">
 LINEAR LINEAR LINEAR LINEAR LINEAR LINEAR LINEAR LINEAR LINEAR LINEAR LINEAR
LINEAR LINEAR LINEAR LINEAR LINEAR LINEAR LINEAR LINEAR LINEAR LINEAR LINEAR</Name_array>
        <technique_common>
          <accessor source="#mixamorig_RightToeBase-Interpolations-array" count="22">
            <param type="name"/>
          </accessor>
        </technique_common>
      </source>
      <sampler id="mixamorig_RightToeBase-Matrix-animation-transform">
        <input semantic="INPUT" source="#mixamorig_RightToeBase-Matrix-animation-input"/>
        <input semantic="OUTPUT" source="#mixamorig_RightToeBase-Matrix-animation-output-transform"/>
        <input semantic="INTERPOLATION" source="#mixamorig_RightToeBase-Interpolations"/>
      </sampler>
      <channel source="#mixamorig_RightToeBase-Matrix-animation-transform" target="mixamorig_RightToeBase/matrix"/>
    </animation>
    <animation id="mixamorig_L_C_skirt1-anim" name="mixamorig_L_C_skirt1">
      <source id="mixamorig_L_C_skirt1-Matrix-animation-input">
        <float_array id="mixamorig_L_C_skirt1-Matrix-animation-input-array" count="22">

0.000000 0.033333 0.066667 0.100000 0.133333 0.166667 0.200000 0.233333 0.266667 0.300000 0.333333 0.366667 0.400000 0.433333 0.466667 0.500000
0.533333 0.566667 0.600000 0.633333 0.666667 0.700000</float_array>
        <technique_common>
          <accessor source="#mixamorig_L_C_skirt1-Matrix-animation-input-array" count="22">
            <param name="TIME" type="float"/>
          </accessor>
        </technique_common>
      </source>
      <source id="mixamorig_L_C_skirt1-Matrix-animation-output-transform">
        <float_array id="mixamorig_L_C_skirt1-Matrix-animation-output-transform-array" count="352">

0.035066 0.292039 0.955763 12.441200 -0.989026 0.147481 -0.008777 4.607000 -0.143520 -0.944967 0.294006 -11.833000 0.000000 0.000000 0.000000 1.000000
0.035066 0.292039 0.955763 12.441200 -0.989026 0.147481 -0.008777 4.607000 -0.143520 -0.944967 0.294006 -11.833000 0.000000 0.000000 0.000000 1.000000
0.035066 0.292039 0.955763 12.441200 -0.989026 0.147481 -0.008777 4.607000 -0.143520 -0.944967 0.294006 -11.833000 0.000000 0.000000 0.000000 1.000000
0.035066 0.292039 0.955763 12.441200 -0.989026 0.147481 -0.008777 4.607000 -0.143520 -0.944967 0.294006 -11.833000 0.000000 0.000000 0.000000 1.000000
0.035066 0.292039 0.955763 12.441200 -0.989026 0.147481 -0.008777 4.607000 -0.143520 -0.944967 0.294006 -11.833000 0.000000 0.000000 0.000000 1.000000
0.035066 0.292039 0.955763 12.441200 -0.989026 0.147481 -0.008777 4.607000 -0.143520 -0.944967 0.294006 -11.833000 0.000000 0.000000 0.000000 1.000000
0.035066 0.292039 0.955763 12.441200 -0.989026 0.147481 -0.008777 4.607000 -0.143520 -0.944967 0.294006 -11.833000 0.000000 0.000000 0.000000 1.000000
0.035066 0.292039 0.955763 12.441200 -0.989026 0.147481 -0.008777 4.607000 -0.143520 -0.944967 0.294006 -11.833000 0.000000 0.000000 0.000000 1.000000
0.035066 0.292039 0.955763 12.441200 -0.989026 0.147481 -0.008777 4.607000 -0.143520 -0.944967 0.294006 -11.833000 0.000000 0.000000 0.000000 1.000000
0.035066 0.292039 0.955763 12.441200 -0.989026 0.147481 -0.008777 4.607000 -0.143520 -0.944967 0.294006 -11.833000 0.000000 0.000000 0.000000 1.000000
0.035066 0.292039 0.955763 12.441200 -0.989026 0.147481 -0.008777 4.607000 -0.143520 -0.944967 0.294006 -11.833000 0.000000 0.000000 0.000000 1.000000
0.035066 0.292039 0.955763 12.441200 -0.989026 0.147481 -0.008777 4.607000 -0.143520 -0.944967 0.294006 -11.833000 0.000000 0.000000 0.000000 1.000000
0.035066 0.292039 0.955763 12.441200 -0.989026 0.147481 -0.008777 4.607000 -0.143520 -0.944967 0.294006 -11.833000 0.000000 0.000000 0.000000 1.000000
0.035066 0.292039 0.955763 12.441200 -0.989026 0.147481 -0.008777 4.607000 -0.143520 -0.944967 0.294006 -11.833000 0.000000 0.000000 0.000000 1.000000
0.035066 0.292039 0.955763 12.441200 -0.989026 0.147481 -0.008777 4.607000 -0.143520 -0.944967 0.294006 -11.833000 0.000000 0.000000 0.000000 1.000000
0.035066 0.292039 0.955763 12.441200 -0.989026 0.147481 -0.008777 4.607000 -0.143520 -0.944967 0.294006 -11.833000 0.000000 0.000000 0.000000 1.000000
0.035066 0.292039 0.955763 12.441200 -0.989026 0.147481 -0.008777 4.607000 -0.143520 -0.944967 0.294006 -11.833000 0.000000 0.000000 0.000000 1.000000
0.035066 0.292039 0.955763 12.441200 -0.989026 0.147481 -0.008777 4.607000 -0.143520 -0.944967 0.294006 -11.833000 0.000000 0.000000 0.000000 1.000000
0.035066 0.292039 0.955763 12.441200 -0.989026 0.147481 -0.008777 4.607000 -0.143520 -0.944967 0.294006 -11.833000 0.000000 0.000000 0.000000 1.000000
0.035066 0.292039 0.955763 12.441200 -0.989026 0.147481 -0.008777 4.607000 -0.143520 -0.944967 0.294006 -11.833000 0.000000 0.000000 0.000000 1.000000
0.035066 0.292039 0.955763 12.441200 -0.989026 0.147481 -0.008777 4.607000 -0.143520 -0.944967 0.294006 -11.833000 0.000000 0.000000 0.000000 1.000000
0.035066 0.292039 0.955763 12.441200 -0.989026 0.147481 -0.008777 4.607000 -0.143520 -0.944967 0.294006 -11.833000 0.000000 0.000000 0.000000 1.000000</float_array>
        <technique_common>
          <accessor source="#mixamorig_L_C_skirt1-Matrix-animation-output-transform-array" count="22" stride="16">
            <param type="float4x4"/>
          </accessor>
        </technique_common>
      </source>
      <source id="mixamorig_L_C_skirt1-Interpolations">
        <Name_array id="mixamorig_L_C_skirt1-Interpolations-array" count="22">
 LINEAR LINEAR LINEAR LINEAR LINEAR LINEAR LINEAR LINEAR LINEAR LINEAR LINEAR
LINEAR LINEAR LINEAR LINEAR LINEAR LINEAR LINEAR LINEAR LINEAR LINEAR LINEAR</Name_array>
        <technique_common>
          <accessor source="#mixamorig_L_C_skirt1-Interpolations-array" count="22">
            <param type="name"/>
          </accessor>
        </technique_common>
      </source>
      <sampler id="mixamorig_L_C_skirt1-Matrix-animation-transform">
        <input semantic="INPUT" source="#mixamorig_L_C_skirt1-Matrix-animation-input"/>
        <input semantic="OUTPUT" source="#mixamorig_L_C_skirt1-Matrix-animation-output-transform"/>
        <input semantic="INTERPOLATION" source="#mixamorig_L_C_skirt1-Interpolations"/>
      </sampler>
      <channel source="#mixamorig_L_C_skirt1-Matrix-animation-transform" target="mixamorig_L_C_skirt1/matrix"/>
    </animation>
    <animation id="mixamorig_L_C_skirt2-anim" name="mixamorig_L_C_skirt2">
      <source id="mixamorig_L_C_skirt2-Matrix-animation-input">
        <float_array id="mixamorig_L_C_skirt2-Matrix-animation-input-array" count="22">

0.000000 0.033333 0.066667 0.100000 0.133333 0.166667 0.200000 0.233333 0.266667 0.300000 0.333333 0.366667 0.400000 0.433333 0.466667 0.500000
0.533333 0.566667 0.600000 0.633333 0.666667 0.700000</float_array>
        <technique_common>
          <accessor source="#mixamorig_L_C_skirt2-Matrix-animation-input-array" count="22">
            <param name="TIME" type="float"/>
          </accessor>
        </technique_common>
      </source>
      <source id="mixamorig_L_C_skirt2-Matrix-animation-output-transform">
        <float_array id="mixamorig_L_C_skirt2-Matrix-animation-output-transform-array" count="352">

1.000000 -0.000000 -0.000000 27.657801 0.000000 1.000000 -0.000000 0.000000 -0.000000 0.000000 1.000000 0.000000 0.000000 0.000000 0.000000 1.000000
1.000000 0.000000 0.000000 27.657801 0.000000 1.000000 -0.000000 0.000000 0.000000 0.000000 1.000000 -0.000000 0.000000 0.000000 0.000000 1.000000
1.000000 0.000000 -0.000000 27.657801 0.000000 1.000000 0.000000 -0.000000 0.000000 0.000000 1.000000 -0.000000 0.000000 0.000000 0.000000 1.000000
1.000000 0.000000 0.000000 27.657801 -0.000000 1.000000 0.000000 0.000000 0.000000 0.000000 1.000000 0.000000 0.000000 0.000000 0.000000 1.000000
1.000000 0.000000 -0.000000 27.657801 0.000000 1.000000 0.000000 0.000000 -0.000000 0.000000 1.000000 0.000000 0.000000 0.000000 0.000000 1.000000
1.000000 0.000000 0.000000 27.657801 -0.000000 1.000000 0.000000 0.000000 0.000000 0.000000 1.000000 0.000000 0.000000 0.000000 0.000000 1.000000
1.000000 -0.000000 -0.000000 27.657801 0.000000 1.000000 0.000000 0.000000 -0.000000 -0.000000 1.000000 0.000000 0.000000 0.000000 0.000000 1.000000
1.000000 -0.000000 0.000000 27.657801 -0.000000 1.000000 0.000000 -0.000000 0.000000 0.000000 1.000000 0.000000 0.000000 0.000000 0.000000 1.000000
1.000000 0.000000 -0.000000 27.657801 0.000000 1.000000 0.000000 0.000000 0.000000 0.000000 1.000000 -0.000000 0.000000 0.000000 0.000000 1.000000
1.000000 0.000000 -0.000000 27.657801 0.000000 1.000000 0.000000 -0.000000 0.000000 0.000000 1.000000 -0.000000 0.000000 0.000000 0.000000 1.000000
1.000000 -0.000000 -0.000000 27.657801 -0.000000 1.000000 0.000000 0.000000 0.000000 0.000000 1.000000 0.000000 0.000000 0.000000 0.000000 1.000000
1.000000 -0.000000 0.000000 27.657801 0.000000 1.000000 -0.000000 0.000000 -0.000000 0.000000 1.000000 0.000000 0.000000 0.000000 0.000000 1.000000
1.000000 -0.000000 0.000000 27.657801 -0.000000 1.000000 -0.000000 0.000000 0.000000 0.000000 1.000000 0.000000 0.000000 0.000000 0.000000 1.000000
1.000000 0.000000 -0.000000 27.657801 0.000000 1.000000 -0.000000 0.000000 0.000000 -0.000000 1.000000 0.000000 0.000000 0.000000 0.000000 1.000000
1.000000 0.000000 -0.000000 27.657801 -0.000000 1.000000 0.000000 -0.000000 0.000000 0.000000 1.000000 0.000000 0.000000 0.000000 0.000000 1.000000
1.000000 0.000000 -0.000000 27.657801 -0.000000 1.000000 0.000000 0.000000 0.000000 -0.000000 1.000000 -0.000000 0.000000 0.000000 0.000000 1.000000
1.000000 -0.000000 0.000000 27.657801 -0.000000 1.000000 0.000000 0.000000 -0.000000 0.000000 1.000000 -0.000000 0.000000 0.000000 0.000000 1.000000
1.000000 -0.000000 0.000000 27.657801 0.000000 1.000000 0.000000 0.000000 0.000000 0.000000 1.000000 0.000000 0.000000 0.000000 0.000000 1.000000
1.000000 0.000000 0.000000 27.657801 0.000000 1.000000 -0.000000 0.000000 -0.000000 0.000000 1.000000 -0.000000 0.000000 0.000000 0.000000 1.000000
1.000000 0.000000 -0.000000 27.657801 -0.000000 1.000000 0.000000 0.000000 -0.000000 -0.000000 1.000000 -0.000000 0.000000 0.000000 0.000000 1.000000
1.000000 0.000000 0.000000 27.657801 -0.000000 1.000000 -0.000000 0.000000 -0.000000 0.000000 1.000000 -0.000000 0.000000 0.000000 0.000000 1.000000
1.000000 0.000000 0.000000 27.657801 0.000000 1.000000 0.000000 -0.000000 -0.000000 0.000000 1.000000 0.000000 0.000000 0.000000 0.000000 1.000000</float_array>
        <technique_common>
          <accessor source="#mixamorig_L_C_skirt2-Matrix-animation-output-transform-array" count="22" stride="16">
            <param type="float4x4"/>
          </accessor>
        </technique_common>
      </source>
      <source id="mixamorig_L_C_skirt2-Interpolations">
        <Name_array id="mixamorig_L_C_skirt2-Interpolations-array" count="22">
 LINEAR LINEAR LINEAR LINEAR LINEAR LINEAR LINEAR LINEAR LINEAR LINEAR LINEAR
LINEAR LINEAR LINEAR LINEAR LINEAR LINEAR LINEAR LINEAR LINEAR LINEAR LINEAR</Name_array>
        <technique_common>
          <accessor source="#mixamorig_L_C_skirt2-Interpolations-array" count="22">
            <param type="name"/>
          </accessor>
        </technique_common>
      </source>
      <sampler id="mixamorig_L_C_skirt2-Matrix-animation-transform">
        <input semantic="INPUT" source="#mixamorig_L_C_skirt2-Matrix-animation-input"/>
        <input semantic="OUTPUT" source="#mixamorig_L_C_skirt2-Matrix-animation-output-transform"/>
        <input semantic="INTERPOLATION" source="#mixamorig_L_C_skirt2-Interpolations"/>
      </sampler>
      <channel source="#mixamorig_L_C_skirt2-Matrix-animation-transform" target="mixamorig_L_C_skirt2/matrix"/>
    </animation>
    <animation id="mixamorig_L_C_skirt3-anim" name="mixamorig_L_C_skirt3">
      <source id="mixamorig_L_C_skirt3-Matrix-animation-input">
        <float_array id="mixamorig_L_C_skirt3-Matrix-animation-input-array" count="22">

0.000000 0.033333 0.066667 0.100000 0.133333 0.166667 0.200000 0.233333 0.266667 0.300000 0.333333 0.366667 0.400000 0.433333 0.466667 0.500000
0.533333 0.566667 0.600000 0.633333 0.666667 0.700000</float_array>
        <technique_common>
          <accessor source="#mixamorig_L_C_skirt3-Matrix-animation-input-array" count="22">
            <param name="TIME" type="float"/>
          </accessor>
        </technique_common>
      </source>
      <source id="mixamorig_L_C_skirt3-Matrix-animation-output-transform">
        <float_array id="mixamorig_L_C_skirt3-Matrix-animation-output-transform-array" count="352">

1.000000 0.000000 0.000000 23.970100 0.000000 1.000000 -0.000000 0.000000 -0.000000 0.000000 1.000000 -0.000000 0.000000 0.000000 0.000000 1.000000
1.000000 0.000000 -0.000000 23.970100 0.000000 1.000000 0.000000 0.000000 0.000000 0.000000 1.000000 0.000000 0.000000 0.000000 0.000000 1.000000
1.000000 0.000000 -0.000000 23.970100 -0.000000 1.000000 -0.000000 -0.000000 0.000000 0.000000 1.000000 -0.000000 0.000000 0.000000 0.000000 1.000000
1.000000 -0.000000 -0.000000 23.970100 0.000000 1.000000 0.000000 0.000000 -0.000000 0.000000 1.000000 0.000000 0.000000 0.000000 0.000000 1.000000
1.000000 0.000000 -0.000000 23.970100 0.000000 1.000000 0.000000 0.000000 -0.000000 0.000000 1.000000 0.000000 0.000000 0.000000 0.000000 1.000000
1.000000 0.000000 0.000000 23.970100 0.000000 1.000000 0.000000 0.000000 -0.000000 0.000000 1.000000 0.000000 0.000000 0.000000 0.000000 1.000000
1.000000 -0.000000 0.000000 23.970100 0.000000 1.000000 0.000000 0.000000 0.000000 0.000000 1.000000 0.000000 0.000000 0.000000 0.000000 1.000000
1.000000 0.000000 -0.000000 23.970100 -0.000000 1.000000 0.000000 0.000000 -0.000000 0.000000 1.000000 0.000000 0.000000 0.000000 0.000000 1.000000
1.000000 -0.000000 0.000000 23.970100 -0.000000 1.000000 0.000000 -0.000000 0.000000 0.000000 1.000000 -0.000000 0.000000 0.000000 0.000000 1.000000
1.000000 -0.000000 0.000000 23.970100 0.000000 1.000000 -0.000000 0.000000 0.000000 -0.000000 1.000000 -0.000000 0.000000 0.000000 0.000000 1.000000
1.000000 -0.000000 -0.000000 23.970100 -0.000000 1.000000 0.000000 0.000000 -0.000000 0.000000 1.000000 0.000000 0.000000 0.000000 0.000000 1.000000
1.000000 0.000000 -0.000000 23.970100 0.000000 1.000000 0.000000 0.000000 -0.000000 -0.000000 1.000000 0.000000 0.000000 0.000000 0.000000 1.000000
1.000000 0.000000 -0.000000 23.970100 -0.000000 1.000000 0.000000 0.000000 0.000000 0.000000 1.000000 0.000000 0.000000 0.000000 0.000000 1.000000
1.000000 -0.000000 -0.000000 23.970100 0.000000 1.000000 -0.000000 0.000000 -0.000000 0.000000 1.000000 0.000000 0.000000 0.000000 0.000000 1.000000
1.000000 0.000000 0.000000 23.970100 -0.000000 1.000000 0.000000 -0.000000 0.000000 0.000000 1.000000 0.000000 0.000000 0.000000 0.000000 1.000000
1.000000 0.000000 -0.000000 23.970100 -0.000000 1.000000 0.000000 0.000000 -0.000000 -0.000000 1.000000 0.000000 0.000000 0.000000 0.000000 1.000000
1.000000 0.000000 0.000000 23.970100 -0.000000 1.000000 0.000000 0.000000 0.000000 0.000000 1.000000 0.000000 0.000000 0.000000 0.000000 1.000000
1.000000 -0.000000 0.000000 23.970100 -0.000000 1.000000 0.000000 0.000000 0.000000 0.000000 1.000000 -0.000000 0.000000 0.000000 0.000000 1.000000
1.000000 0.000000 -0.000000 23.970100 0.000000 1.000000 -0.000000 0.000000 0.000000 0.000000 1.000000 0.000000 0.000000 0.000000 0.000000 1.000000
1.000000 0.000000 -0.000000 23.970100 -0.000000 1.000000 0.000000 0.000000 -0.000000 0.000000 1.000000 -0.000000 0.000000 0.000000 0.000000 1.000000
1.000000 0.000000 0.000000 23.970100 0.000000 1.000000 -0.000000 0.000000 0.000000 0.000000 1.000000 0.000000 0.000000 0.000000 0.000000 1.000000
1.000000 -0.000000 0.000000 23.970100 -0.000000 1.000000 0.000000 -0.000000 -0.000000 0.000000 1.000000 0.000000 0.000000 0.000000 0.000000 1.000000</float_array>
        <technique_common>
          <accessor source="#mixamorig_L_C_skirt3-Matrix-animation-output-transform-array" count="22" stride="16">
            <param type="float4x4"/>
          </accessor>
        </technique_common>
      </source>
      <source id="mixamorig_L_C_skirt3-Interpolations">
        <Name_array id="mixamorig_L_C_skirt3-Interpolations-array" count="22">
 LINEAR LINEAR LINEAR LINEAR LINEAR LINEAR LINEAR LINEAR LINEAR LINEAR LINEAR
LINEAR LINEAR LINEAR LINEAR LINEAR LINEAR LINEAR LINEAR LINEAR LINEAR LINEAR</Name_array>
        <technique_common>
          <accessor source="#mixamorig_L_C_skirt3-Interpolations-array" count="22">
            <param type="name"/>
          </accessor>
        </technique_common>
      </source>
      <sampler id="mixamorig_L_C_skirt3-Matrix-animation-transform">
        <input semantic="INPUT" source="#mixamorig_L_C_skirt3-Matrix-animation-input"/>
        <input semantic="OUTPUT" source="#mixamorig_L_C_skirt3-Matrix-animation-output-transform"/>
        <input semantic="INTERPOLATION" source="#mixamorig_L_C_skirt3-Interpolations"/>
      </sampler>
      <channel source="#mixamorig_L_C_skirt3-Matrix-animation-transform" target="mixamorig_L_C_skirt3/matrix"/>
    </animation>
    <animation id="mixamorig_L_A_skirt1-anim" name="mixamorig_L_A_skirt1">
      <source id="mixamorig_L_A_skirt1-Matrix-animation-input">
        <float_array id="mixamorig_L_A_skirt1-Matrix-animation-input-array" count="22">

0.000000 0.033333 0.066667 0.100000 0.133333 0.166667 0.200000 0.233333 0.266667 0.300000 0.333333 0.366667 0.400000 0.433333 0.466667 0.500000
0.533333 0.566667 0.600000 0.633333 0.666667 0.700000</float_array>
        <technique_common>
          <accessor source="#mixamorig_L_A_skirt1-Matrix-animation-input-array" count="22">
            <param name="TIME" type="float"/>
          </accessor>
        </technique_common>
      </source>
      <source id="mixamorig_L_A_skirt1-Matrix-animation-output-transform">
        <float_array id="mixamorig_L_A_skirt1-Matrix-animation-output-transform-array" count="352">

0.142123 0.623442 -0.768844 18.178400 -0.988646 0.051128 -0.141295 3.981100 -0.048780 0.780196 0.623630 19.504801 0.000000 0.000000 0.000000 1.000000
0.142123 0.623442 -0.768844 18.178400 -0.988646 0.051128 -0.141295 3.981100 -0.048780 0.780196 0.623630 19.504801 0.000000 0.000000 0.000000 1.000000
0.142123 0.623442 -0.768844 18.178400 -0.988646 0.051128 -0.141295 3.981100 -0.048780 0.780196 0.623630 19.504801 0.000000 0.000000 0.000000 1.000000
0.142123 0.623442 -0.768844 18.178400 -0.988646 0.051128 -0.141295 3.981100 -0.048780 0.780196 0.623630 19.504801 0.000000 0.000000 0.000000 1.000000
0.142123 0.623442 -0.768844 18.178400 -0.988646 0.051128 -0.141295 3.981100 -0.048780 0.780196 0.623630 19.504801 0.000000 0.000000 0.000000 1.000000
0.142123 0.623442 -0.768844 18.178400 -0.988646 0.051128 -0.141295 3.981100 -0.048780 0.780196 0.623630 19.504801 0.000000 0.000000 0.000000 1.000000
0.142123 0.623442 -0.768844 18.178400 -0.988646 0.051128 -0.141295 3.981100 -0.048780 0.780196 0.623630 19.504801 0.000000 0.000000 0.000000 1.000000
0.142123 0.623442 -0.768844 18.178400 -0.988646 0.051128 -0.141295 3.981100 -0.048780 0.780196 0.623630 19.504801 0.000000 0.000000 0.000000 1.000000
0.142123 0.623442 -0.768844 18.178400 -0.988646 0.051128 -0.141295 3.981100 -0.048780 0.780196 0.623630 19.504801 0.000000 0.000000 0.000000 1.000000
0.142123 0.623442 -0.768844 18.178400 -0.988646 0.051128 -0.141295 3.981100 -0.048780 0.780196 0.623630 19.504801 0.000000 0.000000 0.000000 1.000000
0.142123 0.623442 -0.768844 18.178400 -0.988646 0.051128 -0.141295 3.981100 -0.048780 0.780196 0.623630 19.504801 0.000000 0.000000 0.000000 1.000000
0.142123 0.623442 -0.768844 18.178400 -0.988646 0.051128 -0.141295 3.981100 -0.048780 0.780196 0.623630 19.504801 0.000000 0.000000 0.000000 1.000000
0.142123 0.623442 -0.768844 18.178400 -0.988646 0.051128 -0.141295 3.981100 -0.048780 0.780196 0.623630 19.504801 0.000000 0.000000 0.000000 1.000000
0.142123 0.623442 -0.768844 18.178400 -0.988646 0.051128 -0.141295 3.981100 -0.048780 0.780196 0.623630 19.504801 0.000000 0.000000 0.000000 1.000000
0.142123 0.623442 -0.768844 18.178400 -0.988646 0.051128 -0.141295 3.981100 -0.048780 0.780196 0.623630 19.504801 0.000000 0.000000 0.000000 1.000000
0.142123 0.623442 -0.768844 18.178400 -0.988646 0.051128 -0.141295 3.981100 -0.048780 0.780196 0.623630 19.504801 0.000000 0.000000 0.000000 1.000000
0.142123 0.623442 -0.768844 18.178400 -0.988646 0.051128 -0.141295 3.981100 -0.048780 0.780196 0.623630 19.504801 0.000000 0.000000 0.000000 1.000000
0.142123 0.623442 -0.768844 18.178400 -0.988646 0.051128 -0.141295 3.981100 -0.048780 0.780196 0.623630 19.504801 0.000000 0.000000 0.000000 1.000000
0.142123 0.623442 -0.768844 18.178400 -0.988646 0.051128 -0.141295 3.981100 -0.048780 0.780196 0.623630 19.504801 0.000000 0.000000 0.000000 1.000000
0.142123 0.623442 -0.768844 18.178400 -0.988646 0.051128 -0.141295 3.981100 -0.048780 0.780196 0.623630 19.504801 0.000000 0.000000 0.000000 1.000000
0.142123 0.623442 -0.768844 18.178400 -0.988646 0.051128 -0.141295 3.981100 -0.048780 0.780196 0.623630 19.504801 0.000000 0.000000 0.000000 1.000000
0.142123 0.623442 -0.768844 18.178400 -0.988646 0.051128 -0.141295 3.981100 -0.048780 0.780196 0.623630 19.504801 0.000000 0.000000 0.000000 1.000000</float_array>
        <technique_common>
          <accessor source="#mixamorig_L_A_skirt1-Matrix-animation-output-transform-array" count="22" stride="16">
            <param type="float4x4"/>
          </accessor>
        </technique_common>
      </source>
      <source id="mixamorig_L_A_skirt1-Interpolations">
        <Name_array id="mixamorig_L_A_skirt1-Interpolations-array" count="22">
 LINEAR LINEAR LINEAR LINEAR LINEAR LINEAR LINEAR LINEAR LINEAR LINEAR LINEAR
LINEAR LINEAR LINEAR LINEAR LINEAR LINEAR LINEAR LINEAR LINEAR LINEAR LINEAR</Name_array>
        <technique_common>
          <accessor source="#mixamorig_L_A_skirt1-Interpolations-array" count="22">
            <param type="name"/>
          </accessor>
        </technique_common>
      </source>
      <sampler id="mixamorig_L_A_skirt1-Matrix-animation-transform">
        <input semantic="INPUT" source="#mixamorig_L_A_skirt1-Matrix-animation-input"/>
        <input semantic="OUTPUT" source="#mixamorig_L_A_skirt1-Matrix-animation-output-transform"/>
        <input semantic="INTERPOLATION" source="#mixamorig_L_A_skirt1-Interpolations"/>
      </sampler>
      <channel source="#mixamorig_L_A_skirt1-Matrix-animation-transform" target="mixamorig_L_A_skirt1/matrix"/>
    </animation>
    <animation id="mixamorig_L_A_skirt2-anim" name="mixamorig_L_A_skirt2">
      <source id="mixamorig_L_A_skirt2-Matrix-animation-input">
        <float_array id="mixamorig_L_A_skirt2-Matrix-animation-input-array" count="22">

0.000000 0.033333 0.066667 0.100000 0.133333 0.166667 0.200000 0.233333 0.266667 0.300000 0.333333 0.366667 0.400000 0.433333 0.466667 0.500000
0.533333 0.566667 0.600000 0.633333 0.666667 0.700000</float_array>
        <technique_common>
          <accessor source="#mixamorig_L_A_skirt2-Matrix-animation-input-array" count="22">
            <param name="TIME" type="float"/>
          </accessor>
        </technique_common>
      </source>
      <source id="mixamorig_L_A_skirt2-Matrix-animation-output-transform">
        <float_array id="mixamorig_L_A_skirt2-Matrix-animation-output-transform-array" count="352">

1.000000 -0.000000 0.000000 27.335699 0.000000 1.000000 0.000000 0.000000 -0.000000 -0.000000 1.000000 0.000000 0.000000 0.000000 0.000000 1.000000
1.000000 -0.000000 0.000000 27.335699 0.000000 1.000000 0.000000 0.000000 -0.000000 0.000000 1.000000 -0.000000 0.000000 0.000000 0.000000 1.000000
1.000000 -0.000000 0.000000 27.335699 -0.000000 1.000000 -0.000000 0.000000 0.000000 -0.000000 1.000000 0.000000 0.000000 0.000000 0.000000 1.000000
1.000000 -0.000000 -0.000000 27.335699 0.000000 1.000000 -0.000000 0.000000 -0.000000 -0.000000 1.000000 0.000000 0.000000 0.000000 0.000000 1.000000
1.000000 -0.000000 -0.000000 27.335699 0.000000 1.000000 -0.000000 0.000000 -0.000000 0.000000 1.000000 0.000000 0.000000 0.000000 0.000000 1.000000
1.000000 -0.000000 0.000000 27.335699 -0.000000 1.000000 0.000000 0.000000 0.000000 0.000000 1.000000 0.000000 0.000000 0.000000 0.000000 1.000000
1.000000 -0.000000 -0.000000 27.335699 0.000000 1.000000 0.000000 0.000000 -0.000000 -0.000000 1.000000 -0.000000 0.000000 0.000000 0.000000 1.000000
1.000000 -0.000000 0.000000 27.335699 0.000000 1.000000 -0.000000 0.000000 -0.000000 0.000000 1.000000 -0.000000 0.000000 0.000000 0.000000 1.000000
1.000000 0.000000 0.000000 27.335699 -0.000000 1.000000 0.000000 0.000000 0.000000 -0.000000 1.000000 -0.000000 0.000000 0.000000 0.000000 1.000000
1.000000 -0.000000 -0.000000 27.335699 -0.000000 1.000000 0.000000 0.000000 0.000000 0.000000 1.000000 -0.000000 0.000000 0.000000 0.000000 1.000000
1.000000 0.000000 -0.000000 27.335699 -0.000000 1.000000 0.000000 0.000000 0.000000 0.000000 1.000000 0.000000 0.000000 0.000000 0.000000 1.000000
1.000000 0.000000 0.000000 27.335699 0.000000 1.000000 -0.000000 0.000000 -0.000000 -0.000000 1.000000 0.000000 0.000000 0.000000 0.000000 1.000000
1.000000 0.000000 -0.000000 27.335699 0.000000 1.000000 0.000000 0.000000 0.000000 0.000000 1.000000 -0.000000 0.000000 0.000000 0.000000 1.000000
1.000000 -0.000000 0.000000 27.335699 -0.000000 1.000000 0.000000 0.000000 -0.000000 0.000000 1.000000 -0.000000 0.000000 0.000000 0.000000 1.000000
1.000000 -0.000000 -0.000000 27.335699 0.000000 1.000000 0.000000 0.000000 -0.000000 -0.000000 1.000000 -0.000000 0.000000 0.000000 0.000000 1.000000
1.000000 0.000000 0.000000 27.335699 -0.000000 1.000000 -0.000000 0.000000 -0.000000 -0.000000 1.000000 0.000000 0.000000 0.000000 0.000000 1.000000
1.000000 -0.000000 0.000000 27.335699 0.000000 1.000000 -0.000000 0.000000 0.000000 0.000000 1.000000 -0.000000 0.000000 0.000000 0.000000 1.000000
1.000000 -0.000000 -0.000000 27.335699 -0.000000 1.000000 -0.000000 0.000000 -0.000000 0.000000 1.000000 -0.000000 0.000000 0.000000 0.000000 1.000000
1.000000 0.000000 0.000000 27.335699 -0.000000 1.000000 0.000000 0.000000 -0.000000 0.000000 1.000000 0.000000 0.000000 0.000000 0.000000 1.000000
1.000000 -0.000000 -0.000000 27.335699 -0.000000 1.000000 -0.000000 0.000000 0.000000 -0.000000 1.000000 -0.000000 0.000000 0.000000 0.000000 1.000000
1.000000 -0.000000 -0.000000 27.335699 0.000000 1.000000 -0.000000 0.000000 0.000000 0.000000 1.000000 -0.000000 0.000000 0.000000 0.000000 1.000000
1.000000 0.000000 -0.000000 27.335699 -0.000000 1.000000 0.000000 0.000000 0.000000 0.000000 1.000000 0.000000 0.000000 0.000000 0.000000 1.000000</float_array>
        <technique_common>
          <accessor source="#mixamorig_L_A_skirt2-Matrix-animation-output-transform-array" count="22" stride="16">
            <param type="float4x4"/>
          </accessor>
        </technique_common>
      </source>
      <source id="mixamorig_L_A_skirt2-Interpolations">
        <Name_array id="mixamorig_L_A_skirt2-Interpolations-array" count="22">
 LINEAR LINEAR LINEAR LINEAR LINEAR LINEAR LINEAR LINEAR LINEAR LINEAR LINEAR
LINEAR LINEAR LINEAR LINEAR LINEAR LINEAR LINEAR LINEAR LINEAR LINEAR LINEAR</Name_array>
        <technique_common>
          <accessor source="#mixamorig_L_A_skirt2-Interpolations-array" count="22">
            <param type="name"/>
          </accessor>
        </technique_common>
      </source>
      <sampler id="mixamorig_L_A_skirt2-Matrix-animation-transform">
        <input semantic="INPUT" source="#mixamorig_L_A_skirt2-Matrix-animation-input"/>
        <input semantic="OUTPUT" source="#mixamorig_L_A_skirt2-Matrix-animation-output-transform"/>
        <input semantic="INTERPOLATION" source="#mixamorig_L_A_skirt2-Interpolations"/>
      </sampler>
      <channel source="#mixamorig_L_A_skirt2-Matrix-animation-transform" target="mixamorig_L_A_skirt2/matrix"/>
    </animation>
    <animation id="mixamorig_L_A_skirt3-anim" name="mixamorig_L_A_skirt3">
      <source id="mixamorig_L_A_skirt3-Matrix-animation-input">
        <float_array id="mixamorig_L_A_skirt3-Matrix-animation-input-array" count="22">

0.000000 0.033333 0.066667 0.100000 0.133333 0.166667 0.200000 0.233333 0.266667 0.300000 0.333333 0.366667 0.400000 0.433333 0.466667 0.500000
0.533333 0.566667 0.600000 0.633333 0.666667 0.700000</float_array>
        <technique_common>
          <accessor source="#mixamorig_L_A_skirt3-Matrix-animation-input-array" count="22">
            <param name="TIME" type="float"/>
          </accessor>
        </technique_common>
      </source>
      <source id="mixamorig_L_A_skirt3-Matrix-animation-output-transform">
        <float_array id="mixamorig_L_A_skirt3-Matrix-animation-output-transform-array" count="352">

1.000000 -0.000000 0.000000 27.066099 -0.000000 1.000000 0.000000 0.000000 -0.000000 -0.000000 1.000000 0.000000 0.000000 0.000000 0.000000 1.000000
1.000000 0.000000 0.000000 27.066099 -0.000000 1.000000 0.000000 0.000000 -0.000000 0.000000 1.000000 -0.000000 0.000000 0.000000 0.000000 1.000000
1.000000 0.000000 0.000000 27.066099 0.000000 1.000000 -0.000000 0.000000 -0.000000 0.000000 1.000000 -0.000000 0.000000 0.000000 0.000000 1.000000
1.000000 -0.000000 0.000000 27.066099 0.000000 1.000000 -0.000000 0.000000 -0.000000 0.000000 1.000000 -0.000000 0.000000 0.000000 0.000000 1.000000
1.000000 -0.000000 0.000000 27.066099 -0.000000 1.000000 0.000000 -0.000000 -0.000000 0.000000 1.000000 0.000000 0.000000 0.000000 0.000000 1.000000
1.000000 -0.000000 -0.000000 27.066099 0.000000 1.000000 0.000000 -0.000000 0.000000 0.000000 1.000000 0.000000 0.000000 0.000000 0.000000 1.000000
1.000000 -0.000000 0.000000 27.066099 0.000000 1.000000 0.000000 -0.000000 0.000000 0.000000 1.000000 0.000000 0.000000 0.000000 0.000000 1.000000
1.000000 -0.000000 0.000000 27.066099 0.000000 1.000000 -0.000000 0.000000 -0.000000 0.000000 1.000000 -0.000000 0.000000 0.000000 0.000000 1.000000
1.000000 0.000000 0.000000 27.066099 0.000000 1.000000 -0.000000 0.000000 0.000000 0.000000 1.000000 0.000000 0.000000 0.000000 0.000000 1.000000
1.000000 -0.000000 0.000000 27.066099 0.000000 1.000000 -0.000000 0.000000 -0.000000 -0.000000 1.000000 0.000000 0.000000 0.000000 0.000000 1.000000
1.000000 0.000000 -0.000000 27.066099 0.000000 1.000000 -0.000000 0.000000 -0.000000 0.000000 1.000000 0.000000 0.000000 0.000000 0.000000 1.000000
1.000000 -0.000000 0.000000 27.066099 -0.000000 1.000000 0.000000 -0.000000 -0.000000 -0.000000 1.000000 0.000000 0.000000 0.000000 0.000000 1.000000
1.000000 0.000000 -0.000000 27.066099 0.000000 1.000000 0.000000 -0.000000 0.000000 0.000000 1.000000 0.000000 0.000000 0.000000 0.000000 1.000000
1.000000 0.000000 0.000000 27.066099 0.000000 1.000000 0.000000 0.000000 0.000000 0.000000 1.000000 0.000000 0.000000 0.000000 0.000000 1.000000
1.000000 0.000000 0.000000 27.066099 0.000000 1.000000 0.000000 0.000000 -0.000000 -0.000000 1.000000 -0.000000 0.000000 0.000000 0.000000 1.000000
1.000000 -0.000000 0.000000 27.066099 0.000000 1.000000 0.000000 0.000000 -0.000000 0.000000 1.000000 0.000000 0.000000 0.000000 0.000000 1.000000
1.000000 0.000000 0.000000 27.066099 -0.000000 1.000000 0.000000 0.000000 0.000000 -0.000000 1.000000 0.000000 0.000000 0.000000 0.000000 1.000000
1.000000 -0.000000 0.000000 27.066099 -0.000000 1.000000 0.000000 0.000000 0.000000 0.000000 1.000000 -0.000000 0.000000 0.000000 0.000000 1.000000
1.000000 0.000000 -0.000000 27.066099 -0.000000 1.000000 0.000000 0.000000 -0.000000 0.000000 1.000000 0.000000 0.000000 0.000000 0.000000 1.000000
1.000000 -0.000000 0.000000 27.066099 -0.000000 1.000000 0.000000 0.000000 0.000000 -0.000000 1.000000 -0.000000 0.000000 0.000000 0.000000 1.000000
1.000000 -0.000000 0.000000 27.066099 0.000000 1.000000 0.000000 0.000000 0.000000 0.000000 1.000000 0.000000 0.000000 0.000000 0.000000 1.000000
1.000000 -0.000000 -0.000000 27.066099 0.000000 1.000000 0.000000 0.000000 0.000000 0.000000 1.000000 -0.000000 0.000000 0.000000 0.000000 1.000000</float_array>
        <technique_common>
          <accessor source="#mixamorig_L_A_skirt3-Matrix-animation-output-transform-array" count="22" stride="16">
            <param type="float4x4"/>
          </accessor>
        </technique_common>
      </source>
      <source id="mixamorig_L_A_skirt3-Interpolations">
        <Name_array id="mixamorig_L_A_skirt3-Interpolations-array" count="22">
 LINEAR LINEAR LINEAR LINEAR LINEAR LINEAR LINEAR LINEAR LINEAR LINEAR LINEAR
LINEAR LINEAR LINEAR LINEAR LINEAR LINEAR LINEAR LINEAR LINEAR LINEAR LINEAR</Name_array>
        <technique_common>
          <accessor source="#mixamorig_L_A_skirt3-Interpolations-array" count="22">
            <param type="name"/>
          </accessor>
        </technique_common>
      </source>
      <sampler id="mixamorig_L_A_skirt3-Matrix-animation-transform">
        <input semantic="INPUT" source="#mixamorig_L_A_skirt3-Matrix-animation-input"/>
        <input semantic="OUTPUT" source="#mixamorig_L_A_skirt3-Matrix-animation-output-transform"/>
        <input semantic="INTERPOLATION" source="#mixamorig_L_A_skirt3-Interpolations"/>
      </sampler>
      <channel source="#mixamorig_L_A_skirt3-Matrix-animation-transform" target="mixamorig_L_A_skirt3/matrix"/>
    </animation>
    <animation id="mixamorig_L_B_skirt1-anim" name="mixamorig_L_B_skirt1">
      <source id="mixamorig_L_B_skirt1-Matrix-animation-input">
        <float_array id="mixamorig_L_B_skirt1-Matrix-animation-input-array" count="22">

0.000000 0.033333 0.066667 0.100000 0.133333 0.166667 0.200000 0.233333 0.266667 0.300000 0.333333 0.366667 0.400000 0.433333 0.466667 0.500000
0.533333 0.566667 0.600000 0.633333 0.666667 0.700000</float_array>
        <technique_common>
          <accessor source="#mixamorig_L_B_skirt1-Matrix-animation-input-array" count="22">
            <param name="TIME" type="float"/>
          </accessor>
        </technique_common>
      </source>
      <source id="mixamorig_L_B_skirt1-Matrix-animation-output-transform">
        <float_array id="mixamorig_L_B_skirt1-Matrix-animation-output-transform-array" count="352">

0.142186 0.942169 0.303482 22.933800 -0.985105 0.164643 -0.049605 6.145800 -0.096702 -0.291908 0.951545 0.309300 0.000000 0.000000 0.000000 1.000000
0.142186 0.942169 0.303482 22.933800 -0.985105 0.164643 -0.049605 6.145800 -0.096702 -0.291908 0.951545 0.309300 0.000000 0.000000 0.000000 1.000000
0.142186 0.942169 0.303482 22.933800 -0.985105 0.164643 -0.049605 6.145800 -0.096702 -0.291908 0.951545 0.309300 0.000000 0.000000 0.000000 1.000000
0.142186 0.942169 0.303482 22.933800 -0.985105 0.164643 -0.049605 6.145800 -0.096702 -0.291908 0.951545 0.309300 0.000000 0.000000 0.000000 1.000000
0.142186 0.942169 0.303482 22.933800 -0.985105 0.164643 -0.049605 6.145800 -0.096702 -0.291908 0.951545 0.309300 0.000000 0.000000 0.000000 1.000000
0.142186 0.942169 0.303482 22.933800 -0.985105 0.164643 -0.049605 6.145800 -0.096702 -0.291908 0.951545 0.309300 0.000000 0.000000 0.000000 1.000000
0.142186 0.942169 0.303482 22.933800 -0.985105 0.164643 -0.049605 6.145800 -0.096702 -0.291908 0.951545 0.309300 0.000000 0.000000 0.000000 1.000000
0.142186 0.942169 0.303482 22.933800 -0.985105 0.164643 -0.049605 6.145800 -0.096702 -0.291908 0.951545 0.309300 0.000000 0.000000 0.000000 1.000000
0.142186 0.942169 0.303482 22.933800 -0.985105 0.164643 -0.049605 6.145800 -0.096702 -0.291908 0.951545 0.309300 0.000000 0.000000 0.000000 1.000000
0.142186 0.942169 0.303482 22.933800 -0.985105 0.164643 -0.049605 6.145800 -0.096702 -0.291908 0.951545 0.309300 0.000000 0.000000 0.000000 1.000000
0.142186 0.942169 0.303482 22.933800 -0.985105 0.164643 -0.049605 6.145800 -0.096702 -0.291908 0.951545 0.309300 0.000000 0.000000 0.000000 1.000000
0.142186 0.942169 0.303482 22.933800 -0.985105 0.164643 -0.049605 6.145800 -0.096702 -0.291908 0.951545 0.309300 0.000000 0.000000 0.000000 1.000000
0.142186 0.942169 0.303482 22.933800 -0.985105 0.164643 -0.049605 6.145800 -0.096702 -0.291908 0.951545 0.309300 0.000000 0.000000 0.000000 1.000000
0.142186 0.942169 0.303482 22.933800 -0.985105 0.164643 -0.049605 6.145800 -0.096702 -0.291908 0.951545 0.309300 0.000000 0.000000 0.000000 1.000000
0.142186 0.942169 0.303482 22.933800 -0.985105 0.164643 -0.049605 6.145800 -0.096702 -0.291908 0.951545 0.309300 0.000000 0.000000 0.000000 1.000000
0.142186 0.942169 0.303482 22.933800 -0.985105 0.164643 -0.049605 6.145800 -0.096702 -0.291908 0.951545 0.309300 0.000000 0.000000 0.000000 1.000000
0.142186 0.942169 0.303482 22.933800 -0.985105 0.164643 -0.049605 6.145800 -0.096702 -0.291908 0.951545 0.309300 0.000000 0.000000 0.000000 1.000000
0.142186 0.942169 0.303482 22.933800 -0.985105 0.164643 -0.049605 6.145800 -0.096702 -0.291908 0.951545 0.309300 0.000000 0.000000 0.000000 1.000000
0.142186 0.942169 0.303482 22.933800 -0.985105 0.164643 -0.049605 6.145800 -0.096702 -0.291908 0.951545 0.309300 0.000000 0.000000 0.000000 1.000000
0.142186 0.942169 0.303482 22.933800 -0.985105 0.164643 -0.049605 6.145800 -0.096702 -0.291908 0.951545 0.309300 0.000000 0.000000 0.000000 1.000000
0.142186 0.942169 0.303482 22.933800 -0.985105 0.164643 -0.049605 6.145800 -0.096702 -0.291908 0.951545 0.309300 0.000000 0.000000 0.000000 1.000000
0.142186 0.942169 0.303482 22.933800 -0.985105 0.164643 -0.049605 6.145800 -0.096702 -0.291908 0.951545 0.309300 0.000000 0.000000 0.000000 1.000000</float_array>
        <technique_common>
          <accessor source="#mixamorig_L_B_skirt1-Matrix-animation-output-transform-array" count="22" stride="16">
            <param type="float4x4"/>
          </accessor>
        </technique_common>
      </source>
      <source id="mixamorig_L_B_skirt1-Interpolations">
        <Name_array id="mixamorig_L_B_skirt1-Interpolations-array" count="22">
 LINEAR LINEAR LINEAR LINEAR LINEAR LINEAR LINEAR LINEAR LINEAR LINEAR LINEAR
LINEAR LINEAR LINEAR LINEAR LINEAR LINEAR LINEAR LINEAR LINEAR LINEAR LINEAR</Name_array>
        <technique_common>
          <accessor source="#mixamorig_L_B_skirt1-Interpolations-array" count="22">
            <param type="name"/>
          </accessor>
        </technique_common>
      </source>
      <sampler id="mixamorig_L_B_skirt1-Matrix-animation-transform">
        <input semantic="INPUT" source="#mixamorig_L_B_skirt1-Matrix-animation-input"/>
        <input semantic="OUTPUT" source="#mixamorig_L_B_skirt1-Matrix-animation-output-transform"/>
        <input semantic="INTERPOLATION" source="#mixamorig_L_B_skirt1-Interpolations"/>
      </sampler>
      <channel source="#mixamorig_L_B_skirt1-Matrix-animation-transform" target="mixamorig_L_B_skirt1/matrix"/>
    </animation>
    <animation id="mixamorig_L_B_skirt2-anim" name="mixamorig_L_B_skirt2">
      <source id="mixamorig_L_B_skirt2-Matrix-animation-input">
        <float_array id="mixamorig_L_B_skirt2-Matrix-animation-input-array" count="22">

0.000000 0.033333 0.066667 0.100000 0.133333 0.166667 0.200000 0.233333 0.266667 0.300000 0.333333 0.366667 0.400000 0.433333 0.466667 0.500000
0.533333 0.566667 0.600000 0.633333 0.666667 0.700000</float_array>
        <technique_common>
          <accessor source="#mixamorig_L_B_skirt2-Matrix-animation-input-array" count="22">
            <param name="TIME" type="float"/>
          </accessor>
        </technique_common>
      </source>
      <source id="mixamorig_L_B_skirt2-Matrix-animation-output-transform">
        <float_array id="mixamorig_L_B_skirt2-Matrix-animation-output-transform-array" count="352">

1.000000 0.000000 0.000000 27.083401 0.000000 1.000000 0.000000 0.000000 0.000000 -0.000000 1.000000 -0.000000 0.000000 0.000000 0.000000 1.000000
1.000000 -0.000000 0.000000 27.083401 0.000000 1.000000 0.000000 0.000000 -0.000000 -0.000000 1.000000 0.000000 0.000000 0.000000 0.000000 1.000000
1.000000 0.000000 -0.000000 27.083401 0.000000 1.000000 -0.000000 -0.000000 0.000000 0.000000 1.000000 0.000000 0.000000 0.000000 0.000000 1.000000
1.000000 0.000000 0.000000 27.083401 -0.000000 1.000000 0.000000 0.000000 0.000000 0.000000 1.000000 0.000000 0.000000 0.000000 0.000000 1.000000
1.000000 0.000000 0.000000 27.083401 -0.000000 1.000000 0.000000 0.000000 0.000000 0.000000 1.000000 0.000000 0.000000 0.000000 0.000000 1.000000
1.000000 -0.000000 -0.000000 27.083401 -0.000000 1.000000 -0.000000 0.000000 -0.000000 -0.000000 1.000000 -0.000000 0.000000 0.000000 0.000000 1.000000
1.000000 -0.000000 0.000000 27.083401 0.000000 1.000000 -0.000000 0.000000 0.000000 -0.000000 1.000000 -0.000000 0.000000 0.000000 0.000000 1.000000
1.000000 -0.000000 -0.000000 27.083401 0.000000 1.000000 0.000000 0.000000 -0.000000 0.000000 1.000000 0.000000 0.000000 0.000000 0.000000 1.000000
1.000000 -0.000000 -0.000000 27.083401 0.000000 1.000000 -0.000000 -0.000000 -0.000000 -0.000000 1.000000 -0.000000 0.000000 0.000000 0.000000 1.000000
1.000000 -0.000000 0.000000 27.083401 -0.000000 1.000000 0.000000 0.000000 -0.000000 -0.000000 1.000000 0.000000 0.000000 0.000000 0.000000 1.000000
1.000000 -0.000000 -0.000000 27.083401 -0.000000 1.000000 -0.000000 0.000000 -0.000000 -0.000000 1.000000 0.000000 0.000000 0.000000 0.000000 1.000000
1.000000 0.000000 -0.000000 27.083401 0.000000 1.000000 0.000000 0.000000 0.000000 0.000000 1.000000 0.000000 0.000000 0.000000 0.000000 1.000000
1.000000 -0.000000 0.000000 27.083401 0.000000 1.000000 -0.000000 0.000000 0.000000 0.000000 1.000000 0.000000 0.000000 0.000000 0.000000 1.000000
1.000000 0.000000 -0.000000 27.083401 0.000000 1.000000 -0.000000 0.000000 -0.000000 -0.000000 1.000000 -0.000000 0.000000 0.000000 0.000000 1.000000
1.000000 0.000000 0.000000 27.083401 -0.000000 1.000000 -0.000000 -0.000000 0.000000 0.000000 1.000000 -0.000000 0.000000 0.000000 0.000000 1.000000
1.000000 0.000000 -0.000000 27.083401 0.000000 1.000000 0.000000 -0.000000 -0.000000 -0.000000 1.000000 -0.000000 0.000000 0.000000 0.000000 1.000000
1.000000 0.000000 0.000000 27.083401 0.000000 1.000000 0.000000 0.000000 -0.000000 -0.000000 1.000000 0.000000 0.000000 0.000000 0.000000 1.000000
1.000000 0.000000 0.000000 27.083401 -0.000000 1.000000 0.000000 0.000000 -0.000000 0.000000 1.000000 0.000000 0.000000 0.000000 0.000000 1.000000
1.000000 -0.000000 -0.000000 27.083401 -0.000000 1.000000 -0.000000 0.000000 0.000000 -0.000000 1.000000 0.000000 0.000000 0.000000 0.000000 1.000000
1.000000 0.000000 0.000000 27.083401 -0.000000 1.000000 -0.000000 0.000000 0.000000 0.000000 1.000000 0.000000 0.000000 0.000000 0.000000 1.000000
1.000000 0.000000 -0.000000 27.083401 -0.000000 1.000000 0.000000 0.000000 -0.000000 0.000000 1.000000 0.000000 0.000000 0.000000 0.000000 1.000000
1.000000 0.000000 0.000000 27.083401 0.000000 1.000000 -0.000000 0.000000 -0.000000 -0.000000 1.000000 0.000000 0.000000 0.000000 0.000000 1.000000</float_array>
        <technique_common>
          <accessor source="#mixamorig_L_B_skirt2-Matrix-animation-output-transform-array" count="22" stride="16">
            <param type="float4x4"/>
          </accessor>
        </technique_common>
      </source>
      <source id="mixamorig_L_B_skirt2-Interpolations">
        <Name_array id="mixamorig_L_B_skirt2-Interpolations-array" count="22">
 LINEAR LINEAR LINEAR LINEAR LINEAR LINEAR LINEAR LINEAR LINEAR LINEAR LINEAR
LINEAR LINEAR LINEAR LINEAR LINEAR LINEAR LINEAR LINEAR LINEAR LINEAR LINEAR</Name_array>
        <technique_common>
          <accessor source="#mixamorig_L_B_skirt2-Interpolations-array" count="22">
            <param type="name"/>
          </accessor>
        </technique_common>
      </source>
      <sampler id="mixamorig_L_B_skirt2-Matrix-animation-transform">
        <input semantic="INPUT" source="#mixamorig_L_B_skirt2-Matrix-animation-input"/>
        <input semantic="OUTPUT" source="#mixamorig_L_B_skirt2-Matrix-animation-output-transform"/>
        <input semantic="INTERPOLATION" source="#mixamorig_L_B_skirt2-Interpolations"/>
      </sampler>
      <channel source="#mixamorig_L_B_skirt2-Matrix-animation-transform" target="mixamorig_L_B_skirt2/matrix"/>
    </animation>
    <animation id="mixamorig_L_B_skirt3-anim" name="mixamorig_L_B_skirt3">
      <source id="mixamorig_L_B_skirt3-Matrix-animation-input">
        <float_array id="mixamorig_L_B_skirt3-Matrix-animation-input-array" count="22">

0.000000 0.033333 0.066667 0.100000 0.133333 0.166667 0.200000 0.233333 0.266667 0.300000 0.333333 0.366667 0.400000 0.433333 0.466667 0.500000
0.533333 0.566667 0.600000 0.633333 0.666667 0.700000</float_array>
        <technique_common>
          <accessor source="#mixamorig_L_B_skirt3-Matrix-animation-input-array" count="22">
            <param name="TIME" type="float"/>
          </accessor>
        </technique_common>
      </source>
      <source id="mixamorig_L_B_skirt3-Matrix-animation-output-transform">
        <float_array id="mixamorig_L_B_skirt3-Matrix-animation-output-transform-array" count="352">

1.000000 0.000000 0.000000 26.734800 0.000000 1.000000 0.000000 0.000000 0.000000 -0.000000 1.000000 0.000000 0.000000 0.000000 0.000000 1.000000
1.000000 -0.000000 0.000000 26.734800 0.000000 1.000000 0.000000 0.000000 -0.000000 -0.000000 1.000000 0.000000 0.000000 0.000000 0.000000 1.000000
1.000000 0.000000 0.000000 26.734800 -0.000000 1.000000 -0.000000 0.000000 -0.000000 0.000000 1.000000 0.000000 0.000000 0.000000 0.000000 1.000000
1.000000 0.000000 -0.000000 26.734800 -0.000000 1.000000 0.000000 0.000000 0.000000 0.000000 1.000000 0.000000 0.000000 0.000000 0.000000 1.000000
1.000000 0.000000 0.000000 26.734800 0.000000 1.000000 -0.000000 0.000000 0.000000 0.000000 1.000000 0.000000 0.000000 0.000000 0.000000 1.000000
1.000000 -0.000000 -0.000000 26.734800 0.000000 1.000000 -0.000000 0.000000 -0.000000 0.000000 1.000000 -0.000000 0.000000 0.000000 0.000000 1.000000
1.000000 0.000000 0.000000 26.734800 0.000000 1.000000 -0.000000 0.000000 0.000000 0.000000 1.000000 0.000000 0.000000 0.000000 0.000000 1.000000
1.000000 -0.000000 -0.000000 26.734800 -0.000000 1.000000 0.000000 -0.000000 0.000000 0.000000 1.000000 0.000000 0.000000 0.000000 0.000000 1.000000
1.000000 0.000000 0.000000 26.734800 0.000000 1.000000 0.000000 0.000000 -0.000000 0.000000 1.000000 0.000000 0.000000 0.000000 0.000000 1.000000
1.000000 0.000000 0.000000 26.734800 -0.000000 1.000000 0.000000 -0.000000 -0.000000 -0.000000 1.000000 0.000000 0.000000 0.000000 0.000000 1.000000
1.000000 -0.000000 0.000000 26.734800 0.000000 1.000000 0.000000 -0.000000 0.000000 -0.000000 1.000000 0.000000 0.000000 0.000000 0.000000 1.000000
1.000000 0.000000 -0.000000 26.734800 0.000000 1.000000 -0.000000 -0.000000 0.000000 0.000000 1.000000 0.000000 0.000000 0.000000 0.000000 1.000000
1.000000 0.000000 0.000000 26.734800 0.000000 1.000000 0.000000 0.000000 0.000000 -0.000000 1.000000 0.000000 0.000000 0.000000 0.000000 1.000000
1.000000 0.000000 0.000000 26.734800 0.000000 1.000000 0.000000 -0.000000 -0.000000 0.000000 1.000000 0.000000 0.000000 0.000000 0.000000 1.000000
1.000000 0.000000 0.000000 26.734800 -0.000000 1.000000 -0.000000 0.000000 0.000000 0.000000 1.000000 0.000000 0.000000 0.000000 0.000000 1.000000
1.000000 -0.000000 -0.000000 26.734800 -0.000000 1.000000 0.000000 0.000000 0.000000 -0.000000 1.000000 0.000000 0.000000 0.000000 0.000000 1.000000
1.000000 -0.000000 0.000000 26.734800 0.000000 1.000000 0.000000 -0.000000 0.000000 0.000000 1.000000 -0.000000 0.000000 0.000000 0.000000 1.000000
1.000000 0.000000 0.000000 26.734800 -0.000000 1.000000 0.000000 0.000000 0.000000 0.000000 1.000000 0.000000 0.000000 0.000000 0.000000 1.000000
1.000000 0.000000 0.000000 26.734800 -0.000000 1.000000 -0.000000 0.000000 0.000000 -0.000000 1.000000 0.000000 0.000000 0.000000 0.000000 1.000000
1.000000 0.000000 0.000000 26.734800 -0.000000 1.000000 0.000000 -0.000000 0.000000 -0.000000 1.000000 -0.000000 0.000000 0.000000 0.000000 1.000000
1.000000 -0.000000 -0.000000 26.734800 0.000000 1.000000 0.000000 0.000000 0.000000 0.000000 1.000000 0.000000 0.000000 0.000000 0.000000 1.000000
1.000000 0.000000 0.000000 26.734800 0.000000 1.000000 0.000000 0.000000 -0.000000 0.000000 1.000000 0.000000 0.000000 0.000000 0.000000 1.000000</float_array>
        <technique_common>
          <accessor source="#mixamorig_L_B_skirt3-Matrix-animation-output-transform-array" count="22" stride="16">
            <param type="float4x4"/>
          </accessor>
        </technique_common>
      </source>
      <source id="mixamorig_L_B_skirt3-Interpolations">
        <Name_array id="mixamorig_L_B_skirt3-Interpolations-array" count="22">
 LINEAR LINEAR LINEAR LINEAR LINEAR LINEAR LINEAR LINEAR LINEAR LINEAR LINEAR
LINEAR LINEAR LINEAR LINEAR LINEAR LINEAR LINEAR LINEAR LINEAR LINEAR LINEAR</Name_array>
        <technique_common>
          <accessor source="#mixamorig_L_B_skirt3-Interpolations-array" count="22">
            <param type="name"/>
          </accessor>
        </technique_common>
      </source>
      <sampler id="mixamorig_L_B_skirt3-Matrix-animation-transform">
        <input semantic="INPUT" source="#mixamorig_L_B_skirt3-Matrix-animation-input"/>
        <input semantic="OUTPUT" source="#mixamorig_L_B_skirt3-Matrix-animation-output-transform"/>
        <input semantic="INTERPOLATION" source="#mixamorig_L_B_skirt3-Interpolations"/>
      </sampler>
      <channel source="#mixamorig_L_B_skirt3-Matrix-animation-transform" target="mixamorig_L_B_skirt3/matrix"/>
    </animation>
    <animation id="mixamorig_R_C_skirt1-anim" name="mixamorig_R_C_skirt1">
      <source id="mixamorig_R_C_skirt1-Matrix-animation-input">
        <float_array id="mixamorig_R_C_skirt1-Matrix-animation-input-array" count="22">

0.000000 0.033333 0.066667 0.100000 0.133333 0.166667 0.200000 0.233333 0.266667 0.300000 0.333333 0.366667 0.400000 0.433333 0.466667 0.500000
0.533333 0.566667 0.600000 0.633333 0.666667 0.700000</float_array>
        <technique_common>
          <accessor source="#mixamorig_R_C_skirt1-Matrix-animation-input-array" count="22">
            <param name="TIME" type="float"/>
          </accessor>
        </technique_common>
      </source>
      <source id="mixamorig_R_C_skirt1-Matrix-animation-output-transform">
        <float_array id="mixamorig_R_C_skirt1-Matrix-animation-output-transform-array" count="352">

-0.035070 -0.292039 0.955763 -12.297300 -0.989026 0.147482 0.008774 4.606800 -0.143520 -0.944967 -0.294006 -11.833000 0.000000 0.000000 0.000000 1.000000
-0.035070 -0.292039 0.955763 -12.297300 -0.989026 0.147482 0.008774 4.606800 -0.143520 -0.944967 -0.294006 -11.833000 0.000000 0.000000 0.000000 1.000000
-0.035070 -0.292039 0.955763 -12.297300 -0.989026 0.147482 0.008774 4.606800 -0.143520 -0.944967 -0.294006 -11.833000 0.000000 0.000000 0.000000 1.000000
-0.035070 -0.292039 0.955763 -12.297300 -0.989026 0.147482 0.008774 4.606800 -0.143520 -0.944967 -0.294006 -11.833000 0.000000 0.000000 0.000000 1.000000
-0.035070 -0.292039 0.955763 -12.297300 -0.989026 0.147482 0.008774 4.606800 -0.143520 -0.944967 -0.294006 -11.833000 0.000000 0.000000 0.000000 1.000000
-0.035070 -0.292039 0.955763 -12.297300 -0.989026 0.147482 0.008774 4.606800 -0.143520 -0.944967 -0.294006 -11.833000 0.000000 0.000000 0.000000 1.000000
-0.035070 -0.292039 0.955763 -12.297300 -0.989026 0.147482 0.008774 4.606800 -0.143520 -0.944967 -0.294006 -11.833000 0.000000 0.000000 0.000000 1.000000
-0.035070 -0.292039 0.955763 -12.297300 -0.989026 0.147482 0.008774 4.606800 -0.143520 -0.944967 -0.294006 -11.833000 0.000000 0.000000 0.000000 1.000000
-0.035070 -0.292039 0.955763 -12.297300 -0.989026 0.147482 0.008774 4.606800 -0.143520 -0.944967 -0.294006 -11.833000 0.000000 0.000000 0.000000 1.000000
-0.035070 -0.292039 0.955763 -12.297300 -0.989026 0.147482 0.008774 4.606800 -0.143520 -0.944967 -0.294006 -11.833000 0.000000 0.000000 0.000000 1.000000
-0.035070 -0.292039 0.955763 -12.297300 -0.989026 0.147482 0.008774 4.606800 -0.143520 -0.944967 -0.294006 -11.833000 0.000000 0.000000 0.000000 1.000000
-0.035070 -0.292039 0.955763 -12.297300 -0.989026 0.147482 0.008774 4.606800 -0.143520 -0.944967 -0.294006 -11.833000 0.000000 0.000000 0.000000 1.000000
-0.035070 -0.292039 0.955763 -12.297300 -0.989026 0.147482 0.008774 4.606800 -0.143520 -0.944967 -0.294006 -11.833000 0.000000 0.000000 0.000000 1.000000
-0.035070 -0.292039 0.955763 -12.297300 -0.989026 0.147482 0.008774 4.606800 -0.143520 -0.944967 -0.294006 -11.833000 0.000000 0.000000 0.000000 1.000000
-0.035070 -0.292039 0.955763 -12.297300 -0.989026 0.147482 0.008774 4.606800 -0.143520 -0.944967 -0.294006 -11.833000 0.000000 0.000000 0.000000 1.000000
-0.035070 -0.292039 0.955763 -12.297300 -0.989026 0.147482 0.008774 4.606800 -0.143520 -0.944967 -0.294006 -11.833000 0.000000 0.000000 0.000000 1.000000
-0.035070 -0.292039 0.955763 -12.297300 -0.989026 0.147482 0.008774 4.606800 -0.143520 -0.944967 -0.294006 -11.833000 0.000000 0.000000 0.000000 1.000000
-0.035070 -0.292039 0.955763 -12.297300 -0.989026 0.147482 0.008774 4.606800 -0.143520 -0.944967 -0.294006 -11.833000 0.000000 0.000000 0.000000 1.000000
-0.035070 -0.292039 0.955763 -12.297300 -0.989026 0.147482 0.008774 4.606800 -0.143520 -0.944967 -0.294006 -11.833000 0.000000 0.000000 0.000000 1.000000
-0.035070 -0.292039 0.955763 -12.297300 -0.989026 0.147482 0.008774 4.606800 -0.143520 -0.944967 -0.294006 -11.833000 0.000000 0.000000 0.000000 1.000000
-0.035070 -0.292039 0.955763 -12.297300 -0.989026 0.147482 0.008774 4.606800 -0.143520 -0.944967 -0.294006 -11.833000 0.000000 0.000000 0.000000 1.000000
-0.035070 -0.292039 0.955763 -12.297300 -0.989026 0.147482 0.008774 4.606800 -0.143520 -0.944967 -0.294006 -11.833000 0.000000 0.000000 0.000000 1.000000</float_array>
        <technique_common>
          <accessor source="#mixamorig_R_C_skirt1-Matrix-animation-output-transform-array" count="22" stride="16">
            <param type="float4x4"/>
          </accessor>
        </technique_common>
      </source>
      <source id="mixamorig_R_C_skirt1-Interpolations">
        <Name_array id="mixamorig_R_C_skirt1-Interpolations-array" count="22">
 LINEAR LINEAR LINEAR LINEAR LINEAR LINEAR LINEAR LINEAR LINEAR LINEAR LINEAR
LINEAR LINEAR LINEAR LINEAR LINEAR LINEAR LINEAR LINEAR LINEAR LINEAR LINEAR</Name_array>
        <technique_common>
          <accessor source="#mixamorig_R_C_skirt1-Interpolations-array" count="22">
            <param type="name"/>
          </accessor>
        </technique_common>
      </source>
      <sampler id="mixamorig_R_C_skirt1-Matrix-animation-transform">
        <input semantic="INPUT" source="#mixamorig_R_C_skirt1-Matrix-animation-input"/>
        <input semantic="OUTPUT" source="#mixamorig_R_C_skirt1-Matrix-animation-output-transform"/>
        <input semantic="INTERPOLATION" source="#mixamorig_R_C_skirt1-Interpolations"/>
      </sampler>
      <channel source="#mixamorig_R_C_skirt1-Matrix-animation-transform" target="mixamorig_R_C_skirt1/matrix"/>
    </animation>
    <animation id="mixamorig_R_C_skirt2-anim" name="mixamorig_R_C_skirt2">
      <source id="mixamorig_R_C_skirt2-Matrix-animation-input">
        <float_array id="mixamorig_R_C_skirt2-Matrix-animation-input-array" count="22">

0.000000 0.033333 0.066667 0.100000 0.133333 0.166667 0.200000 0.233333 0.266667 0.300000 0.333333 0.366667 0.400000 0.433333 0.466667 0.500000
0.533333 0.566667 0.600000 0.633333 0.666667 0.700000</float_array>
        <technique_common>
          <accessor source="#mixamorig_R_C_skirt2-Matrix-animation-input-array" count="22">
            <param name="TIME" type="float"/>
          </accessor>
        </technique_common>
      </source>
      <source id="mixamorig_R_C_skirt2-Matrix-animation-output-transform">
        <float_array id="mixamorig_R_C_skirt2-Matrix-animation-output-transform-array" count="352">

1.000000 0.000000 0.000000 27.657600 -0.000000 1.000000 0.000000 0.000100 0.000000 0.000000 1.000000 0.000000 0.000000 0.000000 0.000000 1.000000
1.000000 -0.000000 0.000000 27.657600 0.000000 1.000000 -0.000000 0.000100 0.000000 0.000000 1.000000 -0.000000 0.000000 0.000000 0.000000 1.000000
1.000000 0.000000 -0.000000 27.657600 -0.000000 1.000000 -0.000000 0.000100 -0.000000 0.000000 1.000000 0.000000 0.000000 0.000000 0.000000 1.000000
1.000000 0.000000 -0.000000 27.657600 0.000000 1.000000 -0.000000 0.000100 0.000000 0.000000 1.000000 0.000000 0.000000 0.000000 0.000000 1.000000
1.000000 0.000000 0.000000 27.657600 -0.000000 1.000000 -0.000000 0.000100 0.000000 0.000000 1.000000 0.000000 0.000000 0.000000 0.000000 1.000000
1.000000 0.000000 0.000000 27.657600 0.000000 1.000000 0.000000 0.000100 0.000000 0.000000 1.000000 -0.000000 0.000000 0.000000 0.000000 1.000000
1.000000 0.000000 -0.000000 27.657600 -0.000000 1.000000 -0.000000 0.000100 -0.000000 0.000000 1.000000 -0.000000 0.000000 0.000000 0.000000 1.000000
1.000000 0.000000 -0.000000 27.657600 0.000000 1.000000 0.000000 0.000100 0.000000 -0.000000 1.000000 -0.000000 0.000000 0.000000 0.000000 1.000000
1.000000 -0.000000 0.000000 27.657600 0.000000 1.000000 0.000000 0.000100 0.000000 0.000000 1.000000 0.000000 0.000000 0.000000 0.000000 1.000000
1.000000 0.000000 0.000000 27.657600 0.000000 1.000000 0.000000 0.000100 0.000000 -0.000000 1.000000 0.000000 0.000000 0.000000 0.000000 1.000000
1.000000 0.000000 -0.000000 27.657600 -0.000000 1.000000 0.000000 0.000100 -0.000000 0.000000 1.000000 -0.000000 0.000000 0.000000 0.000000 1.000000
1.000000 0.000000 -0.000000 27.657600 0.000000 1.000000 -0.000000 0.000100 0.000000 0.000000 1.000000 0.000000 0.000000 0.000000 0.000000 1.000000
1.000000 0.000000 0.000000 27.657600 0.000000 1.000000 0.000000 0.000100 0.000000 0.000000 1.000000 -0.000000 0.000000 0.000000 0.000000 1.000000
1.000000 0.000000 0.000000 27.657600 0.000000 1.000000 0.000000 0.000100 -0.000000 0.000000 1.000000 0.000000 0.000000 0.000000 0.000000 1.000000
1.000000 0.000000 0.000000 27.657600 0.000000 1.000000 0.000000 0.000100 -0.000000 0.000000 1.000000 0.000000 0.000000 0.000000 0.000000 1.000000
1.000000 0.000000 0.000000 27.657600 0.000000 1.000000 0.000000 0.000100 -0.000000 -0.000000 1.000000 0.000000 0.000000 0.000000 0.000000 1.000000
1.000000 0.000000 0.000000 27.657600 0.000000 1.000000 -0.000000 0.000100 0.000000 0.000000 1.000000 0.000000 0.000000 0.000000 0.000000 1.000000
1.000000 0.000000 0.000000 27.657600 0.000000 1.000000 0.000000 0.000100 0.000000 0.000000 1.000000 0.000000 0.000000 0.000000 0.000000 1.000000
1.000000 -0.000000 0.000000 27.657600 0.000000 1.000000 0.000000 0.000100 0.000000 0.000000 1.000000 0.000000 0.000000 0.000000 0.000000 1.000000
1.000000 -0.000000 0.000000 27.657600 -0.000000 1.000000 -0.000000 0.000100 0.000000 0.000000 1.000000 0.000000 0.000000 0.000000 0.000000 1.000000
1.000000 -0.000000 -0.000000 27.657600 -0.000000 1.000000 0.000000 0.000100 -0.000000 0.000000 1.000000 0.000000 0.000000 0.000000 0.000000 1.000000
1.000000 0.000000 0.000000 27.657600 -0.000000 1.000000 -0.000000 0.000100 0.000000 0.000000 1.000000 0.000000 0.000000 0.000000 0.000000 1.000000</float_array>
        <technique_common>
          <accessor source="#mixamorig_R_C_skirt2-Matrix-animation-output-transform-array" count="22" stride="16">
            <param type="float4x4"/>
          </accessor>
        </technique_common>
      </source>
      <source id="mixamorig_R_C_skirt2-Interpolations">
        <Name_array id="mixamorig_R_C_skirt2-Interpolations-array" count="22">
 LINEAR LINEAR LINEAR LINEAR LINEAR LINEAR LINEAR LINEAR LINEAR LINEAR LINEAR
LINEAR LINEAR LINEAR LINEAR LINEAR LINEAR LINEAR LINEAR LINEAR LINEAR LINEAR</Name_array>
        <technique_common>
          <accessor source="#mixamorig_R_C_skirt2-Interpolations-array" count="22">
            <param type="name"/>
          </accessor>
        </technique_common>
      </source>
      <sampler id="mixamorig_R_C_skirt2-Matrix-animation-transform">
        <input semantic="INPUT" source="#mixamorig_R_C_skirt2-Matrix-animation-input"/>
        <input semantic="OUTPUT" source="#mixamorig_R_C_skirt2-Matrix-animation-output-transform"/>
        <input semantic="INTERPOLATION" source="#mixamorig_R_C_skirt2-Interpolations"/>
      </sampler>
      <channel source="#mixamorig_R_C_skirt2-Matrix-animation-transform" target="mixamorig_R_C_skirt2/matrix"/>
    </animation>
    <animation id="mixamorig_R_C_skirt3-anim" name="mixamorig_R_C_skirt3">
      <source id="mixamorig_R_C_skirt3-Matrix-animation-input">
        <float_array id="mixamorig_R_C_skirt3-Matrix-animation-input-array" count="22">

0.000000 0.033333 0.066667 0.100000 0.133333 0.166667 0.200000 0.233333 0.266667 0.300000 0.333333 0.366667 0.400000 0.433333 0.466667 0.500000
0.533333 0.566667 0.600000 0.633333 0.666667 0.700000</float_array>
        <technique_common>
          <accessor source="#mixamorig_R_C_skirt3-Matrix-animation-input-array" count="22">
            <param name="TIME" type="float"/>
          </accessor>
        </technique_common>
      </source>
      <source id="mixamorig_R_C_skirt3-Matrix-animation-output-transform">
        <float_array id="mixamorig_R_C_skirt3-Matrix-animation-output-transform-array" count="352">

1.000000 0.000000 0.000000 23.969999 -0.000000 1.000000 0.000000 0.000000 0.000000 0.000000 1.000000 0.000100 0.000000 0.000000 0.000000 1.000000
1.000000 -0.000000 -0.000000 23.969999 0.000000 1.000000 -0.000000 -0.000000 0.000000 0.000000 1.000000 0.000100 0.000000 0.000000 0.000000 1.000000
1.000000 0.000000 -0.000000 23.969999 -0.000000 1.000000 -0.000000 0.000000 -0.000000 -0.000000 1.000000 0.000100 0.000000 0.000000 0.000000 1.000000
1.000000 0.000000 0.000000 23.969999 0.000000 1.000000 -0.000000 0.000000 0.000000 0.000000 1.000000 0.000100 0.000000 0.000000 0.000000 1.000000
1.000000 0.000000 0.000000 23.969999 -0.000000 1.000000 -0.000000 -0.000000 -0.000000 0.000000 1.000000 0.000100 0.000000 0.000000 0.000000 1.000000
1.000000 0.000000 0.000000 23.969999 0.000000 1.000000 0.000000 -0.000000 0.000000 0.000000 1.000000 0.000100 0.000000 0.000000 0.000000 1.000000
1.000000 -0.000000 0.000000 23.969999 0.000000 1.000000 0.000000 0.000000 -0.000000 -0.000000 1.000000 0.000100 0.000000 0.000000 0.000000 1.000000
1.000000 0.000000 -0.000000 23.969999 0.000000 1.000000 0.000000 0.000000 -0.000000 0.000000 1.000000 0.000100 0.000000 0.000000 0.000000 1.000000
1.000000 0.000000 0.000000 23.969999 0.000000 1.000000 0.000000 0.000000 0.000000 0.000000 1.000000 0.000100 0.000000 0.000000 0.000000 1.000000
1.000000 0.000000 0.000000 23.969999 0.000000 1.000000 -0.000000 0.000000 0.000000 -0.000000 1.000000 0.000100 0.000000 0.000000 0.000000 1.000000
1.000000 0.000000 -0.000000 23.969999 -0.000000 1.000000 -0.000000 0.000000 -0.000000 0.000000 1.000000 0.000100 0.000000 0.000000 0.000000 1.000000
1.000000 -0.000000 -0.000000 23.969999 0.000000 1.000000 0.000000 0.000000 -0.000000 0.000000 1.000000 0.000100 0.000000 0.000000 0.000000 1.000000
1.000000 0.000000 -0.000000 23.969999 -0.000000 1.000000 -0.000000 0.000000 0.000000 0.000000 1.000000 0.000100 0.000000 0.000000 0.000000 1.000000
1.000000 0.000000 0.000000 23.969999 0.000000 1.000000 0.000000 -0.000000 -0.000000 0.000000 1.000000 0.000100 0.000000 0.000000 0.000000 1.000000
1.000000 0.000000 0.000000 23.969999 0.000000 1.000000 0.000000 0.000000 0.000000 0.000000 1.000000 0.000100 0.000000 0.000000 0.000000 1.000000
1.000000 0.000000 0.000000 23.969999 0.000000 1.000000 0.000000 0.000000 -0.000000 -0.000000 1.000000 0.000100 0.000000 0.000000 0.000000 1.000000
1.000000 0.000000 0.000000 23.969999 0.000000 1.000000 -0.000000 0.000000 0.000000 0.000000 1.000000 0.000100 0.000000 0.000000 0.000000 1.000000
1.000000 0.000000 0.000000 23.969999 -0.000000 1.000000 0.000000 0.000000 0.000000 0.000000 1.000000 0.000100 0.000000 0.000000 0.000000 1.000000
1.000000 0.000000 0.000000 23.969999 0.000000 1.000000 0.000000 0.000000 0.000000 0.000000 1.000000 0.000100 0.000000 0.000000 0.000000 1.000000
1.000000 -0.000000 0.000000 23.969999 -0.000000 1.000000 -0.000000 0.000000 0.000000 0.000000 1.000000 0.000100 0.000000 0.000000 0.000000 1.000000
1.000000 0.000000 0.000000 23.969999 0.000000 1.000000 0.000000 0.000000 0.000000 0.000000 1.000000 0.000100 0.000000 0.000000 0.000000 1.000000
1.000000 0.000000 -0.000000 23.969999 -0.000000 1.000000 -0.000000 0.000000 0.000000 0.000000 1.000000 0.000100 0.000000 0.000000 0.000000 1.000000</float_array>
        <technique_common>
          <accessor source="#mixamorig_R_C_skirt3-Matrix-animation-output-transform-array" count="22" stride="16">
            <param type="float4x4"/>
          </accessor>
        </technique_common>
      </source>
      <source id="mixamorig_R_C_skirt3-Interpolations">
        <Name_array id="mixamorig_R_C_skirt3-Interpolations-array" count="22">
 LINEAR LINEAR LINEAR LINEAR LINEAR LINEAR LINEAR LINEAR LINEAR LINEAR LINEAR
LINEAR LINEAR LINEAR LINEAR LINEAR LINEAR LINEAR LINEAR LINEAR LINEAR LINEAR</Name_array>
        <technique_common>
          <accessor source="#mixamorig_R_C_skirt3-Interpolations-array" count="22">
            <param type="name"/>
          </accessor>
        </technique_common>
      </source>
      <sampler id="mixamorig_R_C_skirt3-Matrix-animation-transform">
        <input semantic="INPUT" source="#mixamorig_R_C_skirt3-Matrix-animation-input"/>
        <input semantic="OUTPUT" source="#mixamorig_R_C_skirt3-Matrix-animation-output-transform"/>
        <input semantic="INTERPOLATION" source="#mixamorig_R_C_skirt3-Interpolations"/>
      </sampler>
      <channel source="#mixamorig_R_C_skirt3-Matrix-animation-transform" target="mixamorig_R_C_skirt3/matrix"/>
    </animation>
    <animation id="mixamorig_R_A_skirt1-anim" name="mixamorig_R_A_skirt1">
      <source id="mixamorig_R_A_skirt1-Matrix-animation-input">
        <float_array id="mixamorig_R_A_skirt1-Matrix-animation-input-array" count="22">

0.000000 0.033333 0.066667 0.100000 0.133333 0.166667 0.200000 0.233333 0.266667 0.300000 0.333333 0.366667 0.400000 0.433333 0.466667 0.500000
0.533333 0.566667 0.600000 0.633333 0.666667 0.700000</float_array>
        <technique_common>
          <accessor source="#mixamorig_R_A_skirt1-Matrix-animation-input-array" count="22">
            <param name="TIME" type="float"/>
          </accessor>
        </technique_common>
      </source>
      <source id="mixamorig_R_A_skirt1-Matrix-animation-output-transform">
        <float_array id="mixamorig_R_A_skirt1-Matrix-animation-output-transform-array" count="352">

-0.142126 -0.623440 -0.768845 -18.034500 -0.988646 0.051130 0.141298 3.980800 -0.048780 0.780197 -0.623629 19.504801 0.000000 0.000000 0.000000 1.000000
-0.142126 -0.623440 -0.768845 -18.034500 -0.988646 0.051130 0.141298 3.980800 -0.048780 0.780197 -0.623629 19.504801 0.000000 0.000000 0.000000 1.000000
-0.142126 -0.623440 -0.768845 -18.034500 -0.988646 0.051130 0.141298 3.980800 -0.048780 0.780197 -0.623629 19.504801 0.000000 0.000000 0.000000 1.000000
-0.142126 -0.623440 -0.768845 -18.034500 -0.988646 0.051130 0.141298 3.980800 -0.048780 0.780197 -0.623629 19.504801 0.000000 0.000000 0.000000 1.000000
-0.142126 -0.623440 -0.768845 -18.034500 -0.988646 0.051130 0.141298 3.980800 -0.048780 0.780197 -0.623629 19.504801 0.000000 0.000000 0.000000 1.000000
-0.142126 -0.623440 -0.768845 -18.034500 -0.988646 0.051130 0.141298 3.980800 -0.048780 0.780197 -0.623629 19.504801 0.000000 0.000000 0.000000 1.000000
-0.142126 -0.623440 -0.768845 -18.034500 -0.988646 0.051130 0.141298 3.980800 -0.048780 0.780197 -0.623629 19.504801 0.000000 0.000000 0.000000 1.000000
-0.142126 -0.623440 -0.768845 -18.034500 -0.988646 0.051130 0.141298 3.980800 -0.048780 0.780197 -0.623629 19.504801 0.000000 0.000000 0.000000 1.000000
-0.142126 -0.623440 -0.768845 -18.034500 -0.988646 0.051130 0.141298 3.980800 -0.048780 0.780197 -0.623629 19.504801 0.000000 0.000000 0.000000 1.000000
-0.142126 -0.623440 -0.768845 -18.034500 -0.988646 0.051130 0.141298 3.980800 -0.048780 0.780197 -0.623629 19.504801 0.000000 0.000000 0.000000 1.000000
-0.142126 -0.623440 -0.768845 -18.034500 -0.988646 0.051130 0.141298 3.980800 -0.048780 0.780197 -0.623629 19.504801 0.000000 0.000000 0.000000 1.000000
-0.142126 -0.623440 -0.768845 -18.034500 -0.988646 0.051130 0.141298 3.980800 -0.048780 0.780197 -0.623629 19.504801 0.000000 0.000000 0.000000 1.000000
-0.142126 -0.623440 -0.768845 -18.034500 -0.988646 0.051130 0.141298 3.980800 -0.048780 0.780197 -0.623629 19.504801 0.000000 0.000000 0.000000 1.000000
-0.142126 -0.623440 -0.768845 -18.034500 -0.988646 0.051130 0.141298 3.980800 -0.048780 0.780197 -0.623629 19.504801 0.000000 0.000000 0.000000 1.000000
-0.142126 -0.623440 -0.768845 -18.034500 -0.988646 0.051130 0.141298 3.980800 -0.048780 0.780197 -0.623629 19.504801 0.000000 0.000000 0.000000 1.000000
-0.142126 -0.623440 -0.768845 -18.034500 -0.988646 0.051130 0.141298 3.980800 -0.048780 0.780197 -0.623629 19.504801 0.000000 0.000000 0.000000 1.000000
-0.142126 -0.623440 -0.768845 -18.034500 -0.988646 0.051130 0.141298 3.980800 -0.048780 0.780197 -0.623629 19.504801 0.000000 0.000000 0.000000 1.000000
-0.142126 -0.623440 -0.768845 -18.034500 -0.988646 0.051130 0.141298 3.980800 -0.048780 0.780197 -0.623629 19.504801 0.000000 0.000000 0.000000 1.000000
-0.142126 -0.623440 -0.768845 -18.034500 -0.988646 0.051130 0.141298 3.980800 -0.048780 0.780197 -0.623629 19.504801 0.000000 0.000000 0.000000 1.000000
-0.142126 -0.623440 -0.768845 -18.034500 -0.988646 0.051130 0.141298 3.980800 -0.048780 0.780197 -0.623629 19.504801 0.000000 0.000000 0.000000 1.000000
-0.142126 -0.623440 -0.768845 -18.034500 -0.988646 0.051130 0.141298 3.980800 -0.048780 0.780197 -0.623629 19.504801 0.000000 0.000000 0.000000 1.000000
-0.142126 -0.623440 -0.768845 -18.034500 -0.988646 0.051130 0.141298 3.980800 -0.048780 0.780197 -0.623629 19.504801 0.000000 0.000000 0.000000 1.000000</float_array>
        <technique_common>
          <accessor source="#mixamorig_R_A_skirt1-Matrix-animation-output-transform-array" count="22" stride="16">
            <param type="float4x4"/>
          </accessor>
        </technique_common>
      </source>
      <source id="mixamorig_R_A_skirt1-Interpolations">
        <Name_array id="mixamorig_R_A_skirt1-Interpolations-array" count="22">
 LINEAR LINEAR LINEAR LINEAR LINEAR LINEAR LINEAR LINEAR LINEAR LINEAR LINEAR
LINEAR LINEAR LINEAR LINEAR LINEAR LINEAR LINEAR LINEAR LINEAR LINEAR LINEAR</Name_array>
        <technique_common>
          <accessor source="#mixamorig_R_A_skirt1-Interpolations-array" count="22">
            <param type="name"/>
          </accessor>
        </technique_common>
      </source>
      <sampler id="mixamorig_R_A_skirt1-Matrix-animation-transform">
        <input semantic="INPUT" source="#mixamorig_R_A_skirt1-Matrix-animation-input"/>
        <input semantic="OUTPUT" source="#mixamorig_R_A_skirt1-Matrix-animation-output-transform"/>
        <input semantic="INTERPOLATION" source="#mixamorig_R_A_skirt1-Interpolations"/>
      </sampler>
      <channel source="#mixamorig_R_A_skirt1-Matrix-animation-transform" target="mixamorig_R_A_skirt1/matrix"/>
    </animation>
    <animation id="mixamorig_R_A_skirt2-anim" name="mixamorig_R_A_skirt2">
      <source id="mixamorig_R_A_skirt2-Matrix-animation-input">
        <float_array id="mixamorig_R_A_skirt2-Matrix-animation-input-array" count="22">

0.000000 0.033333 0.066667 0.100000 0.133333 0.166667 0.200000 0.233333 0.266667 0.300000 0.333333 0.366667 0.400000 0.433333 0.466667 0.500000
0.533333 0.566667 0.600000 0.633333 0.666667 0.700000</float_array>
        <technique_common>
          <accessor source="#mixamorig_R_A_skirt2-Matrix-animation-input-array" count="22">
            <param name="TIME" type="float"/>
          </accessor>
        </technique_common>
      </source>
      <source id="mixamorig_R_A_skirt2-Matrix-animation-output-transform">
        <float_array id="mixamorig_R_A_skirt2-Matrix-animation-output-transform-array" count="352">

1.000000 -0.000000 -0.000000 27.335400 -0.000000 1.000000 -0.000000 -0.000100 0.000000 -0.000000 1.000000 0.000100 0.000000 0.000000 0.000000 1.000000
1.000000 -0.000000 -0.000000 27.335400 -0.000000 1.000000 -0.000000 -0.000100 0.000000 -0.000000 1.000000 0.000100 0.000000 0.000000 0.000000 1.000000
1.000000 -0.000000 0.000000 27.335400 -0.000000 1.000000 0.000000 -0.000100 -0.000000 0.000000 1.000000 0.000100 0.000000 0.000000 0.000000 1.000000
1.000000 0.000000 -0.000000 27.335400 -0.000000 1.000000 -0.000000 -0.000100 0.000000 0.000000 1.000000 0.000100 0.000000 0.000000 0.000000 1.000000
1.000000 -0.000000 0.000000 27.335400 0.000000 1.000000 0.000000 -0.000100 0.000000 0.000000 1.000000 0.000100 0.000000 0.000000 0.000000 1.000000
1.000000 0.000000 0.000000 27.335400 0.000000 1.000000 0.000000 -0.000100 -0.000000 -0.000000 1.000000 0.000100 0.000000 0.000000 0.000000 1.000000
1.000000 -0.000000 0.000000 27.335400 -0.000000 1.000000 -0.000000 -0.000100 -0.000000 -0.000000 1.000000 0.000100 0.000000 0.000000 0.000000 1.000000
1.000000 -0.000000 -0.000000 27.335400 0.000000 1.000000 0.000000 -0.000100 -0.000000 -0.000000 1.000000 0.000100 0.000000 0.000000 0.000000 1.000000
1.000000 0.000000 -0.000000 27.335400 -0.000000 1.000000 0.000000 -0.000100 0.000000 0.000000 1.000000 0.000100 0.000000 0.000000 0.000000 1.000000
1.000000 0.000000 -0.000000 27.335400 0.000000 1.000000 -0.000000 -0.000100 0.000000 -0.000000 1.000000 0.000100 0.000000 0.000000 0.000000 1.000000
1.000000 -0.000000 0.000000 27.335400 0.000000 1.000000 -0.000000 -0.000100 -0.000000 0.000000 1.000000 0.000100 0.000000 0.000000 0.000000 1.000000
1.000000 0.000000 -0.000000 27.335400 0.000000 1.000000 0.000000 -0.000100 0.000000 0.000000 1.000000 0.000100 0.000000 0.000000 0.000000 1.000000
1.000000 -0.000000 0.000000 27.335400 0.000000 1.000000 0.000000 -0.000100 0.000000 -0.000000 1.000000 0.000100 0.000000 0.000000 0.000000 1.000000
1.000000 0.000000 0.000000 27.335400 0.000000 1.000000 0.000000 -0.000100 0.000000 -0.000000 1.000000 0.000100 0.000000 0.000000 0.000000 1.000000
1.000000 0.000000 0.000000 27.335400 0.000000 1.000000 0.000000 -0.000100 0.000000 0.000000 1.000000 0.000100 0.000000 0.000000 0.000000 1.000000
1.000000 0.000000 0.000000 27.335400 -0.000000 1.000000 -0.000000 -0.000100 -0.000000 -0.000000 1.000000 0.000100 0.000000 0.000000 0.000000 1.000000
1.000000 -0.000000 -0.000000 27.335400 0.000000 1.000000 -0.000000 -0.000100 0.000000 -0.000000 1.000000 0.000100 0.000000 0.000000 0.000000 1.000000
1.000000 -0.000000 -0.000000 27.335400 -0.000000 1.000000 -0.000000 -0.000100 0.000000 0.000000 1.000000 0.000100 0.000000 0.000000 0.000000 1.000000
1.000000 -0.000000 -0.000000 27.335400 0.000000 1.000000 0.000000 -0.000100 0.000000 0.000000 1.000000 0.000100 0.000000 0.000000 0.000000 1.000000
1.000000 -0.000000 -0.000000 27.335400 -0.000000 1.000000 0.000000 -0.000100 0.000000 0.000000 1.000000 0.000100 0.000000 0.000000 0.000000 1.000000
1.000000 -0.000000 0.000000 27.335400 0.000000 1.000000 0.000000 -0.000100 -0.000000 -0.000000 1.000000 0.000100 0.000000 0.000000 0.000000 1.000000
1.000000 -0.000000 -0.000000 27.335400 0.000000 1.000000 0.000000 -0.000100 0.000000 -0.000000 1.000000 0.000100 0.000000 0.000000 0.000000 1.000000</float_array>
        <technique_common>
          <accessor source="#mixamorig_R_A_skirt2-Matrix-animation-output-transform-array" count="22" stride="16">
            <param type="float4x4"/>
          </accessor>
        </technique_common>
      </source>
      <source id="mixamorig_R_A_skirt2-Interpolations">
        <Name_array id="mixamorig_R_A_skirt2-Interpolations-array" count="22">
 LINEAR LINEAR LINEAR LINEAR LINEAR LINEAR LINEAR LINEAR LINEAR LINEAR LINEAR
LINEAR LINEAR LINEAR LINEAR LINEAR LINEAR LINEAR LINEAR LINEAR LINEAR LINEAR</Name_array>
        <technique_common>
          <accessor source="#mixamorig_R_A_skirt2-Interpolations-array" count="22">
            <param type="name"/>
          </accessor>
        </technique_common>
      </source>
      <sampler id="mixamorig_R_A_skirt2-Matrix-animation-transform">
        <input semantic="INPUT" source="#mixamorig_R_A_skirt2-Matrix-animation-input"/>
        <input semantic="OUTPUT" source="#mixamorig_R_A_skirt2-Matrix-animation-output-transform"/>
        <input semantic="INTERPOLATION" source="#mixamorig_R_A_skirt2-Interpolations"/>
      </sampler>
      <channel source="#mixamorig_R_A_skirt2-Matrix-animation-transform" target="mixamorig_R_A_skirt2/matrix"/>
    </animation>
    <animation id="mixamorig_R_A_skirt3-anim" name="mixamorig_R_A_skirt3">
      <source id="mixamorig_R_A_skirt3-Matrix-animation-input">
        <float_array id="mixamorig_R_A_skirt3-Matrix-animation-input-array" count="22">

0.000000 0.033333 0.066667 0.100000 0.133333 0.166667 0.200000 0.233333 0.266667 0.300000 0.333333 0.366667 0.400000 0.433333 0.466667 0.500000
0.533333 0.566667 0.600000 0.633333 0.666667 0.700000</float_array>
        <technique_common>
          <accessor source="#mixamorig_R_A_skirt3-Matrix-animation-input-array" count="22">
            <param name="TIME" type="float"/>
          </accessor>
        </technique_common>
      </source>
      <source id="mixamorig_R_A_skirt3-Matrix-animation-output-transform">
        <float_array id="mixamorig_R_A_skirt3-Matrix-animation-output-transform-array" count="352">

1.000000 -0.000000 0.000000 27.066099 0.000000 1.000000 0.000000 0.000100 -0.000000 -0.000000 1.000000 -0.000000 0.000000 0.000000 0.000000 1.000000
1.000000 -0.000000 -0.000000 27.066099 0.000000 1.000000 -0.000000 0.000100 0.000000 -0.000000 1.000000 0.000000 0.000000 0.000000 0.000000 1.000000
1.000000 -0.000000 0.000000 27.066099 0.000000 1.000000 -0.000000 0.000100 -0.000000 0.000000 1.000000 -0.000000 0.000000 0.000000 0.000000 1.000000
1.000000 0.000000 0.000000 27.066099 0.000000 1.000000 0.000000 0.000100 0.000000 0.000000 1.000000 -0.000000 0.000000 0.000000 0.000000 1.000000
1.000000 -0.000000 0.000000 27.066099 0.000000 1.000000 -0.000000 0.000100 0.000000 0.000000 1.000000 0.000000 0.000000 0.000000 0.000000 1.000000
1.000000 -0.000000 -0.000000 27.066099 0.000000 1.000000 0.000000 0.000100 -0.000000 -0.000000 1.000000 0.000000 0.000000 0.000000 0.000000 1.000000
1.000000 0.000000 -0.000000 27.066099 0.000000 1.000000 -0.000000 0.000100 0.000000 -0.000000 1.000000 -0.000000 0.000000 0.000000 0.000000 1.000000
1.000000 -0.000000 0.000000 27.066099 -0.000000 1.000000 0.000000 0.000100 -0.000000 -0.000000 1.000000 -0.000000 0.000000 0.000000 0.000000 1.000000
1.000000 0.000000 -0.000000 27.066099 0.000000 1.000000 0.000000 0.000100 0.000000 0.000000 1.000000 -0.000000 0.000000 0.000000 0.000000 1.000000
1.000000 0.000000 0.000000 27.066099 0.000000 1.000000 -0.000000 0.000100 0.000000 -0.000000 1.000000 0.000000 0.000000 0.000000 0.000000 1.000000
1.000000 -0.000000 0.000000 27.066099 0.000000 1.000000 0.000000 0.000100 -0.000000 0.000000 1.000000 0.000000 0.000000 0.000000 0.000000 1.000000
1.000000 -0.000000 -0.000000 27.066099 0.000000 1.000000 0.000000 0.000100 0.000000 0.000000 1.000000 -0.000000 0.000000 0.000000 0.000000 1.000000
1.000000 0.000000 0.000000 27.066099 -0.000000 1.000000 0.000000 0.000100 -0.000000 0.000000 1.000000 -0.000000 0.000000 0.000000 0.000000 1.000000
1.000000 0.000000 -0.000000 27.066099 0.000000 1.000000 0.000000 0.000100 0.000000 -0.000000 1.000000 0.000000 0.000000 0.000000 0.000000 1.000000
1.000000 0.000000 0.000000 27.066099 0.000000 1.000000 0.000000 0.000100 -0.000000 0.000000 1.000000 0.000000 0.000000 0.000000 0.000000 1.000000
1.000000 0.000000 0.000000 27.066099 -0.000000 1.000000 -0.000000 0.000100 0.000000 -0.000000 1.000000 0.000000 0.000000 0.000000 0.000000 1.000000
1.000000 0.000000 0.000000 27.066099 -0.000000 1.000000 -0.000000 0.000100 -0.000000 0.000000 1.000000 0.000000 0.000000 0.000000 0.000000 1.000000
1.000000 -0.000000 -0.000000 27.066099 -0.000000 1.000000 -0.000000 0.000100 0.000000 0.000000 1.000000 0.000000 0.000000 0.000000 0.000000 1.000000
1.000000 0.000000 -0.000000 27.066099 -0.000000 1.000000 0.000000 0.000100 0.000000 -0.000000 1.000000 0.000000 0.000000 0.000000 0.000000 1.000000
1.000000 0.000000 0.000000 27.066099 0.000000 1.000000 0.000000 0.000100 0.000000 0.000000 1.000000 -0.000000 0.000000 0.000000 0.000000 1.000000
1.000000 -0.000000 0.000000 27.066099 0.000000 1.000000 -0.000000 0.000100 -0.000000 0.000000 1.000000 0.000000 0.000000 0.000000 0.000000 1.000000
1.000000 -0.000000 -0.000000 27.066099 -0.000000 1.000000 -0.000000 0.000100 0.000000 0.000000 1.000000 -0.000000 0.000000 0.000000 0.000000 1.000000</float_array>
        <technique_common>
          <accessor source="#mixamorig_R_A_skirt3-Matrix-animation-output-transform-array" count="22" stride="16">
            <param type="float4x4"/>
          </accessor>
        </technique_common>
      </source>
      <source id="mixamorig_R_A_skirt3-Interpolations">
        <Name_array id="mixamorig_R_A_skirt3-Interpolations-array" count="22">
 LINEAR LINEAR LINEAR LINEAR LINEAR LINEAR LINEAR LINEAR LINEAR LINEAR LINEAR
LINEAR LINEAR LINEAR LINEAR LINEAR LINEAR LINEAR LINEAR LINEAR LINEAR LINEAR</Name_array>
        <technique_common>
          <accessor source="#mixamorig_R_A_skirt3-Interpolations-array" count="22">
            <param type="name"/>
          </accessor>
        </technique_common>
      </source>
      <sampler id="mixamorig_R_A_skirt3-Matrix-animation-transform">
        <input semantic="INPUT" source="#mixamorig_R_A_skirt3-Matrix-animation-input"/>
        <input semantic="OUTPUT" source="#mixamorig_R_A_skirt3-Matrix-animation-output-transform"/>
        <input semantic="INTERPOLATION" source="#mixamorig_R_A_skirt3-Interpolations"/>
      </sampler>
      <channel source="#mixamorig_R_A_skirt3-Matrix-animation-transform" target="mixamorig_R_A_skirt3/matrix"/>
    </animation>
    <animation id="mixamorig_R_B_skirt1-anim" name="mixamorig_R_B_skirt1">
      <source id="mixamorig_R_B_skirt1-Matrix-animation-input">
        <float_array id="mixamorig_R_B_skirt1-Matrix-animation-input-array" count="22">

0.000000 0.033333 0.066667 0.100000 0.133333 0.166667 0.200000 0.233333 0.266667 0.300000 0.333333 0.366667 0.400000 0.433333 0.466667 0.500000
0.533333 0.566667 0.600000 0.633333 0.666667 0.700000</float_array>
        <technique_common>
          <accessor source="#mixamorig_R_B_skirt1-Matrix-animation-input-array" count="22">
            <param name="TIME" type="float"/>
          </accessor>
        </technique_common>
      </source>
      <source id="mixamorig_R_B_skirt1-Matrix-animation-output-transform">
        <float_array id="mixamorig_R_B_skirt1-Matrix-animation-output-transform-array" count="352">

-0.142189 -0.942168 0.303482 -22.789900 -0.985105 0.164647 0.049604 6.145800 -0.096702 -0.291908 -0.951545 0.309300 0.000000 0.000000 0.000000 1.000000
-0.142189 -0.942168 0.303482 -22.789900 -0.985105 0.164647 0.049604 6.145800 -0.096702 -0.291908 -0.951545 0.309300 0.000000 0.000000 0.000000 1.000000
-0.142189 -0.942168 0.303482 -22.789900 -0.985105 0.164647 0.049604 6.145800 -0.096702 -0.291908 -0.951545 0.309300 0.000000 0.000000 0.000000 1.000000
-0.142189 -0.942168 0.303482 -22.789900 -0.985105 0.164647 0.049604 6.145800 -0.096702 -0.291908 -0.951545 0.309300 0.000000 0.000000 0.000000 1.000000
-0.142189 -0.942168 0.303482 -22.789900 -0.985105 0.164647 0.049604 6.145800 -0.096702 -0.291908 -0.951545 0.309300 0.000000 0.000000 0.000000 1.000000
-0.142189 -0.942168 0.303482 -22.789900 -0.985105 0.164647 0.049604 6.145800 -0.096702 -0.291908 -0.951545 0.309300 0.000000 0.000000 0.000000 1.000000
-0.142189 -0.942168 0.303482 -22.789900 -0.985105 0.164647 0.049604 6.145800 -0.096702 -0.291908 -0.951545 0.309300 0.000000 0.000000 0.000000 1.000000
-0.142189 -0.942168 0.303482 -22.789900 -0.985105 0.164647 0.049604 6.145800 -0.096702 -0.291908 -0.951545 0.309300 0.000000 0.000000 0.000000 1.000000
-0.142189 -0.942168 0.303482 -22.789900 -0.985105 0.164647 0.049604 6.145800 -0.096702 -0.291908 -0.951545 0.309300 0.000000 0.000000 0.000000 1.000000
-0.142189 -0.942168 0.303482 -22.789900 -0.985105 0.164647 0.049604 6.145800 -0.096702 -0.291908 -0.951545 0.309300 0.000000 0.000000 0.000000 1.000000
-0.142189 -0.942168 0.303482 -22.789900 -0.985105 0.164647 0.049604 6.145800 -0.096702 -0.291908 -0.951545 0.309300 0.000000 0.000000 0.000000 1.000000
-0.142189 -0.942168 0.303482 -22.789900 -0.985105 0.164647 0.049604 6.145800 -0.096702 -0.291908 -0.951545 0.309300 0.000000 0.000000 0.000000 1.000000
-0.142189 -0.942168 0.303482 -22.789900 -0.985105 0.164647 0.049604 6.145800 -0.096702 -0.291908 -0.951545 0.309300 0.000000 0.000000 0.000000 1.000000
-0.142189 -0.942168 0.303482 -22.789900 -0.985105 0.164647 0.049604 6.145800 -0.096702 -0.291908 -0.951545 0.309300 0.000000 0.000000 0.000000 1.000000
-0.142189 -0.942168 0.303482 -22.789900 -0.985105 0.164647 0.049604 6.145800 -0.096702 -0.291908 -0.951545 0.309300 0.000000 0.000000 0.000000 1.000000
-0.142189 -0.942168 0.303482 -22.789900 -0.985105 0.164647 0.049604 6.145800 -0.096702 -0.291908 -0.951545 0.309300 0.000000 0.000000 0.000000 1.000000
-0.142189 -0.942168 0.303482 -22.789900 -0.985105 0.164647 0.049604 6.145800 -0.096702 -0.291908 -0.951545 0.309300 0.000000 0.000000 0.000000 1.000000
-0.142189 -0.942168 0.303482 -22.789900 -0.985105 0.164647 0.049604 6.145800 -0.096702 -0.291908 -0.951545 0.309300 0.000000 0.000000 0.000000 1.000000
-0.142189 -0.942168 0.303482 -22.789900 -0.985105 0.164647 0.049604 6.145800 -0.096702 -0.291908 -0.951545 0.309300 0.000000 0.000000 0.000000 1.000000
-0.142189 -0.942168 0.303482 -22.789900 -0.985105 0.164647 0.049604 6.145800 -0.096702 -0.291908 -0.951545 0.309300 0.000000 0.000000 0.000000 1.000000
-0.142189 -0.942168 0.303482 -22.789900 -0.985105 0.164647 0.049604 6.145800 -0.096702 -0.291908 -0.951545 0.309300 0.000000 0.000000 0.000000 1.000000
-0.142189 -0.942168 0.303482 -22.789900 -0.985105 0.164647 0.049604 6.145800 -0.096702 -0.291908 -0.951545 0.309300 0.000000 0.000000 0.000000 1.000000</float_array>
        <technique_common>
          <accessor source="#mixamorig_R_B_skirt1-Matrix-animation-output-transform-array" count="22" stride="16">
            <param type="float4x4"/>
          </accessor>
        </technique_common>
      </source>
      <source id="mixamorig_R_B_skirt1-Interpolations">
        <Name_array id="mixamorig_R_B_skirt1-Interpolations-array" count="22">
 LINEAR LINEAR LINEAR LINEAR LINEAR LINEAR LINEAR LINEAR LINEAR LINEAR LINEAR
LINEAR LINEAR LINEAR LINEAR LINEAR LINEAR LINEAR LINEAR LINEAR LINEAR LINEAR</Name_array>
        <technique_common>
          <accessor source="#mixamorig_R_B_skirt1-Interpolations-array" count="22">
            <param type="name"/>
          </accessor>
        </technique_common>
      </source>
      <sampler id="mixamorig_R_B_skirt1-Matrix-animation-transform">
        <input semantic="INPUT" source="#mixamorig_R_B_skirt1-Matrix-animation-input"/>
        <input semantic="OUTPUT" source="#mixamorig_R_B_skirt1-Matrix-animation-output-transform"/>
        <input semantic="INTERPOLATION" source="#mixamorig_R_B_skirt1-Interpolations"/>
      </sampler>
      <channel source="#mixamorig_R_B_skirt1-Matrix-animation-transform" target="mixamorig_R_B_skirt1/matrix"/>
    </animation>
    <animation id="mixamorig_R_B_skirt2-anim" name="mixamorig_R_B_skirt2">
      <source id="mixamorig_R_B_skirt2-Matrix-animation-input">
        <float_array id="mixamorig_R_B_skirt2-Matrix-animation-input-array" count="22">

0.000000 0.033333 0.066667 0.100000 0.133333 0.166667 0.200000 0.233333 0.266667 0.300000 0.333333 0.366667 0.400000 0.433333 0.466667 0.500000
0.533333 0.566667 0.600000 0.633333 0.666667 0.700000</float_array>
        <technique_common>
          <accessor source="#mixamorig_R_B_skirt2-Matrix-animation-input-array" count="22">
            <param name="TIME" type="float"/>
          </accessor>
        </technique_common>
      </source>
      <source id="mixamorig_R_B_skirt2-Matrix-animation-output-transform">
        <float_array id="mixamorig_R_B_skirt2-Matrix-animation-output-transform-array" count="352">

1.000000 -0.000000 0.000000 27.083401 0.000000 1.000000 0.000000 0.000000 0.000000 0.000000 1.000000 0.000000 0.000000 0.000000 0.000000 1.000000
1.000000 -0.000000 0.000000 27.083401 -0.000000 1.000000 0.000000 0.000000 0.000000 0.000000 1.000000 0.000000 0.000000 0.000000 0.000000 1.000000
1.000000 -0.000000 0.000000 27.083401 0.000000 1.000000 0.000000 0.000000 0.000000 0.000000 1.000000 0.000000 0.000000 0.000000 0.000000 1.000000
1.000000 0.000000 0.000000 27.083401 0.000000 1.000000 0.000000 0.000000 -0.000000 -0.000000 1.000000 0.000000 0.000000 0.000000 0.000000 1.000000
1.000000 -0.000000 0.000000 27.083401 0.000000 1.000000 -0.000000 0.000000 -0.000000 -0.000000 1.000000 0.000000 0.000000 0.000000 0.000000 1.000000
1.000000 -0.000000 0.000000 27.083401 -0.000000 1.000000 -0.000000 0.000000 0.000000 -0.000000 1.000000 -0.000000 0.000000 0.000000 0.000000 1.000000
1.000000 -0.000000 -0.000000 27.083401 0.000000 1.000000 0.000000 0.000000 0.000000 0.000000 1.000000 0.000000 0.000000 0.000000 0.000000 1.000000
1.000000 0.000000 0.000000 27.083401 0.000000 1.000000 0.000000 -0.000000 0.000000 -0.000000 1.000000 -0.000000 0.000000 0.000000 0.000000 1.000000
1.000000 0.000000 0.000000 27.083401 -0.000000 1.000000 0.000000 0.000000 0.000000 -0.000000 1.000000 -0.000000 0.000000 0.000000 0.000000 1.000000
1.000000 0.000000 0.000000 27.083401 -0.000000 1.000000 0.000000 0.000000 -0.000000 0.000000 1.000000 -0.000000 0.000000 0.000000 0.000000 1.000000
1.000000 -0.000000 -0.000000 27.083401 0.000000 1.000000 0.000000 0.000000 -0.000000 -0.000000 1.000000 0.000000 0.000000 0.000000 0.000000 1.000000
1.000000 0.000000 0.000000 27.083401 -0.000000 1.000000 0.000000 0.000000 0.000000 0.000000 1.000000 -0.000000 0.000000 0.000000 0.000000 1.000000
1.000000 0.000000 0.000000 27.083401 -0.000000 1.000000 -0.000000 -0.000000 0.000000 -0.000000 1.000000 0.000000 0.000000 0.000000 0.000000 1.000000
1.000000 0.000000 0.000000 27.083401 -0.000000 1.000000 0.000000 0.000000 0.000000 0.000000 1.000000 -0.000000 0.000000 0.000000 0.000000 1.000000
1.000000 0.000000 0.000000 27.083401 0.000000 1.000000 0.000000 0.000000 0.000000 0.000000 1.000000 0.000000 0.000000 0.000000 0.000000 1.000000
1.000000 0.000000 0.000000 27.083401 0.000000 1.000000 -0.000000 0.000000 -0.000000 0.000000 1.000000 0.000000 0.000000 0.000000 0.000000 1.000000
1.000000 0.000000 -0.000000 27.083401 -0.000000 1.000000 -0.000000 -0.000000 0.000000 0.000000 1.000000 0.000000 0.000000 0.000000 0.000000 1.000000
1.000000 -0.000000 0.000000 27.083401 0.000000 1.000000 0.000000 0.000000 -0.000000 0.000000 1.000000 0.000000 0.000000 0.000000 0.000000 1.000000
1.000000 0.000000 0.000000 27.083401 -0.000000 1.000000 0.000000 0.000000 0.000000 0.000000 1.000000 -0.000000 0.000000 0.000000 0.000000 1.000000
1.000000 0.000000 0.000000 27.083401 -0.000000 1.000000 0.000000 0.000000 -0.000000 -0.000000 1.000000 0.000000 0.000000 0.000000 0.000000 1.000000
1.000000 0.000000 -0.000000 27.083401 0.000000 1.000000 -0.000000 0.000000 -0.000000 -0.000000 1.000000 -0.000000 0.000000 0.000000 0.000000 1.000000
1.000000 -0.000000 0.000000 27.083401 -0.000000 1.000000 0.000000 -0.000000 0.000000 0.000000 1.000000 0.000000 0.000000 0.000000 0.000000 1.000000</float_array>
        <technique_common>
          <accessor source="#mixamorig_R_B_skirt2-Matrix-animation-output-transform-array" count="22" stride="16">
            <param type="float4x4"/>
          </accessor>
        </technique_common>
      </source>
      <source id="mixamorig_R_B_skirt2-Interpolations">
        <Name_array id="mixamorig_R_B_skirt2-Interpolations-array" count="22">
 LINEAR LINEAR LINEAR LINEAR LINEAR LINEAR LINEAR LINEAR LINEAR LINEAR LINEAR
LINEAR LINEAR LINEAR LINEAR LINEAR LINEAR LINEAR LINEAR LINEAR LINEAR LINEAR</Name_array>
        <technique_common>
          <accessor source="#mixamorig_R_B_skirt2-Interpolations-array" count="22">
            <param type="name"/>
          </accessor>
        </technique_common>
      </source>
      <sampler id="mixamorig_R_B_skirt2-Matrix-animation-transform">
        <input semantic="INPUT" source="#mixamorig_R_B_skirt2-Matrix-animation-input"/>
        <input semantic="OUTPUT" source="#mixamorig_R_B_skirt2-Matrix-animation-output-transform"/>
        <input semantic="INTERPOLATION" source="#mixamorig_R_B_skirt2-Interpolations"/>
      </sampler>
      <channel source="#mixamorig_R_B_skirt2-Matrix-animation-transform" target="mixamorig_R_B_skirt2/matrix"/>
    </animation>
    <animation id="mixamorig_R_B_skirt3-anim" name="mixamorig_R_B_skirt3">
      <source id="mixamorig_R_B_skirt3-Matrix-animation-input">
        <float_array id="mixamorig_R_B_skirt3-Matrix-animation-input-array" count="22">

0.000000 0.033333 0.066667 0.100000 0.133333 0.166667 0.200000 0.233333 0.266667 0.300000 0.333333 0.366667 0.400000 0.433333 0.466667 0.500000
0.533333 0.566667 0.600000 0.633333 0.666667 0.700000</float_array>
        <technique_common>
          <accessor source="#mixamorig_R_B_skirt3-Matrix-animation-input-array" count="22">
            <param name="TIME" type="float"/>
          </accessor>
        </technique_common>
      </source>
      <source id="mixamorig_R_B_skirt3-Matrix-animation-output-transform">
        <float_array id="mixamorig_R_B_skirt3-Matrix-animation-output-transform-array" count="352">

1.000000 0.000000 0.000000 26.734699 0.000000 1.000000 0.000000 0.000000 0.000000 0.000000 1.000000 0.000000 0.000000 0.000000 0.000000 1.000000
1.000000 0.000000 0.000000 26.734699 -0.000000 1.000000 0.000000 0.000000 0.000000 -0.000000 1.000000 0.000000 0.000000 0.000000 0.000000 1.000000
1.000000 0.000000 0.000000 26.734699 -0.000000 1.000000 0.000000 0.000000 0.000000 -0.000000 1.000000 0.000000 0.000000 0.000000 0.000000 1.000000
1.000000 0.000000 0.000000 26.734699 0.000000 1.000000 -0.000000 0.000000 -0.000000 -0.000000 1.000000 -0.000000 0.000000 0.000000 0.000000 1.000000
1.000000 -0.000000 -0.000000 26.734699 0.000000 1.000000 -0.000000 0.000000 0.000000 -0.000000 1.000000 0.000000 0.000000 0.000000 0.000000 1.000000
1.000000 0.000000 0.000000 26.734699 0.000000 1.000000 -0.000000 0.000000 -0.000000 -0.000000 1.000000 0.000000 0.000000 0.000000 0.000000 1.000000
1.000000 0.000000 0.000000 26.734699 -0.000000 1.000000 0.000000 0.000000 0.000000 0.000000 1.000000 0.000000 0.000000 0.000000 0.000000 1.000000
1.000000 0.000000 0.000000 26.734699 -0.000000 1.000000 0.000000 0.000000 -0.000000 -0.000000 1.000000 -0.000000 0.000000 0.000000 0.000000 1.000000
1.000000 0.000000 0.000000 26.734699 -0.000000 1.000000 0.000000 0.000000 -0.000000 -0.000000 1.000000 0.000000 0.000000 0.000000 0.000000 1.000000
1.000000 0.000000 0.000000 26.734699 -0.000000 1.000000 0.000000 0.000000 -0.000000 0.000000 1.000000 0.000000 0.000000 0.000000 0.000000 1.000000
1.000000 -0.000000 -0.000000 26.734699 0.000000 1.000000 0.000000 0.000000 0.000000 -0.000000 1.000000 -0.000000 0.000000 0.000000 0.000000 1.000000
1.000000 -0.000000 0.000000 26.734699 -0.000000 1.000000 0.000000 0.000000 0.000000 0.000000 1.000000 -0.000000 0.000000 0.000000 0.000000 1.000000
1.000000 0.000000 0.000000 26.734699 -0.000000 1.000000 -0.000000 0.000000 0.000000 -0.000000 1.000000 0.000000 0.000000 0.000000 0.000000 1.000000
1.000000 0.000000 0.000000 26.734699 -0.000000 1.000000 0.000000 0.000000 -0.000000 -0.000000 1.000000 0.000000 0.000000 0.000000 0.000000 1.000000
1.000000 0.000000 0.000000 26.734699 -0.000000 1.000000 0.000000 -0.000000 0.000000 0.000000 1.000000 0.000000 0.000000 0.000000 0.000000 1.000000
1.000000 -0.000000 0.000000 26.734699 -0.000000 1.000000 -0.000000 0.000000 0.000000 -0.000000 1.000000 -0.000000 0.000000 0.000000 0.000000 1.000000
1.000000 0.000000 0.000000 26.734699 0.000000 1.000000 -0.000000 0.000000 0.000000 0.000000 1.000000 0.000000 0.000000 0.000000 0.000000 1.000000
1.000000 -0.000000 0.000000 26.734699 0.000000 1.000000 0.000000 0.000000 -0.000000 0.000000 1.000000 0.000000 0.000000 0.000000 0.000000 1.000000
1.000000 0.000000 0.000000 26.734699 -0.000000 1.000000 0.000000 0.000000 0.000000 0.000000 1.000000 0.000000 0.000000 0.000000 0.000000 1.000000
1.000000 0.000000 -0.000000 26.734699 -0.000000 1.000000 0.000000 0.000000 0.000000 0.000000 1.000000 0.000000 0.000000 0.000000 0.000000 1.000000
1.000000 0.000000 0.000000 26.734699 0.000000 1.000000 0.000000 0.000000 -0.000000 -0.000000 1.000000 0.000000 0.000000 0.000000 0.000000 1.000000
1.000000 -0.000000 0.000000 26.734699 -0.000000 1.000000 0.000000 0.000000 0.000000 0.000000 1.000000 0.000000 0.000000 0.000000 0.000000 1.000000</float_array>
        <technique_common>
          <accessor source="#mixamorig_R_B_skirt3-Matrix-animation-output-transform-array" count="22" stride="16">
            <param type="float4x4"/>
          </accessor>
        </technique_common>
      </source>
      <source id="mixamorig_R_B_skirt3-Interpolations">
        <Name_array id="mixamorig_R_B_skirt3-Interpolations-array" count="22">
 LINEAR LINEAR LINEAR LINEAR LINEAR LINEAR LINEAR LINEAR LINEAR LINEAR LINEAR
LINEAR LINEAR LINEAR LINEAR LINEAR LINEAR LINEAR LINEAR LINEAR LINEAR LINEAR</Name_array>
        <technique_common>
          <accessor source="#mixamorig_R_B_skirt3-Interpolations-array" count="22">
            <param type="name"/>
          </accessor>
        </technique_common>
      </source>
      <sampler id="mixamorig_R_B_skirt3-Matrix-animation-transform">
        <input semantic="INPUT" source="#mixamorig_R_B_skirt3-Matrix-animation-input"/>
        <input semantic="OUTPUT" source="#mixamorig_R_B_skirt3-Matrix-animation-output-transform"/>
        <input semantic="INTERPOLATION" source="#mixamorig_R_B_skirt3-Interpolations"/>
      </sampler>
      <channel source="#mixamorig_R_B_skirt3-Matrix-animation-transform" target="mixamorig_R_B_skirt3/matrix"/>
    </animation>
    <animation id="mixamorig_F_skirt1-anim" name="mixamorig_F_skirt1">
      <source id="mixamorig_F_skirt1-Matrix-animation-input">
        <float_array id="mixamorig_F_skirt1-Matrix-animation-input-array" count="22">

0.000000 0.033333 0.066667 0.100000 0.133333 0.166667 0.200000 0.233333 0.266667 0.300000 0.333333 0.366667 0.400000 0.433333 0.466667 0.500000
0.533333 0.566667 0.600000 0.633333 0.666667 0.700000</float_array>
        <technique_common>
          <accessor source="#mixamorig_F_skirt1-Matrix-animation-input-array" count="22">
            <param name="TIME" type="float"/>
          </accessor>
        </technique_common>
      </source>
      <source id="mixamorig_F_skirt1-Matrix-animation-output-transform">
        <float_array id="mixamorig_F_skirt1-Matrix-animation-output-transform-array" count="352">

-0.000002 0.000000 -1.000000 -0.093700 -0.998606 0.052777 0.000002 -3.741800 0.052777 0.998606 0.000000 24.067699 0.000000 0.000000 0.000000 1.000000
-0.000002 0.000000 -1.000000 -0.093700 -0.998606 0.052777 0.000002 -3.741800 0.052777 0.998606 0.000000 24.067699 0.000000 0.000000 0.000000 1.000000
-0.000002 0.000000 -1.000000 -0.093700 -0.998606 0.052777 0.000002 -3.741800 0.052777 0.998606 0.000000 24.067699 0.000000 0.000000 0.000000 1.000000
-0.000002 0.000000 -1.000000 -0.093700 -0.998606 0.052777 0.000002 -3.741800 0.052777 0.998606 0.000000 24.067699 0.000000 0.000000 0.000000 1.000000
-0.000002 0.000000 -1.000000 -0.093700 -0.998606 0.052777 0.000002 -3.741800 0.052777 0.998606 0.000000 24.067699 0.000000 0.000000 0.000000 1.000000
-0.000002 0.000000 -1.000000 -0.093700 -0.998606 0.052777 0.000002 -3.741800 0.052777 0.998606 0.000000 24.067699 0.000000 0.000000 0.000000 1.000000
-0.000002 0.000000 -1.000000 -0.093700 -0.998606 0.052777 0.000002 -3.741800 0.052777 0.998606 0.000000 24.067699 0.000000 0.000000 0.000000 1.000000
-0.000002 0.000000 -1.000000 -0.093700 -0.998606 0.052777 0.000002 -3.741800 0.052777 0.998606 0.000000 24.067699 0.000000 0.000000 0.000000 1.000000
-0.000002 0.000000 -1.000000 -0.093700 -0.998606 0.052777 0.000002 -3.741800 0.052777 0.998606 0.000000 24.067699 0.000000 0.000000 0.000000 1.000000
-0.000002 0.000000 -1.000000 -0.093700 -0.998606 0.052777 0.000002 -3.741800 0.052777 0.998606 0.000000 24.067699 0.000000 0.000000 0.000000 1.000000
-0.000002 0.000000 -1.000000 -0.093700 -0.998606 0.052777 0.000002 -3.741800 0.052777 0.998606 0.000000 24.067699 0.000000 0.000000 0.000000 1.000000
-0.000002 0.000000 -1.000000 -0.093700 -0.998606 0.052777 0.000002 -3.741800 0.052777 0.998606 0.000000 24.067699 0.000000 0.000000 0.000000 1.000000
-0.000002 0.000000 -1.000000 -0.093700 -0.998606 0.052777 0.000002 -3.741800 0.052777 0.998606 0.000000 24.067699 0.000000 0.000000 0.000000 1.000000
-0.000002 0.000000 -1.000000 -0.093700 -0.998606 0.052777 0.000002 -3.741800 0.052777 0.998606 0.000000 24.067699 0.000000 0.000000 0.000000 1.000000
-0.000002 0.000000 -1.000000 -0.093700 -0.998606 0.052777 0.000002 -3.741800 0.052777 0.998606 0.000000 24.067699 0.000000 0.000000 0.000000 1.000000
-0.000002 0.000000 -1.000000 -0.093700 -0.998606 0.052777 0.000002 -3.741800 0.052777 0.998606 0.000000 24.067699 0.000000 0.000000 0.000000 1.000000
-0.000002 0.000000 -1.000000 -0.093700 -0.998606 0.052777 0.000002 -3.741800 0.052777 0.998606 0.000000 24.067699 0.000000 0.000000 0.000000 1.000000
-0.000002 0.000000 -1.000000 -0.093700 -0.998606 0.052777 0.000002 -3.741800 0.052777 0.998606 0.000000 24.067699 0.000000 0.000000 0.000000 1.000000
-0.000002 0.000000 -1.000000 -0.093700 -0.998606 0.052777 0.000002 -3.741800 0.052777 0.998606 0.000000 24.067699 0.000000 0.000000 0.000000 1.000000
-0.000002 0.000000 -1.000000 -0.093700 -0.998606 0.052777 0.000002 -3.741800 0.052777 0.998606 0.000000 24.067699 0.000000 0.000000 0.000000 1.000000
-0.000002 0.000000 -1.000000 -0.093700 -0.998606 0.052777 0.000002 -3.741800 0.052777 0.998606 0.000000 24.067699 0.000000 0.000000 0.000000 1.000000
-0.000002 0.000000 -1.000000 -0.093700 -0.998606 0.052777 0.000002 -3.741800 0.052777 0.998606 0.000000 24.067699 0.000000 0.000000 0.000000 1.000000</float_array>
        <technique_common>
          <accessor source="#mixamorig_F_skirt1-Matrix-animation-output-transform-array" count="22" stride="16">
            <param type="float4x4"/>
          </accessor>
        </technique_common>
      </source>
      <source id="mixamorig_F_skirt1-Interpolations">
        <Name_array id="mixamorig_F_skirt1-Interpolations-array" count="22">
 LINEAR LINEAR LINEAR LINEAR LINEAR LINEAR LINEAR LINEAR LINEAR LINEAR LINEAR
LINEAR LINEAR LINEAR LINEAR LINEAR LINEAR LINEAR LINEAR LINEAR LINEAR LINEAR</Name_array>
        <technique_common>
          <accessor source="#mixamorig_F_skirt1-Interpolations-array" count="22">
            <param type="name"/>
          </accessor>
        </technique_common>
      </source>
      <sampler id="mixamorig_F_skirt1-Matrix-animation-transform">
        <input semantic="INPUT" source="#mixamorig_F_skirt1-Matrix-animation-input"/>
        <input semantic="OUTPUT" source="#mixamorig_F_skirt1-Matrix-animation-output-transform"/>
        <input semantic="INTERPOLATION" source="#mixamorig_F_skirt1-Interpolations"/>
      </sampler>
      <channel source="#mixamorig_F_skirt1-Matrix-animation-transform" target="mixamorig_F_skirt1/matrix"/>
    </animation>
    <animation id="mixamorig_F_skirt2-anim" name="mixamorig_F_skirt2">
      <source id="mixamorig_F_skirt2-Matrix-animation-input">
        <float_array id="mixamorig_F_skirt2-Matrix-animation-input-array" count="22">

0.000000 0.033333 0.066667 0.100000 0.133333 0.166667 0.200000 0.233333 0.266667 0.300000 0.333333 0.366667 0.400000 0.433333 0.466667 0.500000
0.533333 0.566667 0.600000 0.633333 0.666667 0.700000</float_array>
        <technique_common>
          <accessor source="#mixamorig_F_skirt2-Matrix-animation-input-array" count="22">
            <param name="TIME" type="float"/>
          </accessor>
        </technique_common>
      </source>
      <source id="mixamorig_F_skirt2-Matrix-animation-output-transform">
        <float_array id="mixamorig_F_skirt2-Matrix-animation-output-transform-array" count="352">

1.000000 -0.000000 0.000000 23.567801 0.000000 1.000000 0.000000 0.000000 -0.000000 0.000000 1.000000 0.000000 0.000000 0.000000 0.000000 1.000000
1.000000 0.000000 0.000000 23.567801 0.000000 1.000000 0.000000 0.000000 0.000000 0.000000 1.000000 0.000000 0.000000 0.000000 0.000000 1.000000
1.000000 -0.000000 0.000000 23.567801 0.000000 1.000000 0.000000 0.000000 -0.000000 -0.000000 1.000000 0.000000 0.000000 0.000000 0.000000 1.000000
1.000000 0.000000 0.000000 23.567801 0.000000 1.000000 -0.000000 0.000000 0.000000 0.000000 1.000000 0.000000 0.000000 0.000000 0.000000 1.000000
1.000000 0.000000 -0.000000 23.567801 0.000000 1.000000 -0.000000 0.000000 0.000000 -0.000000 1.000000 -0.000000 0.000000 0.000000 0.000000 1.000000
1.000000 -0.000000 0.000000 23.567801 -0.000000 1.000000 0.000000 0.000000 -0.000000 0.000000 1.000000 -0.000000 0.000000 0.000000 0.000000 1.000000
1.000000 0.000000 -0.000000 23.567801 -0.000000 1.000000 0.000000 0.000000 -0.000000 0.000000 1.000000 0.000000 0.000000 0.000000 0.000000 1.000000
1.000000 0.000000 0.000000 23.567801 0.000000 1.000000 -0.000000 0.000000 0.000000 -0.000000 1.000000 0.000000 0.000000 0.000000 0.000000 1.000000
1.000000 0.000000 0.000000 23.567801 0.000000 1.000000 -0.000000 0.000000 0.000000 -0.000000 1.000000 -0.000000 0.000000 0.000000 0.000000 1.000000
1.000000 0.000000 -0.000000 23.567801 -0.000000 1.000000 0.000000 0.000000 0.000000 0.000000 1.000000 0.000000 0.000000 0.000000 0.000000 1.000000
1.000000 -0.000000 0.000000 23.567801 0.000000 1.000000 0.000000 -0.000000 -0.000000 -0.000000 1.000000 0.000000 0.000000 0.000000 0.000000 1.000000
1.000000 -0.000000 0.000000 23.567801 -0.000000 1.000000 0.000000 0.000000 -0.000000 0.000000 1.000000 0.000000 0.000000 0.000000 0.000000 1.000000
1.000000 -0.000000 -0.000000 23.567801 0.000000 1.000000 -0.000000 0.000000 0.000000 0.000000 1.000000 -0.000000 0.000000 0.000000 0.000000 1.000000
1.000000 -0.000000 0.000000 23.567801 0.000000 1.000000 -0.000000 0.000000 -0.000000 0.000000 1.000000 0.000000 0.000000 0.000000 0.000000 1.000000
1.000000 -0.000000 -0.000000 23.567801 0.000000 1.000000 0.000000 0.000000 0.000000 0.000000 1.000000 0.000000 0.000000 0.000000 0.000000 1.000000
1.000000 -0.000000 -0.000000 23.567801 0.000000 1.000000 -0.000000 0.000000 0.000000 0.000000 1.000000 0.000000 0.000000 0.000000 0.000000 1.000000
1.000000 0.000000 0.000000 23.567801 -0.000000 1.000000 -0.000000 -0.000000 -0.000000 0.000000 1.000000 -0.000000 0.000000 0.000000 0.000000 1.000000
1.000000 -0.000000 -0.000000 23.567801 0.000000 1.000000 -0.000000 0.000000 -0.000000 0.000000 1.000000 0.000000 0.000000 0.000000 0.000000 1.000000
1.000000 0.000000 0.000000 23.567801 -0.000000 1.000000 -0.000000 0.000000 -0.000000 0.000000 1.000000 0.000000 0.000000 0.000000 0.000000 1.000000
1.000000 0.000000 -0.000000 23.567801 0.000000 1.000000 0.000000 0.000000 0.000000 0.000000 1.000000 0.000000 0.000000 0.000000 0.000000 1.000000
1.000000 -0.000000 -0.000000 23.567801 0.000000 1.000000 -0.000000 0.000000 -0.000000 0.000000 1.000000 0.000000 0.000000 0.000000 0.000000 1.000000
1.000000 0.000000 0.000000 23.567801 0.000000 1.000000 -0.000000 -0.000000 -0.000000 0.000000 1.000000 0.000000 0.000000 0.000000 0.000000 1.000000</float_array>
        <technique_common>
          <accessor source="#mixamorig_F_skirt2-Matrix-animation-output-transform-array" count="22" stride="16">
            <param type="float4x4"/>
          </accessor>
        </technique_common>
      </source>
      <source id="mixamorig_F_skirt2-Interpolations">
        <Name_array id="mixamorig_F_skirt2-Interpolations-array" count="22">
 LINEAR LINEAR LINEAR LINEAR LINEAR LINEAR LINEAR LINEAR LINEAR LINEAR LINEAR
LINEAR LINEAR LINEAR LINEAR LINEAR LINEAR LINEAR LINEAR LINEAR LINEAR LINEAR</Name_array>
        <technique_common>
          <accessor source="#mixamorig_F_skirt2-Interpolations-array" count="22">
            <param type="name"/>
          </accessor>
        </technique_common>
      </source>
      <sampler id="mixamorig_F_skirt2-Matrix-animation-transform">
        <input semantic="INPUT" source="#mixamorig_F_skirt2-Matrix-animation-input"/>
        <input semantic="OUTPUT" source="#mixamorig_F_skirt2-Matrix-animation-output-transform"/>
        <input semantic="INTERPOLATION" source="#mixamorig_F_skirt2-Interpolations"/>
      </sampler>
      <channel source="#mixamorig_F_skirt2-Matrix-animation-transform" target="mixamorig_F_skirt2/matrix"/>
    </animation>
    <animation id="mixamorig_F_skirt3-anim" name="mixamorig_F_skirt3">
      <source id="mixamorig_F_skirt3-Matrix-animation-input">
        <float_array id="mixamorig_F_skirt3-Matrix-animation-input-array" count="22">

0.000000 0.033333 0.066667 0.100000 0.133333 0.166667 0.200000 0.233333 0.266667 0.300000 0.333333 0.366667 0.400000 0.433333 0.466667 0.500000
0.533333 0.566667 0.600000 0.633333 0.666667 0.700000</float_array>
        <technique_common>
          <accessor source="#mixamorig_F_skirt3-Matrix-animation-input-array" count="22">
            <param name="TIME" type="float"/>
          </accessor>
        </technique_common>
      </source>
      <source id="mixamorig_F_skirt3-Matrix-animation-output-transform">
        <float_array id="mixamorig_F_skirt3-Matrix-animation-output-transform-array" count="352">

1.000000 -0.000000 0.000000 23.545500 0.000000 1.000000 0.000000 0.000000 -0.000000 0.000000 1.000000 0.000000 0.000000 0.000000 0.000000 1.000000
1.000000 0.000000 0.000000 23.545500 0.000000 1.000000 0.000000 0.000000 -0.000000 -0.000000 1.000000 0.000000 0.000000 0.000000 0.000000 1.000000
1.000000 0.000000 0.000000 23.545500 0.000000 1.000000 0.000000 0.000000 -0.000000 -0.000000 1.000000 0.000000 0.000000 0.000000 0.000000 1.000000
1.000000 0.000000 0.000000 23.545500 0.000000 1.000000 -0.000000 0.000000 -0.000000 0.000000 1.000000 0.000000 0.000000 0.000000 0.000000 1.000000
1.000000 0.000000 -0.000000 23.545500 0.000000 1.000000 -0.000000 -0.000000 -0.000000 -0.000000 1.000000 0.000000 0.000000 0.000000 0.000000 1.000000
1.000000 -0.000000 0.000000 23.545500 -0.000000 1.000000 0.000000 0.000000 -0.000000 0.000000 1.000000 0.000000 0.000000 0.000000 0.000000 1.000000
1.000000 0.000000 -0.000000 23.545500 0.000000 1.000000 -0.000000 0.000000 -0.000000 0.000000 1.000000 0.000000 0.000000 0.000000 0.000000 1.000000
1.000000 0.000000 0.000000 23.545500 0.000000 1.000000 -0.000000 0.000000 0.000000 -0.000000 1.000000 -0.000000 0.000000 0.000000 0.000000 1.000000
1.000000 0.000000 0.000000 23.545500 0.000000 1.000000 0.000000 0.000000 0.000000 -0.000000 1.000000 0.000000 0.000000 0.000000 0.000000 1.000000
1.000000 0.000000 -0.000000 23.545500 -0.000000 1.000000 0.000000 0.000000 0.000000 0.000000 1.000000 0.000000 0.000000 0.000000 0.000000 1.000000
1.000000 0.000000 0.000000 23.545500 0.000000 1.000000 0.000000 0.000000 -0.000000 0.000000 1.000000 0.000000 0.000000 0.000000 0.000000 1.000000
1.000000 0.000000 0.000000 23.545500 -0.000000 1.000000 0.000000 0.000000 0.000000 0.000000 1.000000 0.000000 0.000000 0.000000 0.000000 1.000000
1.000000 -0.000000 0.000000 23.545500 0.000000 1.000000 -0.000000 -0.000000 0.000000 0.000000 1.000000 -0.000000 0.000000 0.000000 0.000000 1.000000
1.000000 0.000000 0.000000 23.545500 0.000000 1.000000 0.000000 0.000000 -0.000000 0.000000 1.000000 0.000000 0.000000 0.000000 0.000000 1.000000
1.000000 -0.000000 0.000000 23.545500 0.000000 1.000000 0.000000 0.000000 -0.000000 0.000000 1.000000 0.000000 0.000000 0.000000 0.000000 1.000000
1.000000 0.000000 -0.000000 23.545500 0.000000 1.000000 -0.000000 0.000000 0.000000 0.000000 1.000000 0.000000 0.000000 0.000000 0.000000 1.000000
1.000000 0.000000 0.000000 23.545500 -0.000000 1.000000 0.000000 0.000000 -0.000000 0.000000 1.000000 0.000000 0.000000 0.000000 0.000000 1.000000
1.000000 -0.000000 -0.000000 23.545500 0.000000 1.000000 0.000000 0.000000 0.000000 -0.000000 1.000000 0.000000 0.000000 0.000000 0.000000 1.000000
1.000000 0.000000 0.000000 23.545500 -0.000000 1.000000 -0.000000 -0.000000 -0.000000 0.000000 1.000000 0.000000 0.000000 0.000000 0.000000 1.000000
1.000000 0.000000 0.000000 23.545500 0.000000 1.000000 -0.000000 0.000000 0.000000 0.000000 1.000000 0.000000 0.000000 0.000000 0.000000 1.000000
1.000000 -0.000000 -0.000000 23.545500 0.000000 1.000000 0.000000 -0.000000 -0.000000 0.000000 1.000000 0.000000 0.000000 0.000000 0.000000 1.000000
1.000000 0.000000 0.000000 23.545500 0.000000 1.000000 0.000000 0.000000 0.000000 0.000000 1.000000 0.000000 0.000000 0.000000 0.000000 1.000000</float_array>
        <technique_common>
          <accessor source="#mixamorig_F_skirt3-Matrix-animation-output-transform-array" count="22" stride="16">
            <param type="float4x4"/>
          </accessor>
        </technique_common>
      </source>
      <source id="mixamorig_F_skirt3-Interpolations">
        <Name_array id="mixamorig_F_skirt3-Interpolations-array" count="22">
 LINEAR LINEAR LINEAR LINEAR LINEAR LINEAR LINEAR LINEAR LINEAR LINEAR LINEAR
LINEAR LINEAR LINEAR LINEAR LINEAR LINEAR LINEAR LINEAR LINEAR LINEAR LINEAR</Name_array>
        <technique_common>
          <accessor source="#mixamorig_F_skirt3-Interpolations-array" count="22">
            <param type="name"/>
          </accessor>
        </technique_common>
      </source>
      <sampler id="mixamorig_F_skirt3-Matrix-animation-transform">
        <input semantic="INPUT" source="#mixamorig_F_skirt3-Matrix-animation-input"/>
        <input semantic="OUTPUT" source="#mixamorig_F_skirt3-Matrix-animation-output-transform"/>
        <input semantic="INTERPOLATION" source="#mixamorig_F_skirt3-Interpolations"/>
      </sampler>
      <channel source="#mixamorig_F_skirt3-Matrix-animation-transform" target="mixamorig_F_skirt3/matrix"/>
    </animation>
  </library_animations>
  <library_visual_scenes>
    <visual_scene id="RootNode" name="RootNode">
      <node id="mixamorig_Hips" name="mixamorig_Hips" sid="mixamorig_Hips" type="JOINT">
        <matrix sid="matrix">0.994832 0.089199 -0.048513 0.122579 -0.086713 0.994920 0.051138 102.058479 0.052828 -0.046668 0.997513 2.284494 0.000000 0.000000 0.000000 1.000000</matrix>
        <node id="mixamorig_Spine" name="mixamorig_Spine" sid="mixamorig_Spine" type="JOINT">
          <matrix sid="matrix">0.979959 -0.103119 0.170431 0.072000 0.115535 0.991201 -0.064590 7.257300 -0.162271 0.082986 0.983250 -0.789700 0.000000 0.000000 0.000000 1.000000</matrix>
          <node id="mixamorig_Spine1" name="mixamorig_Spine1" sid="mixamorig_Spine1" type="JOINT">
            <matrix sid="matrix">0.999720 -0.001107 0.023632 0.000000 0.001291 0.999969 -0.007762 8.558700 -0.023623 0.007790 0.999691 0.000000 0.000000 0.000000 0.000000 1.000000</matrix>
            <node id="mixamorig_Spine2" name="mixamorig_Spine2" sid="mixamorig_Spine2" type="JOINT">
              <matrix sid="matrix">0.999716 0.001410 0.023778 -0.000000 0.001035 0.994735 -0.102480 29.149500 -0.023797 0.102475 0.994451 1.721100 0.000000 0.000000 0.000000 1.000000</matrix>
              <node id="mixamorig_Neck" name="mixamorig_Neck" sid="mixamorig_Neck" type="JOINT">
                <matrix sid="matrix">0.998888 -0.023972 -0.040607 -0.000000 0.021453 0.997884 -0.061371 13.857900 0.041992 0.060431 0.997289 7.405300 0.000000 0.000000 0.000000 1.000000</matrix>
                <node id="mixamorig_Head" name="mixamorig_Head" sid="mixamorig_Head" type="JOINT">
                  <matrix sid="matrix">0.995525 0.054983 -0.076850 -0.000000 -0.024846 0.936978 0.348505 8.198500 0.091168 -0.345036 0.934151 5.703100 0.000000 0.000000 0.000000 1.000000</matrix>
                  <node id="mixamorig_HeadTop_End" name="mixamorig_HeadTop_End" sid="mixamorig_HeadTop_End" type="JOINT">
                    <matrix sid="matrix">1.000000 -0.000000 0.000000 0.000000 -0.000000 1.000000 0.000000 17.760799 0.000000 0.000000 1.000000 13.332700 0.000000 0.000000 0.000000 1.000000</matrix>
                  </node>
                  <node id="LeftEye" name="LeftEye" sid="LeftEye" type="JOINT">
                    <matrix sid="matrix">1.000000 -0.000000 0.000000 3.087900 -0.000000 1.000000 0.000000 3.070100 0.000000 0.000000 1.000000 16.773399 0.000000 0.000000 0.000000 1.000000</matrix>
                  </node>
                  <node id="RightEye" name="RightEye" sid="RightEye" type="JOINT">
                    <matrix sid="matrix">1.000000 -0.000000 0.000000 -3.303100 -0.000000 1.000000 0.000000 3.070100 0.000000 0.000000 1.000000 16.773399 0.000000 0.000000 0.000000 1.000000</matrix>
                  </node>
                </node>
              </node>
              <node id="mixamorig_LeftShoulder" name="mixamorig_LeftShoulder" sid="mixamorig_LeftShoulder" type="JOINT">
                <matrix sid="matrix">0.241616 0.851388 -0.465576 12.584900 -0.013106 -0.476884 -0.878868 11.395200 -0.970283 0.218451 -0.104065 -1.453100 0.000000 0.000000 0.000000 1.000000</matrix>
                <node id="mixamorig_LeftArm" name="mixamorig_LeftArm" sid="mixamorig_LeftArm" type="JOINT">
                  <matrix sid="matrix">0.639740 0.751990 0.158885 -0.000000 -0.430359 0.521751 -0.736591 15.319300 -0.636807 0.402850 0.657411 0.000000 0.000000 0.000000 0.000000 1.000000</matrix>
                  <node id="mixamorig_LeftForeArm" name="mixamorig_LeftForeArm" sid="mixamorig_LeftForeArm" type="JOINT">
                    <matrix sid="matrix">0.106425 -0.994321 -0.000000 0.000000 0.994321 0.106425 0.000000 34.109299 -0.000000 -0.000000 1.000000 -0.000000 0.000000 0.000000 0.000000 1.000000</matrix>
                    <node id="mixamorig_LeftHand" name="mixamorig_LeftHand" sid="mixamorig_LeftHand" type="JOINT">
                      <matrix sid="matrix">0.975381 0.058622 -0.212591 0.000000 -0.025925 0.987817 0.153445 41.076000 0.218996 -0.144156 0.965018 0.000000 0.000000 0.000000 0.000000 1.000000</matrix>
                      <node id="mixamorig_LeftHandThumb1" name="mixamorig_LeftHandThumb1" sid="mixamorig_LeftHandThumb1" type="JOINT">
                        <matrix sid="matrix">0.911128 -0.389381 0.135011 -9.706200 0.410685 0.885185 -0.218599 9.904300 -0.034391 0.254619 0.966430 7.213800 0.000000 0.000000 0.000000 1.000000</matrix>
                        <node id="mixamorig_LeftHandThumb2" name="mixamorig_LeftHandThumb2" sid="mixamorig_LeftHandThumb2" type="JOINT">
                          <matrix sid="matrix">0.984814 0.173472 0.006958 0.000000 -0.173508 0.984820 0.004975 2.369000 -0.005989 -0.006107 0.999963 -0.000000 0.000000 0.000000 0.000000 1.000000</matrix>
                          <node id="mixamorig_LeftHandThumb3" name="mixamorig_LeftHandThumb3" sid="mixamorig_LeftHandThumb3" type="JOINT">
                            <matrix sid="matrix">0.999106 0.042140 0.003501 0.000000 -0.042271 0.997500 0.056633 2.785200 -0.001106 -0.056731 0.998389 -0.000000 0.000000 0.000000 0.000000 1.000000</matrix>
                            <node id="mixamorig_LeftHandThumb4" name="mixamorig_LeftHandThumb4" sid="mixamorig_LeftHandThumb4" type="JOINT">
                              <matrix sid="matrix">1.000000 -0.000000 -0.000000 -0.000000 0.000000 1.000000 0.000000 6.195100 -0.000000 0.000000 1.000000 -0.000000 0.000000 0.000000 0.000000 1.000000</matrix>
                            </node>
                          </node>
                        </node>
                      </node>
                      <node id="mixamorig_LeftHandIndex1" name="mixamorig_LeftHandIndex1" sid="mixamorig_LeftHandIndex1" type="JOINT">
                        <matrix sid="matrix">0.999999 0.001503 0.000254 -4.736600 -0.001477 0.996777 -0.080214 18.296801 -0.000374 0.080213 0.996778 0.973500 0.000000 0.000000 0.000000 1.000000</matrix>
                        <node id="mixamorig_LeftHandIndex2" name="mixamorig_LeftHandIndex2" sid="mixamorig_LeftHandIndex2" type="JOINT">
                          <matrix sid="matrix">0.999848 0.017410 -0.001273 0.000000 -0.017410 0.989207 -0.145487 4.697600 -0.001273 0.145487 0.989359 0.000000 0.000000 0.000000 0.000000 1.000000</matrix>
                          <node id="mixamorig_LeftHandIndex3" name="mixamorig_LeftHandIndex3" sid="mixamorig_LeftHandIndex3" type="JOINT">
                            <matrix sid="matrix">0.999989 0.004639 -0.000090 0.000000 -0.004639 0.999238 -0.038763 2.893900 -0.000090 0.038763 0.999248 0.000000 0.000000 0.000000 0.000000 1.000000</matrix>
                            <node id="mixamorig_LeftHandIndex4" name="mixamorig_LeftHandIndex4" sid="mixamorig_LeftHandIndex4" type="JOINT">
                              <matrix sid="matrix">1.000000 0.000000 0.000000 0.000000 0.000000 1.000000 0.000000 6.140600 0.000000 0.000000 1.000000 0.000000 0.000000 0.000000 0.000000 1.000000</matrix>
                            </node>
                          </node>
                        </node>
                      </node>
                      <node id="mixamorig_LeftHandMiddle1" name="mixamorig_LeftHandMiddle1" sid="mixamorig_LeftHandMiddle1" type="JOINT">
                        <matrix sid="matrix">0.999999 0.001469 0.000254 -0.139500 -0.001444 0.996799 -0.079936 17.924500 -0.000371 0.079935 0.996800 0.050800 0.000000 0.000000 0.000000 1.000000</matrix>
                        <node id="mixamorig_LeftHandMiddle2" name="mixamorig_LeftHandMiddle2" sid="mixamorig_LeftHandMiddle2" type="JOINT">
                          <matrix sid="matrix">0.999847 0.017443 -0.001278 0.000000 -0.017443 0.989166 -0.145763 5.001900 -0.001278 0.145763 0.989319 0.000000 0.000000 0.000000 0.000000 1.000000</matrix>
                          <node id="mixamorig_LeftHandMiddle3" name="mixamorig_LeftHandMiddle3" sid="mixamorig_LeftHandMiddle3" type="JOINT">
                            <matrix sid="matrix">0.999989 0.004639 -0.000090 0.000000 -0.004639 0.999238 -0.038763 3.278600 -0.000090 0.038763 0.999248 0.000000 0.000000 0.000000 0.000000 1.000000</matrix>
                            <node id="mixamorig_LeftHandMiddle4" name="mixamorig_LeftHandMiddle4" sid="mixamorig_LeftHandMiddle4" type="JOINT">
                              <matrix sid="matrix">1.000000 0.000000 -0.000000 -0.000000 0.000000 1.000000 -0.000000 4.422900 0.000000 0.000000 1.000000 0.000000 0.000000 0.000000 0.000000 1.000000</matrix>
                            </node>
                          </node>
                        </node>
                      </node>
                      <node id="mixamorig_LeftHandRing1" name="mixamorig_LeftHandRing1" sid="mixamorig_LeftHandRing1" type="JOINT">
                        <matrix sid="matrix">0.999996 0.002854 0.000229 3.988400 -0.002821 0.995806 -0.091443 15.764500 -0.000489 0.091441 0.995810 0.151700 0.000000 0.000000 0.000000 1.000000</matrix>
                        <node id="mixamorig_LeftHandRing2" name="mixamorig_LeftHandRing2" sid="mixamorig_LeftHandRing2" type="JOINT">
                          <matrix sid="matrix">0.999823 0.018743 -0.001477 -0.000000 -0.018743 0.987481 -0.156623 3.497800 -0.001477 0.156623 0.987657 0.000000 0.000000 0.000000 0.000000 1.000000</matrix>
                          <node id="mixamorig_LeftHandRing3" name="mixamorig_LeftHandRing3" sid="mixamorig_LeftHandRing3" type="JOINT">
                            <matrix sid="matrix">0.999972 0.007473 -0.000234 0.000000 -0.007473 0.998020 -0.062446 2.983800 -0.000234 0.062446 0.998048 0.000000 0.000000 0.000000 0.000000 1.000000</matrix>
                            <node id="mixamorig_LeftHandRing4" name="mixamorig_LeftHandRing4" sid="mixamorig_LeftHandRing4" type="JOINT">
                              <matrix sid="matrix">1.000000 0.000000 0.000000 0.000000 -0.000000 1.000000 -0.000000 4.922500 0.000000 -0.000000 1.000000 0.000000 0.000000 0.000000 0.000000 1.000000</matrix>
                            </node>
                          </node>
                        </node>
                      </node>
                      <node id="mixamorig_LeftHandPinky1" name="mixamorig_LeftHandPinky1" sid="mixamorig_LeftHandPinky1" type="JOINT">
                        <matrix sid="matrix">0.997267 0.073874 0.000562 6.663900 -0.073557 0.993635 -0.085316 12.707900 -0.006861 0.085041 0.996354 0.878100 0.000000 0.000000 0.000000 1.000000</matrix>
                        <node id="mixamorig_LeftHandPinky2" name="mixamorig_LeftHandPinky2" sid="mixamorig_LeftHandPinky2" type="JOINT">
                          <matrix sid="matrix">0.998662 -0.050734 0.010046 0.000000 0.051700 0.984485 -0.167680 3.376600 -0.001383 0.167975 0.985790 -0.000000 0.000000 0.000000 0.000000 1.000000</matrix>
                          <node id="mixamorig_LeftHandPinky3" name="mixamorig_LeftHandPinky3" sid="mixamorig_LeftHandPinky3" type="JOINT">
                            <matrix sid="matrix">0.999969 0.007807 -0.000255 0.000000 -0.007807 0.997839 -0.065238 2.998500 -0.000255 0.065238 0.997870 -0.000000 0.000000 0.000000 0.000000 1.000000</matrix>
                            <node id="mixamorig_LeftHandPinky4" name="mixamorig_LeftHandPinky4" sid="mixamorig_LeftHandPinky4" type="JOINT">
                              <matrix sid="matrix">1.000000 -0.000000 0.000000 0.000000 0.000000 1.000000 -0.000000 5.798100 -0.000000 -0.000000 1.000000 0.000000 0.000000 0.000000 0.000000 1.000000</matrix>
                            </node>
                          </node>
                        </node>
                      </node>
                    </node>
                  </node>
                </node>
              </node>
              <node id="mixamorig_RightShoulder" name="mixamorig_RightShoulder" sid="mixamorig_RightShoulder" type="JOINT">
                <matrix sid="matrix">0.213955 -0.843373 0.492895 -12.584900 0.032549 -0.498144 -0.866483 11.394900 0.976301 0.201431 -0.079129 -1.453100 0.000000 0.000000 0.000000 1.000000</matrix>
                <node id="mixamorig_RightArm" name="mixamorig_RightArm" sid="mixamorig_RightArm" type="JOINT">
                  <matrix sid="matrix">0.994401 0.010584 0.105139 0.000000 0.044736 0.859244 -0.509606 15.319300 -0.095733 0.511456 0.853960 0.000000 0.000000 0.000000 0.000000 1.000000</matrix>
                  <node id="mixamorig_RightForeArm" name="mixamorig_RightForeArm" sid="mixamorig_RightForeArm" type="JOINT">
                    <matrix sid="matrix">-0.235091 0.971973 0.000000 -0.000000 -0.971973 -0.235091 0.000000 34.109299 0.000000 -0.000000 1.000000 -0.000000 0.000000 0.000000 0.000000 1.000000</matrix>
                    <node id="mixamorig_RightHand" name="mixamorig_RightHand" sid="mixamorig_RightHand" type="JOINT">
                      <matrix sid="matrix">0.967787 -0.240230 0.075347 -0.000000 0.192866 0.899757 0.391459 41.076000 -0.161834 -0.364318 0.917105 0.000000 0.000000 0.000000 0.000000 1.000000</matrix>
                      <node id="mixamorig_RightHandThumb1" name="mixamorig_RightHandThumb1" sid="mixamorig_RightHandThumb1" type="JOINT">
                        <matrix sid="matrix">0.893066 0.405217 -0.195531 9.706200 -0.443774 0.864945 -0.234382 9.903700 0.074148 0.296090 0.952278 7.214200 0.000000 0.000000 0.000000 1.000000</matrix>
                        <node id="mixamorig_RightHandThumb2" name="mixamorig_RightHandThumb2" sid="mixamorig_RightHandThumb2" type="JOINT">
                          <matrix sid="matrix">0.979257 -0.202429 -0.008866 -0.000000 0.202551 0.979137 0.016232 2.369600 0.005395 -0.017691 0.999829 0.000000 0.000000 0.000000 0.000000 1.000000</matrix>
                          <node id="mixamorig_RightHandThumb3" name="mixamorig_RightHandThumb3" sid="mixamorig_RightHandThumb3" type="JOINT">
                            <matrix sid="matrix">0.999855 -0.016850 -0.002651 0.000000 0.016993 0.997486 0.068799 2.785100 0.001485 -0.068834 0.997627 -0.000000 0.000000 0.000000 0.000000 1.000000</matrix>
                            <node id="mixamorig_RightHandThumb4" name="mixamorig_RightHandThumb4" sid="mixamorig_RightHandThumb4" type="JOINT">
                              <matrix sid="matrix">1.000000 0.000000 -0.000000 0.000000 0.000000 1.000000 -0.000000 6.195100 -0.000000 0.000000 1.000000 0.000000 0.000000 0.000000 0.000000 1.000000</matrix>
                            </node>
                          </node>
                        </node>
                      </node>
                      <node id="mixamorig_RightHandIndex1" name="mixamorig_RightHandIndex1" sid="mixamorig_RightHandIndex1" type="JOINT">
                        <matrix sid="matrix">0.999999 0.001065 -0.000257 4.736600 -0.001078 0.998295 -0.058358 18.296400 0.000194 0.058358 0.998296 0.973900 0.000000 0.000000 0.000000 1.000000</matrix>
                        <node id="mixamorig_RightHandIndex2" name="mixamorig_RightHandIndex2" sid="mixamorig_RightHandIndex2" type="JOINT">
                          <matrix sid="matrix">0.999818 -0.019041 0.001510 0.000000 0.019041 0.987325 -0.157567 4.698000 0.001510 0.157567 0.987507 0.000000 0.000000 0.000000 0.000000 1.000000</matrix>
                          <node id="mixamorig_RightHandIndex3" name="mixamorig_RightHandIndex3" sid="mixamorig_RightHandIndex3" type="JOINT">
                            <matrix sid="matrix">0.999994 -0.003354 0.000046 -0.000000 0.003354 0.999609 -0.027751 2.894000 0.000047 0.027751 0.999615 0.000000 0.000000 0.000000 0.000000 1.000000</matrix>
                            <node id="mixamorig_RightHandIndex4" name="mixamorig_RightHandIndex4" sid="mixamorig_RightHandIndex4" type="JOINT">
                              <matrix sid="matrix">1.000000 -0.000000 -0.000000 0.000000 -0.000000 1.000000 -0.000000 6.140000 -0.000000 0.000000 1.000000 0.000000 0.000000 0.000000 0.000000 1.000000</matrix>
                            </node>
                          </node>
                        </node>
                      </node>
                      <node id="mixamorig_RightHandMiddle1" name="mixamorig_RightHandMiddle1" sid="mixamorig_RightHandMiddle1" type="JOINT">
                        <matrix sid="matrix">0.999999 0.001065 -0.000257 0.139500 -0.001078 0.998295 -0.058358 17.923901 0.000194 0.058358 0.998296 0.051600 0.000000 0.000000 0.000000 1.000000</matrix>
                        <node id="mixamorig_RightHandMiddle2" name="mixamorig_RightHandMiddle2" sid="mixamorig_RightHandMiddle2" type="JOINT">
                          <matrix sid="matrix">0.999818 -0.019041 0.001510 0.000000 0.019041 0.987325 -0.157567 5.002000 0.001510 0.157567 0.987507 0.000000 0.000000 0.000000 0.000000 1.000000</matrix>
                          <node id="mixamorig_RightHandMiddle3" name="mixamorig_RightHandMiddle3" sid="mixamorig_RightHandMiddle3" type="JOINT">
                            <matrix sid="matrix">0.999994 -0.003354 0.000047 0.000000 0.003354 0.999609 -0.027751 3.279000 0.000046 0.027751 0.999615 0.000000 0.000000 0.000000 0.000000 1.000000</matrix>
                            <node id="mixamorig_RightHandMiddle4" name="mixamorig_RightHandMiddle4" sid="mixamorig_RightHandMiddle4" type="JOINT">
                              <matrix sid="matrix">1.000000 -0.000000 0.000000 0.000000 0.000000 1.000000 0.000000 4.423000 0.000000 0.000000 1.000000 0.000000 0.000000 0.000000 0.000000 1.000000</matrix>
                            </node>
                          </node>
                        </node>
                      </node>
                      <node id="mixamorig_RightHandRing1" name="mixamorig_RightHandRing1" sid="mixamorig_RightHandRing1" type="JOINT">
                        <matrix sid="matrix">0.999999 0.001065 -0.000256 -3.988400 -0.001078 0.998295 -0.058358 15.764000 0.000194 0.058358 0.998296 0.151600 0.000000 0.000000 0.000000 1.000000</matrix>
                        <node id="mixamorig_RightHandRing2" name="mixamorig_RightHandRing2" sid="mixamorig_RightHandRing2" type="JOINT">
                          <matrix sid="matrix">0.999818 -0.019041 0.001509 0.000000 0.019041 0.987325 -0.157567 3.498000 0.001510 0.157567 0.987507 0.000000 0.000000 0.000000 0.000000 1.000000</matrix>
                          <node id="mixamorig_RightHandRing3" name="mixamorig_RightHandRing3" sid="mixamorig_RightHandRing3" type="JOINT">
                            <matrix sid="matrix">0.999994 -0.003354 0.000047 0.000000 0.003354 0.999609 -0.027752 2.984000 0.000047 0.027751 0.999615 0.000000 0.000000 0.000000 0.000000 1.000000</matrix>
                            <node id="mixamorig_RightHandRing4" name="mixamorig_RightHandRing4" sid="mixamorig_RightHandRing4" type="JOINT">
                              <matrix sid="matrix">1.000000 -0.000000 0.000000 0.000000 0.000000 1.000000 0.000000 4.922000 0.000000 0.000000 1.000000 0.000000 0.000000 0.000000 0.000000 1.000000</matrix>
                            </node>
                          </node>
                        </node>
                      </node>
                      <node id="mixamorig_RightHandPinky1" name="mixamorig_RightHandPinky1" sid="mixamorig_RightHandPinky1" type="JOINT">
                        <matrix sid="matrix">0.999999 0.001065 -0.000258 -6.663900 -0.001078 0.998295 -0.058358 12.707500 0.000195 0.058358 0.998296 0.878800 0.000000 0.000000 0.000000 1.000000</matrix>
                        <node id="mixamorig_RightHandPinky2" name="mixamorig_RightHandPinky2" sid="mixamorig_RightHandPinky2" type="JOINT">
                          <matrix sid="matrix">0.999818 -0.019041 0.001510 0.000000 0.019041 0.987325 -0.157567 3.377000 0.001510 0.157567 0.987507 0.000000 0.000000 0.000000 0.000000 1.000000</matrix>
                          <node id="mixamorig_RightHandPinky3" name="mixamorig_RightHandPinky3" sid="mixamorig_RightHandPinky3" type="JOINT">
                            <matrix sid="matrix">0.999994 -0.003354 0.000046 0.000000 0.003354 0.999609 -0.027752 2.998000 0.000047 0.027752 0.999615 0.000000 0.000000 0.000000 0.000000 1.000000</matrix>
                            <node id="mixamorig_RightHandPinky4" name="mixamorig_RightHandPinky4" sid="mixamorig_RightHandPinky4" type="JOINT">
                              <matrix sid="matrix">1.000000 -0.000000 -0.000000 0.000000 0.000000 1.000000 0.000000 5.798000 -0.000000 0.000000 1.000000 0.000000 0.000000 0.000000 0.000000 1.000000</matrix>
                            </node>
                          </node>
                        </node>
                      </node>
                    </node>
                  </node>
                </node>
              </node>
            </node>
            <node id="mixamorig_L_horn1" name="mixamorig_L_horn1" sid="mixamorig_L_horn1" type="JOINT">
              <matrix sid="matrix">0.602488 0.000515 0.798128 1.847600 -0.698753 0.483576 0.527160 4.379700 -0.385684 -0.875302 0.291709 -10.115900 0.000000 0.000000 0.000000 1.000000</matrix>
              <node id="mixamorig_L_horn2" name="mixamorig_L_horn2" sid="mixamorig_L_horn2" type="JOINT">
                <matrix sid="matrix">1.000000 -0.000000 0.000000 20.340599 0.000000 1.000000 -0.000000 -0.000000 -0.000000 0.000000 1.000000 0.000000 0.000000 0.000000 0.000000 1.000000</matrix>
              </node>
            </node>
            <node id="mixamorig_R_horn1" name="mixamorig_R_horn1" sid="mixamorig_R_horn1" type="JOINT">
              <matrix sid="matrix">-0.591028 -0.129171 0.796242 -3.147700 -0.778219 0.351067 -0.520699 4.536700 -0.212275 -0.927398 -0.308014 -10.290500 0.000000 0.000000 0.000000 1.000000</matrix>
              <node id="mixamorig_R_horn2" name="mixamorig_R_horn2" sid="mixamorig_R_horn2" type="JOINT">
                <matrix sid="matrix">1.000000 -0.000000 0.000000 21.374399 -0.000000 1.000000 -0.000000 0.000000 -0.000000 0.000000 1.000000 0.000000 0.000000 0.000000 0.000000 1.000000</matrix>
              </node>
            </node>
          </node>
        </node>
        <node id="mixamorig_LeftUpLeg" name="mixamorig_LeftUpLeg" sid="mixamorig_LeftUpLeg" type="JOINT">
          <matrix sid="matrix">-0.964779 0.200032 -0.170847 13.026900 -0.219876 -0.256644 0.941163 -6.336300 0.144416 0.945580 0.291587 -1.092800 0.000000 0.000000 0.000000 1.000000</matrix>
          <node id="mixamorig_LeftLeg" name="mixamorig_LeftLeg" sid="mixamorig_LeftLeg" type="JOINT">
            <matrix sid="matrix">0.995398 0.084406 0.045376 0.000000 0.029505 -0.720445 0.692885 46.951000 0.091175 -0.688357 -0.719619 0.000000 0.000000 0.000000 0.000000 1.000000</matrix>
            <node id="mixamorig_LeftFoot" name="mixamorig_LeftFoot" sid="mixamorig_LeftFoot" type="JOINT">
              <matrix sid="matrix">0.993538 -0.047391 0.103130 0.000000 0.094397 0.849529 -0.519027 55.112000 -0.063015 0.525409 0.848513 0.000000 0.000000 0.000000 0.000000 1.000000</matrix>
              <node id="mixamorig_LeftToeBase" name="mixamorig_LeftToeBase" sid="mixamorig_LeftToeBase" type="JOINT">
                <matrix sid="matrix">1.000000 -0.000000 0.000002 0.000000 0.000001 0.714204 -0.699937 22.799999 -0.000001 0.699937 0.714204 0.000000 0.000000 0.000000 0.000000 1.000000</matrix>
                <node id="mixamorig_LeftToe_End" name="mixamorig_LeftToe_End" sid="mixamorig_LeftToe_End" type="JOINT">
                  <matrix sid="matrix">1.000000 0.000000 -0.000000 0.000000 -0.000000 1.000000 0.000000 9.596000 0.000000 0.000000 1.000000 0.000000 0.000000 0.000000 0.000000 1.000000</matrix>
                </node>
              </node>
            </node>
          </node>
        </node>
        <node id="mixamorig_RightUpLeg" name="mixamorig_RightUpLeg" sid="mixamorig_RightUpLeg" type="JOINT">
          <matrix sid="matrix">-0.987137 0.107533 -0.118309 -12.883000 -0.138497 -0.944842 0.296805 -6.336200 -0.079867 0.309372 0.947581 -1.092800 0.000000 0.000000 0.000000 1.000000</matrix>
          <node id="mixamorig_RightLeg" name="mixamorig_RightLeg" sid="mixamorig_RightLeg" type="JOINT">
            <matrix sid="matrix">0.997612 0.040478 -0.055967 0.000000 0.041180 0.301971 0.952427 46.951099 0.055453 -0.952457 0.299583 0.000000 0.000000 0.000000 0.000000 1.000000</matrix>
            <node id="mixamorig_RightFoot" name="mixamorig_RightFoot" sid="mixamorig_RightFoot" type="JOINT">
              <matrix sid="matrix">0.991565 0.000159 -0.129607 -0.000000 -0.129306 0.069276 -0.989182 55.112000 0.008821 0.997598 0.068712 0.000000 0.000000 0.000000 0.000000 1.000000</matrix>
              <node id="mixamorig_RightToeBase" name="mixamorig_RightToeBase" sid="mixamorig_RightToeBase" type="JOINT">
                <matrix sid="matrix">1.000000 -0.000002 0.000001 0.000000 0.000002 0.382395 -0.923999 22.799999 0.000001 0.923999 0.382395 -0.000000 0.000000 0.000000 0.000000 1.000000</matrix>
                <node id="mixamorig_RightToe_End" name="mixamorig_RightToe_End" sid="mixamorig_RightToe_End" type="JOINT">
                  <matrix sid="matrix">1.000000 0.000000 0.000000 -0.000000 0.000000 1.000000 -0.000000 9.596000 0.000000 -0.000000 1.000000 -0.000000 0.000000 0.000000 0.000000 1.000000</matrix>
                </node>
              </node>
            </node>
          </node>
        </node>
        <node id="mixamorig_L_C_skirt1" name="mixamorig_L_C_skirt1" sid="mixamorig_L_C_skirt1" type="JOINT">
          <matrix sid="matrix">0.035066 0.292039 0.955763 12.441200 -0.989026 0.147481 -0.008777 4.607000 -0.143520 -0.944967 0.294006 -11.833000 0.000000 0.000000 0.000000 1.000000</matrix>
          <node id="mixamorig_L_C_skirt2" name="mixamorig_L_C_skirt2" sid="mixamorig_L_C_skirt2" type="JOINT">
            <matrix sid="matrix">1.000000 -0.000000 -0.000000 27.657801 0.000000 1.000000 -0.000000 0.000000 -0.000000 0.000000 1.000000 0.000000 0.000000 0.000000 0.000000 1.000000</matrix>
            <node id="mixamorig_L_C_skirt3" name="mixamorig_L_C_skirt3" sid="mixamorig_L_C_skirt3" type="JOINT">
              <matrix sid="matrix">1.000000 0.000000 0.000000 23.970100 0.000000 1.000000 -0.000000 0.000000 -0.000000 0.000000 1.000000 -0.000000 0.000000 0.000000 0.000000 1.000000</matrix>
              <node id="mixamorig_L_C_skirt4" name="mixamorig_L_C_skirt4" sid="mixamorig_L_C_skirt4" type="JOINT">
                <matrix sid="matrix">1.000000 -0.000000 -0.000000 30.792400 0.000000 1.000000 -0.000000 0.000000 -0.000000 -0.000000 1.000000 0.000000 0.000000 0.000000 0.000000 1.000000</matrix>
              </node>
            </node>
          </node>
        </node>
        <node id="mixamorig_L_A_skirt1" name="mixamorig_L_A_skirt1" sid="mixamorig_L_A_skirt1" type="JOINT">
          <matrix sid="matrix">0.142123 0.623442 -0.768844 18.178400 -0.988646 0.051128 -0.141295 3.981100 -0.048780 0.780196 0.623630 19.504801 0.000000 0.000000 0.000000 1.000000</matrix>
          <node id="mixamorig_L_A_skirt2" name="mixamorig_L_A_skirt2" sid="mixamorig_L_A_skirt2" type="JOINT">
            <matrix sid="matrix">1.000000 -0.000000 0.000000 27.335699 0.000000 1.000000 0.000000 0.000000 -0.000000 -0.000000 1.000000 0.000000 0.000000 0.000000 0.000000 1.000000</matrix>
            <node id="mixamorig_L_A_skirt3" name="mixamorig_L_A_skirt3" sid="mixamorig_L_A_skirt3" type="JOINT">
              <matrix sid="matrix">1.000000 -0.000000 0.000000 27.066099 -0.000000 1.000000 0.000000 0.000000 -0.000000 -0.000000 1.000000 0.000000 0.000000 0.000000 0.000000 1.000000</matrix>
              <node id="mixamorig_L_A_skirt4" name="mixamorig_L_A_skirt4" sid="mixamorig_L_A_skirt4" type="JOINT">
                <matrix sid="matrix">1.000000 -0.000000 0.000000 30.881599 0.000000 1.000000 -0.000000 0.000000 -0.000000 0.000000 1.000000 0.000000 0.000000 0.000000 0.000000 1.000000</matrix>
              </node>
            </node>
          </node>
        </node>
        <node id="mixamorig_L_B_skirt1" name="mixamorig_L_B_skirt1" sid="mixamorig_L_B_skirt1" type="JOINT">
          <matrix sid="matrix">0.142186 0.942169 0.303482 22.933800 -0.985105 0.164643 -0.049605 6.145800 -0.096702 -0.291908 0.951545 0.309300 0.000000 0.000000 0.000000 1.000000</matrix>
          <node id="mixamorig_L_B_skirt2" name="mixamorig_L_B_skirt2" sid="mixamorig_L_B_skirt2" type="JOINT">
            <matrix sid="matrix">1.000000 0.000000 0.000000 27.083401 0.000000 1.000000 0.000000 0.000000 0.000000 -0.000000 1.000000 -0.000000 0.000000 0.000000 0.000000 1.000000</matrix>
            <node id="mixamorig_L_B_skirt3" name="mixamorig_L_B_skirt3" sid="mixamorig_L_B_skirt3" type="JOINT">
              <matrix sid="matrix">1.000000 0.000000 0.000000 26.734800 0.000000 1.000000 0.000000 0.000000 0.000000 -0.000000 1.000000 0.000000 0.000000 0.000000 0.000000 1.000000</matrix>
              <node id="mixamorig_L_B_skirt4" name="mixamorig_L_B_skirt4" sid="mixamorig_L_B_skirt4" type="JOINT">
                <matrix sid="matrix">1.000000 0.000000 0.000000 29.821199 -0.000000 1.000000 0.000000 0.000000 0.000000 -0.000000 1.000000 0.000000 0.000000 0.000000 0.000000 1.000000</matrix>
              </node>
            </node>
          </node>
        </node>
        <node id="mixamorig_R_C_skirt1" name="mixamorig_R_C_skirt1" sid="mixamorig_R_C_skirt1" type="JOINT">
          <matrix sid="matrix">-0.035070 -0.292039 0.955763 -12.297300 -0.989026 0.147482 0.008774 4.606800 -0.143520 -0.944967 -0.294006 -11.833000 0.000000 0.000000 0.000000 1.000000</matrix>
          <node id="mixamorig_R_C_skirt2" name="mixamorig_R_C_skirt2" sid="mixamorig_R_C_skirt2" type="JOINT">
            <matrix sid="matrix">1.000000 0.000000 0.000000 27.657600 -0.000000 1.000000 0.000000 0.000100 0.000000 0.000000 1.000000 0.000000 0.000000 0.000000 0.000000 1.000000</matrix>
            <node id="mixamorig_R_C_skirt3" name="mixamorig_R_C_skirt3" sid="mixamorig_R_C_skirt3" type="JOINT">
              <matrix sid="matrix">1.000000 0.000000 0.000000 23.969999 -0.000000 1.000000 0.000000 0.000000 0.000000 0.000000 1.000000 0.000100 0.000000 0.000000 0.000000 1.000000</matrix>
              <node id="mixamorig_R_C_skirt4" name="mixamorig_R_C_skirt4" sid="mixamorig_R_C_skirt4" type="JOINT">
                <matrix sid="matrix">1.000000 0.000000 0.000000 30.792400 -0.000000 1.000000 0.000000 0.000000 -0.000000 0.000000 1.000000 -0.000000 0.000000 0.000000 0.000000 1.000000</matrix>
              </node>
            </node>
          </node>
        </node>
        <node id="mixamorig_R_A_skirt1" name="mixamorig_R_A_skirt1" sid="mixamorig_R_A_skirt1" type="JOINT">
          <matrix sid="matrix">-0.142126 -0.623440 -0.768845 -18.034500 -0.988646 0.051130 0.141298 3.980800 -0.048780 0.780197 -0.623629 19.504801 0.000000 0.000000 0.000000 1.000000</matrix>
          <node id="mixamorig_R_A_skirt2" name="mixamorig_R_A_skirt2" sid="mixamorig_R_A_skirt2" type="JOINT">
            <matrix sid="matrix">1.000000 -0.000000 -0.000000 27.335400 -0.000000 1.000000 -0.000000 -0.000100 0.000000 -0.000000 1.000000 0.000100 0.000000 0.000000 0.000000 1.000000</matrix>
            <node id="mixamorig_R_A_skirt3" name="mixamorig_R_A_skirt3" sid="mixamorig_R_A_skirt3" type="JOINT">
              <matrix sid="matrix">1.000000 -0.000000 0.000000 27.066099 0.000000 1.000000 0.000000 0.000100 -0.000000 -0.000000 1.000000 -0.000000 0.000000 0.000000 0.000000 1.000000</matrix>
              <node id="mixamorig_R_A_skirt4" name="mixamorig_R_A_skirt4" sid="mixamorig_R_A_skirt4" type="JOINT">
                <matrix sid="matrix">1.000000 -0.000000 0.000000 30.881599 -0.000000 1.000000 0.000000 0.000000 -0.000000 0.000000 1.000000 0.000000 0.000000 0.000000 0.000000 1.000000</matrix>
              </node>
            </node>
          </node>
        </node>
        <node id="mixamorig_R_B_skirt1" name="mixamorig_R_B_skirt1" sid="mixamorig_R_B_skirt1" type="JOINT">
          <matrix sid="matrix">-0.142189 -0.942168 0.303482 -22.789900 -0.985105 0.164647 0.049604 6.145800 -0.096702 -0.291908 -0.951545 0.309300 0.000000 0.000000 0.000000 1.000000</matrix>
          <node id="mixamorig_R_B_skirt2" name="mixamorig_R_B_skirt2" sid="mixamorig_R_B_skirt2" type="JOINT">
            <matrix sid="matrix">1.000000 -0.000000 0.000000 27.083401 0.000000 1.000000 0.000000 0.000000 0.000000 0.000000 1.000000 0.000000 0.000000 0.000000 0.000000 1.000000</matrix>
            <node id="mixamorig_R_B_skirt3" name="mixamorig_R_B_skirt3" sid="mixamorig_R_B_skirt3" type="JOINT">
              <matrix sid="matrix">1.000000 0.000000 0.000000 26.734699 0.000000 1.000000 0.000000 0.000000 0.000000 0.000000 1.000000 0.000000 0.000000 0.000000 0.000000 1.000000</matrix>
              <node id="mixamorig_R_B_skirt4" name="mixamorig_R_B_skirt4" sid="mixamorig_R_B_skirt4" type="JOINT">
                <matrix sid="matrix">1.000000 -0.000000 -0.000000 29.821199 0.000000 1.000000 0.000000 -0.000000 -0.000000 0.000000 1.000000 0.000000 0.000000 0.000000 0.000000 1.000000</matrix>
              </node>
            </node>
          </node>
        </node>
        <node id="mixamorig_F_skirt1" name="mixamorig_F_skirt1" sid="mixamorig_F_skirt1" type="JOINT">
          <matrix sid="matrix">-0.000002 0.000000 -1.000000 -0.093700 -0.998606 0.052777 0.000002 -3.741800 0.052777 0.998606 0.000000 24.067699 0.000000 0.000000 0.000000 1.000000</matrix>
          <node id="mixamorig_F_skirt2" name="mixamorig_F_skirt2" sid="mixamorig_F_skirt2" type="JOINT">
            <matrix sid="matrix">1.000000 -0.000000 0.000000 23.567801 0.000000 1.000000 0.000000 0.000000 -0.000000 0.000000 1.000000 0.000000 0.000000 0.000000 0.000000 1.000000</matrix>
            <node id="mixamorig_F_skirt3" name="mixamorig_F_skirt3" sid="mixamorig_F_skirt3" type="JOINT">
              <matrix sid="matrix">1.000000 -0.000000 0.000000 23.545500 0.000000 1.000000 0.000000 0.000000 -0.000000 0.000000 1.000000 0.000000 0.000000 0.000000 0.000000 1.000000</matrix>
              <node id="mixamorig_F_skirt4" name="mixamorig_F_skirt4" sid="mixamorig_F_skirt4" type="JOINT">
                <matrix sid="matrix">1.000000 0.000000 0.000000 24.919500 0.000000 1.000000 -0.000000 0.000000 0.000000 0.000000 1.000000 0.000000 0.000000 0.000000 0.000000 1.000000</matrix>
              </node>
            </node>
          </node>
        </node>
      </node>
    </visual_scene>
  </library_visual_scenes>
  <scene>
    <instance_visual_scene url="#RootNode"/>
  </scene>
</COLLADA>
